<?xml version="1.0"?>
<COLLADA xmlns="http://www.collada.org/2005/11/COLLADASchema" version="1.4.1">
	<asset>
		<contributor>
			<author>Assimp</author>
			<authoring_tool>Assimp Exporter</authoring_tool>
		</contributor>
		<created>2022-02-02T17:41:45</created>
		<modified>2022-02-02T17:41:45</modified>
		<unit name="meter" meter="1.000000" />
		<up_axis>Y_UP</up_axis>
	</asset>
	<library_effects>
		<effect id="DefaultMaterial-fx" name="DefaultMaterial">
			<profile_COMMON>
				<technique sid="standard">
					<phong>
						<diffuse>
							<color sid="diffuse">0.600000   0.600000   0.600000   1.000000</color>
						</diffuse>
					</phong>
				</technique>
			</profile_COMMON>
		</effect>
	</library_effects>
	<library_materials>
		<material id="DefaultMaterial" name="DefaultMaterial">
			<instance_effect url="#DefaultMaterial-fx"/>
		</material>
	</library_materials>
	<library_geometries>
		<geometry id="meshId0" name="meshId0_name" >
			<mesh>
				<source id="meshId0-positions" name="meshId0-positions">
					<float_array id="meshId0-positions-array" count="16656"> 
						1.661365 0.588455 -1.891533 1.702077 0.588455 -1.886207 1.745418 0.629117 -1.883477 1.734247 0.669290 -1.886542 1.661365 0.684563 -1.891533 -1.739163 -0.588455 -0.281814 -1.718339 -0.588455 -0.281814 -1.606431 -0.588455 -0.281814 -1.704976 -0.588455 -0.281814 1.319566 0.609381 -0.406378 1.584703 0.609416 -0.406378 1.584703 0.676927 -0.406378 1.319589 0.676950 -0.406378 -1.341329 0.609286 -0.281814 -1.341329 0.609288 -0.182192 -1.341329 0.676996 -0.182192 -1.341329 0.676991 -0.281814 0.594586 -0.588455 -0.182192 0.594586 -0.588455 -0.281814 0.594586 -0.488704 -0.281814 0.594586 -0.488704 -0.182192 -1.739163 -0.588455 -0.182192 -1.739163 -0.588455 -0.260989 -1.739163 -0.588455 -0.281814 0.524543 -0.588455 -0.536601 0.524543 -0.588455 -0.406378 0.425839 -0.588455 -0.406378 0.425839 -0.588455 -0.536601 0.405015 0.676986 -0.281814 0.405015 0.676977 -0.401210 0.403722 0.681811 -0.407671 0.402225 0.687409 -0.409168 0.402225 0.687414 -0.281814 -1.606431 0.609283 -0.406378 -1.473698 0.609284 -0.406378 -1.473698 0.676976 -0.406378 -1.606431 0.676964 -0.406378 -1.473698 -0.609284 -0.406378 -1.606431 -0.609283 -0.406378 -1.606431 -0.676964 -0.406378 -1.473698 -0.676976 -0.406378 0.929181 -0.609397 -0.557425 0.594586 -0.609384 -0.557425 0.594586 -0.676948 -0.557425 0.929305 -0.676939 -0.557425 1.589871 0.610273 -1.821450 1.410719 0.610597 -1.821450 1.410719 0.676158 -1.821450 1.589871 0.676369 -1.821450 0.924594 -0.610853 -1.821450 1.410719 -0.610597 -1.821450 1.410719 -0.676158 -1.821450 0.924594 -0.675991 -1.821450 -0.169857 -0.610104 -2.090664 -0.365487 -0.609596 -2.160296 -0.370025 -0.604149 -2.159446 -0.368521 -0.599018 -2.156580 -0.169938 -0.599276 -2.087886 1.589871 -0.610273 -1.821450 1.589871 -0.610029 -1.685597 1.589871 -0.676528 -1.685597 1.589871 -0.676369 -1.821450 1.663594 -0.588455 -1.833893 1.663594 -0.588455 -1.685597 
						1.610695 -0.588455 -1.685597 1.610695 -0.588455 -1.842603 1.588582 -0.681734 -0.558714 1.584703 -0.676898 -0.557425 1.319495 -0.676929 -0.557425 1.319497 -0.687386 -0.560215 1.587081 -0.687370 -0.560215 0.512489 -0.676955 -0.557425 0.410182 -0.676964 -0.557425 0.403722 -0.681799 -0.558717 0.402225 -0.687404 -0.560215 0.511798 -0.687399 -0.560215 0.524543 0.588455 -0.281814 0.524543 0.588455 -0.182192 0.594586 0.588455 -0.182192 0.594586 0.588455 -0.281814 0.405015 -0.609339 -0.406378 0.405015 -0.609324 -0.281814 0.405015 -0.676986 -0.281814 0.405015 -0.676977 -0.406378 1.589871 -0.609522 -0.760880 1.589871 -0.609464 -0.562593 1.589871 -0.676897 -0.562593 1.589871 -0.676859 -0.760880 1.589871 0.609462 -0.557425 1.589871 0.609522 -0.760880 1.589871 0.676859 -0.760880 1.589871 0.676898 -0.557425 1.589871 0.610029 -1.685597 1.589871 0.610273 -1.821450 1.589871 0.676369 -1.821450 1.589871 0.676528 -1.685597 1.661365 -0.588455 -1.891533 1.606906 -0.588455 -1.898658 -0.514020 -0.588455 1.688841 -0.514020 -0.588455 1.746413 -1.341329 -0.588455 1.201468 -1.362153 -0.588455 1.150963 -0.514020 0.588455 1.688841 -0.514020 0.588455 1.746413 -0.371616 0.588455 1.840214 -0.371616 0.588455 1.778987 -0.171283 -0.598878 1.759056 -0.371616 -0.598877 1.759059 -0.371616 -0.609299 1.755976 -0.171143 -0.609300 1.755976 -1.730542 0.609283 -0.406378 -1.772837 0.651579 -0.406378 -0.514020 -0.609294 1.665655 -1.336812 -0.609291 1.143793 -1.336812 -0.676998 1.143793 -0.514020 -0.676999 1.665655 -0.168121 0.609300 1.755976 0.399846 0.609305 1.755976 0.399846 0.676996 1.755976 -0.150796 0.676997 1.755976 0.964652 -0.588455 1.755976 0.964652 -0.588455 1.840214 0.594586 -0.588455 1.840214 0.594586 -0.588455 1.755976 0.402224 -0.687419 1.752904 0.402225 -0.687417 -0.182192 0.405014 -0.676992 -0.182192 0.405015 -0.676996 1.750808 
						0.403729 -0.681797 1.754561 -0.371616 -0.609299 1.755976 -0.371616 -0.676998 1.755976 1.402933 0.588455 1.755976 1.402933 0.588455 1.840214 1.579791 0.488704 1.840214 1.579791 0.488704 1.755976 1.334718 0.588455 1.755976 1.334718 0.588455 1.840214 0.964652 -0.588455 1.755976 0.594586 -0.588455 1.755976 0.594586 -0.488705 1.755976 1.045619 -0.488705 1.755976 -1.344119 -0.598870 -0.403588 -1.473698 -0.598869 -0.403588 -1.346497 -0.609285 -0.406378 -1.342623 -0.604452 -0.405084 0.594586 -0.588455 1.755976 0.594586 -0.488705 1.755976 1.579791 -0.488705 1.755976 1.579791 -0.488704 1.840214 1.402933 -0.588455 1.840214 1.402933 -0.588455 1.755976 -1.341329 -0.609288 -0.182192 -1.341329 -0.609286 -0.281814 -1.341329 -0.676991 -0.281814 -1.341329 -0.676996 -0.182192 0.405014 0.609313 -0.182192 0.405015 0.609324 -0.281814 0.405014 0.676992 -0.182192 0.524543 -0.588455 1.765492 0.515899 -0.588455 1.840214 0.405015 -0.588455 1.840214 0.425839 -0.588455 1.778903 1.170200 0.609376 -0.406378 1.170261 0.676953 -0.406378 0.405015 -0.611595 -1.886046 0.405015 -0.675507 -1.886046 -0.167646 -0.666830 -2.112175 0.594586 0.488704 -0.182192 0.594586 0.488705 -0.281814 0.594586 0.588455 -0.281814 0.594586 0.588455 -0.182192 1.045619 0.488704 1.755976 0.594586 0.488704 1.755976 0.594586 0.588455 1.755976 0.964652 0.588455 1.755976 0.524543 -0.588455 -0.281814 0.425839 -0.588455 -0.281814 -1.341329 -0.676986 -0.401210 -1.340036 -0.681819 -0.407671 -1.338539 -0.687414 -0.409168 -1.338539 -0.687417 -0.281814 -1.718339 0.588455 -0.385554 -1.718339 0.588455 -0.281814 -1.606431 0.588455 -0.281814 -1.606431 0.588455 -0.385554 0.405014 -0.609313 -0.182192 1.702331 0.588455 -1.827515 1.663594 0.588455 -1.833893 1.663594 0.610205 -1.833893 1.719034 0.606743 -1.826243 0.517057 0.598902 -0.403588 0.594586 0.598906 -0.403588 
						0.594586 0.609358 -0.406378 0.516366 0.609350 -0.406378 0.405014 -0.609357 -0.552257 0.405014 -0.676965 -0.552257 0.594586 0.488704 1.755976 0.594586 0.244352 1.755976 0.594586 0.244352 -0.182192 0.594586 0.000000 1.755976 0.594586 0.000000 -0.182192 0.594586 -0.244352 1.755976 0.594586 -0.244352 -0.182192 0.594586 0.588455 1.755976 0.594586 0.244352 -0.281814 0.594586 0.000000 -0.281814 0.594586 -0.244352 -0.281814 1.579791 -0.488704 1.840214 1.579791 -0.488705 1.755976 1.690671 -0.244352 1.755976 1.690671 -0.244352 1.840214 1.738782 0.000000 1.755976 1.738782 0.000000 1.840214 1.690671 0.244352 1.755976 1.690671 0.244352 1.840214 1.579791 0.488704 1.755976 1.579791 0.488704 1.840214 -0.374616 -0.663862 -2.201391 -0.374406 -0.488705 -2.251198 -0.371616 -0.488705 -2.242327 -0.371616 -0.655003 -2.195194 -0.373715 -0.663825 -2.198786 -1.473698 -0.588455 -0.385554 -1.473698 -0.588455 -0.281814 -1.606431 -0.588455 -0.281814 -1.606431 -0.588455 -0.385554 0.524543 0.588455 1.765492 0.515899 0.588455 1.840214 0.594586 0.588455 1.840214 0.594586 0.588455 1.755976 0.924594 0.610853 -1.821450 0.594586 0.611026 -1.821450 0.594586 0.675878 -1.821450 0.924594 0.675991 -1.821450 -1.718339 -0.588455 -0.281814 -1.718339 -0.588455 -0.385554 0.924594 -0.588455 -1.898689 0.924594 -0.588455 -1.842640 0.594586 -0.588455 -1.842657 0.594586 -0.588455 -1.898702 0.524543 -0.588455 -0.182192 0.425839 -0.588455 -0.182192 -1.308729 -0.697842 -0.760880 -1.473698 -0.697842 -0.557425 -1.606431 -0.697842 -0.557425 -1.455288 -0.697842 -0.743829 -1.419510 -0.697842 -0.760880 -0.166648 -0.588455 1.778965 -0.172000 -0.588455 1.840214 -0.371616 -0.588455 1.840214 -0.371616 -0.588455 1.778987 -1.759988 0.488704 -0.406378 -1.759988 0.579829 -0.406378 -1.803284 0.623125 -0.406378 -1.827610 0.488704 -0.406378 -0.157982 0.610134 -2.086438 
						-0.365487 0.609596 -2.160296 -0.365560 0.663831 -2.190327 -0.146998 0.667142 -2.104023 -1.341329 0.609285 -0.401210 -1.342623 0.604452 -0.405084 -1.344119 0.598870 -0.403588 -1.344119 0.598871 -0.281814 -1.473698 0.588455 -0.281814 -1.473698 0.588455 -0.182192 -1.362153 0.588455 -0.182192 -1.362153 0.588455 -0.281814 0.924594 0.588455 -1.898689 0.924594 0.588455 -1.842640 1.410719 0.588455 -1.842616 1.410719 0.588455 -1.898669 -1.759988 0.244352 -0.406378 -1.827623 0.244352 -0.406378 -0.166648 0.588455 1.778965 -0.172000 0.588455 1.840214 0.405015 0.588455 1.840214 0.425839 0.588455 1.778903 -1.739163 0.588455 -0.281814 -1.739163 0.567631 -0.281814 -1.739163 0.488705 -0.281814 1.410719 -0.588455 -1.842616 1.410719 -0.588455 -1.898669 -1.739163 0.244352 -0.281814 -1.739163 0.244352 -0.385554 -1.739163 0.000000 -0.385554 -1.739163 0.000000 -0.281814 -1.473698 -0.588455 1.114277 -1.473698 -0.588455 1.056972 -0.371616 -0.244352 -2.164700 -0.371616 -0.488704 -2.163893 -0.371616 -0.244352 -2.242001 -0.371616 -0.000000 -2.164962 -0.371616 -0.000000 -2.241895 -0.371616 0.244352 -2.164700 -0.371616 0.244352 -2.242001 -0.247718 -0.244352 -2.150682 -0.350792 -0.244352 -2.150682 -0.350792 0.000000 -2.150682 -0.247718 0.000000 -2.150682 1.496652 0.488704 1.755976 1.579791 0.488704 1.755976 1.690671 0.244352 1.755976 1.598174 0.244352 1.755976 1.738782 0.000000 1.755976 1.642226 0.000000 1.755976 1.690671 -0.244352 1.755976 1.598174 -0.244352 1.755976 1.579791 -0.488705 1.755976 1.496652 -0.488705 1.755976 -0.159811 -0.588455 -2.124843 0.420226 -0.588455 -1.950322 0.411731 -0.588455 -1.905758 -0.168105 -0.588455 -2.092560 -1.739163 -0.244352 -0.281814 -1.739163 -0.244352 -0.385554 -1.739163 -0.488704 -0.385554 -1.739163 -0.488704 -0.281814 -0.514020 0.609294 1.665655 -0.371616 0.609299 1.755976 -0.371616 0.676998 1.755976 
						-0.514020 0.676999 1.665655 -0.247718 -0.488704 -2.150682 -0.350792 -0.488704 -2.150682 -1.739163 -0.244352 -0.281814 -1.739163 -0.488704 -0.281814 -1.739163 -0.466748 -0.281814 -1.759988 0.000000 -0.406378 -1.827627 0.000000 -0.406378 -1.759988 -0.244352 -0.406378 -1.827623 -0.244352 -0.406378 -1.759988 -0.488704 -0.406378 -1.827610 -0.488704 -0.406378 -1.606431 0.588455 -0.281814 -1.718339 0.588455 -0.281814 -1.739163 0.588455 -0.281814 -1.704976 0.588455 -0.281814 1.761159 0.000000 1.840214 1.711720 0.251099 1.840214 1.786532 0.275080 1.840214 1.839211 0.000000 1.840214 -1.341329 0.610411 1.201468 -1.473698 0.610411 1.114277 -1.473698 0.689332 1.114277 -1.341329 0.689325 1.201468 -1.761119 0.000000 -0.281814 -1.761119 -0.244352 -0.281814 -1.839686 -0.244352 -0.281814 -1.839699 0.000000 -0.281814 1.711720 -0.251099 1.840214 1.786532 -0.275080 1.840214 -1.761119 0.244352 -0.281814 -1.839686 0.244352 -0.281814 -1.761119 -0.488704 -0.281814 -1.839647 -0.488704 -0.281814 -1.739163 -0.588455 -0.259857 -1.761119 0.488705 -0.281814 -1.839647 0.488705 -0.281814 -1.473698 -0.610411 1.056972 -1.473698 -0.610411 1.114277 -1.473698 -0.689332 1.114277 -1.473698 -0.689341 1.056972 -1.473698 0.610411 1.056972 -1.473698 0.610411 -0.182192 -1.473698 0.689353 -0.182192 -1.473698 0.689341 1.056972 -1.473698 0.610411 -0.281814 -1.473698 0.689368 -0.281814 -1.739163 -0.488704 -0.281814 -1.739163 -0.567630 -0.281814 -1.739163 -0.588455 -0.281814 -1.473698 -0.610411 -0.182192 -1.473698 -0.689353 -0.182192 -1.761119 0.610411 -0.281814 -1.807240 0.656532 -0.281814 -1.606431 -0.610411 -0.281814 -1.473698 -0.610411 -0.281814 -1.473698 -0.689368 -0.281814 -1.606431 -0.689389 -0.281814 -1.473698 0.610411 -0.281814 -1.606431 0.610411 -0.281814 -1.606431 0.689389 -0.281814 -1.473698 0.689368 -0.281814 0.967291 0.610411 1.840214 0.594586 0.610411 1.840214 
						0.594586 0.689307 1.840214 0.976294 0.687474 1.840214 -1.739163 -0.588455 -0.281814 -1.739163 -0.588455 -0.260989 -1.739163 -0.588455 -0.182192 -1.739163 -0.588455 -0.259857 1.408698 -0.610411 1.840214 1.596822 -0.504306 1.840214 1.653408 -0.556142 1.840214 1.428362 -0.685304 1.840214 0.515899 0.610411 1.840214 0.405015 0.610411 1.840214 0.405015 0.689310 1.840214 0.515899 0.689308 1.840214 -1.341329 -0.610411 1.201468 -0.514020 -0.610411 1.746413 -0.514020 -0.689319 1.746413 -1.341329 -0.689325 1.201468 -0.371616 0.610411 1.840214 -0.514020 0.610411 1.746413 -0.514020 0.689319 1.746413 -0.371616 0.689314 1.840214 -1.721277 -0.610411 -0.281814 -1.755518 -0.664994 -0.281814 0.515899 -0.610411 1.840214 0.594586 -0.610411 1.840214 0.594586 -0.689307 1.840214 0.515899 -0.689308 1.840214 1.596822 0.504306 1.840214 1.653408 0.556142 1.840214 -1.721277 0.610411 -0.281814 -1.755518 0.664994 -0.281814 0.929222 -0.588455 -0.536601 0.929720 -0.588455 -0.406378 0.594586 -0.588455 -0.406378 0.594586 -0.588455 -0.536601 -1.346497 0.609285 -0.406378 -1.346497 0.676985 -0.406378 -0.247718 0.244352 -2.150682 -0.350792 0.244352 -2.150682 -0.350792 0.488704 -2.150682 -0.247718 0.488704 -2.150682 1.588581 0.681762 -0.407668 1.587081 0.687384 -0.409168 1.319591 0.687396 -0.409168 1.663594 -0.588455 -0.760880 1.663594 -0.588455 -0.545176 1.610695 -0.588455 -0.536601 1.610695 -0.588455 -0.760880 -1.739163 0.488705 -0.281814 -1.739163 0.488704 -0.385554 -1.739163 0.588455 -0.182192 -1.739163 0.588455 -0.260989 -1.739163 0.588455 -0.281814 -0.172000 -0.610411 1.840214 0.405015 -0.610411 1.840214 0.405015 -0.689310 1.840214 -0.172000 -0.689314 1.840214 -1.362153 -0.588455 -0.385554 -1.362153 -0.588455 -0.281814 -1.739163 0.567631 -0.281814 -1.739163 0.567630 -0.385554 -1.473698 -0.610411 -0.281814 -1.473698 -0.689368 -0.281814 
						-1.830159 -0.653730 0.888599 -1.830159 -0.653729 0.939417 -1.861971 -0.488704 0.939417 -1.861971 -0.488704 0.888599 1.408698 0.610411 1.840214 1.428362 0.685304 1.840214 -1.473698 0.610411 1.114277 -1.473698 0.689332 1.114277 -0.371616 -0.610411 1.840214 -0.371616 -0.689315 1.840214 -0.172000 0.610411 1.840214 -0.371616 0.610411 1.840214 -0.371616 0.689314 1.840214 -0.172000 0.689313 1.840214 1.339997 -0.610411 1.840214 1.358002 -0.685642 1.840214 -1.861971 0.488704 0.888599 -1.861971 0.488704 0.939417 -1.830159 0.653729 0.939417 -1.830159 0.653730 0.888599 -1.753367 -0.687192 0.968339 -1.764394 -0.669641 1.222729 -1.803157 -0.666723 1.195025 -1.804343 -0.678842 0.948041 -1.526164 0.653734 1.422552 -1.658897 0.653732 1.328884 -1.677240 0.488704 1.354877 -1.544507 0.488704 1.448545 -1.606431 0.711263 -0.259857 -1.606431 0.711263 -0.182192 -1.495654 0.711263 -0.182192 -1.495654 0.711263 -0.259857 -1.753366 -0.687192 0.916449 -1.804341 -0.678842 0.896904 -1.495654 -0.711263 -0.259857 -1.495654 -0.711263 -0.182192 -1.606431 -0.711263 -0.182192 -1.606431 -0.711263 -0.259857 -1.495654 -0.711263 1.043046 -1.606431 -0.711263 0.972786 -1.344903 -0.708695 1.223678 -1.387742 -0.677920 1.489850 -1.520014 -0.677990 1.396303 -1.495654 -0.709953 1.124431 -1.753366 0.687192 0.916449 -1.753367 0.687192 0.968339 -1.606431 0.711263 1.026847 -1.606431 0.711263 0.972786 -1.849287 -0.244352 1.195433 -1.861971 -0.244352 0.939417 -1.849287 -0.488704 1.195432 -1.412138 0.244352 1.541957 -1.412138 0.488704 1.541957 -1.435288 0.488704 1.574762 -1.435288 0.244352 1.574763 -1.791456 -0.488704 1.263014 -1.677240 -0.488704 1.354877 -1.701409 -0.488704 1.386939 -1.816364 -0.488704 1.294501 -1.849287 0.488705 1.195432 -1.861971 0.244352 0.939417 -1.849287 0.244352 1.195433 -1.839786 0.244352 1.221320 -1.846449 0.244352 1.208249 
						-1.884239 0.244352 1.221816 -1.872963 0.244352 1.243934 -1.495654 0.709953 1.124431 -1.520014 0.677990 1.396303 -1.387742 0.677920 1.489850 -1.344903 0.708695 1.223678 -1.830159 -0.653730 -0.182192 -1.861971 -0.488704 -0.182192 -1.861971 -0.244352 -0.182192 -1.861971 -0.244352 -0.259857 -1.861971 -0.488704 -0.259857 -1.652660 -0.678052 1.302584 -1.606431 -0.711263 1.026847 -1.753366 -0.687193 -0.259857 -1.753366 -0.687192 -0.182192 -1.804340 -0.678842 -0.182192 -1.804340 -0.678842 -0.259857 -1.753366 0.687192 -0.259857 -1.753366 0.687193 -0.182192 -1.861971 0.488704 -0.182192 -1.861971 0.244352 -0.182192 -1.861971 0.244352 0.888599 -1.861971 0.000000 -0.182192 -1.861971 0.000000 0.888599 -1.861971 -0.244352 0.888599 -1.544507 -0.488704 1.448545 -1.677240 -0.488704 1.354877 -1.658897 -0.653732 1.328884 -1.526164 -0.653735 1.422552 0.515899 0.653716 2.216935 0.405015 0.653715 2.216935 0.405015 0.488705 2.248745 0.515899 0.488705 2.248745 1.362848 0.705770 1.862650 1.356747 0.679865 2.184195 1.426991 0.680084 2.183657 1.433655 0.705464 1.862642 -1.827964 -0.643281 1.184804 -1.830159 -0.653731 -0.259857 -0.566485 0.653739 2.099789 -0.422299 0.646929 2.203477 -0.421658 0.658152 2.198517 -0.564852 0.664829 2.095047 0.515899 -0.488704 2.248745 0.405015 -0.488704 2.248745 0.405015 -0.653715 2.216935 0.515899 -0.653716 2.216935 -1.393794 0.653737 1.515964 -1.412138 0.488704 1.541957 -0.584829 0.488704 2.125782 -1.861971 0.488704 -0.259857 -1.830159 0.653730 -0.182192 -1.830159 0.653730 -0.259857 1.669045 -0.570467 1.862563 1.650421 -0.553406 2.182444 1.426991 -0.680084 2.183658 1.433655 -0.705464 1.862642 -0.564852 0.664829 2.095047 -0.421658 0.658152 2.198517 -0.420767 0.667083 2.188591 -0.562785 0.673573 2.085488 1.650421 0.553406 2.182444 1.669045 0.570467 1.862563 -1.495654 0.711263 1.043046 
						1.650421 -0.553406 2.182444 1.669045 -0.570467 1.862563 1.805723 -0.281231 1.862491 1.778105 -0.272379 2.187280 0.978717 -0.707429 1.862692 0.975666 -0.678678 2.187111 0.594586 -0.677490 2.190026 0.594586 -0.709089 1.862735 -0.383524 -0.488704 2.243172 -0.199597 -0.488704 2.244472 -0.199597 -0.244352 2.244472 -0.383528 -0.244352 2.243172 -0.430301 0.244352 2.228653 -0.584829 0.244352 2.125782 -0.571789 0.244352 2.106194 -0.418910 0.244352 2.208062 0.515899 0.709081 1.862810 0.515899 0.677500 2.189925 0.594586 0.677490 2.190026 0.594586 0.709089 1.862735 1.065805 -0.517080 2.229179 0.594586 -0.488704 2.248745 0.594586 -0.653717 2.216935 0.980082 -0.654927 2.212052 -0.173288 0.708722 1.863066 -0.191782 0.672203 2.191512 0.405015 0.677513 2.189783 0.405015 0.709071 1.862916 -0.193881 0.647928 2.218281 -0.375811 0.646171 2.218690 -0.383524 0.488705 2.243171 -0.199597 0.488705 2.244472 0.515899 -0.709082 1.862810 0.515899 -0.677500 2.189926 0.405015 -0.677513 2.189784 0.405015 -0.709071 1.862916 -1.771022 0.646157 1.247788 -1.809921 0.643529 1.219654 -1.831080 0.488704 1.231145 -1.791456 0.488704 1.263014 -1.861971 0.000000 -0.259857 -0.173288 -0.708722 1.863066 -0.191782 -0.672203 2.191512 -0.372976 -0.670590 2.192037 -0.396352 -0.673267 2.167147 -0.373349 -0.708601 1.863117 -0.192542 -0.668006 2.203594 -0.374000 -0.666334 2.204127 -1.791456 -0.488704 1.263014 -1.831080 -0.488704 1.231145 -1.809921 -0.643529 1.219654 -1.771022 -0.646157 1.247788 -0.517213 -0.708969 1.768731 -0.560839 -0.677629 2.073671 -1.764394 0.669641 1.222729 -1.652660 0.678052 1.302584 -1.861971 0.000000 0.939417 -0.375811 -0.646171 2.218690 -0.193881 -0.647929 2.218281 -0.584829 -0.244352 2.125782 -0.430301 -0.244352 2.228653 -0.418910 -0.244352 2.208062 -0.571789 -0.244352 2.106194 -0.383528 -0.244352 2.243172 
						-0.199597 -0.244352 2.244472 -0.199431 -0.244352 2.220941 -0.381363 -0.244352 2.219740 -0.383528 0.244352 2.243172 -0.199597 0.244352 2.244472 0.594586 -0.244352 2.248745 0.515899 -0.244352 2.248745 0.594586 0.000000 2.248745 0.515899 0.000000 2.248745 0.594586 0.244352 2.248745 0.515899 0.244352 2.248745 0.594586 0.488705 2.248745 -1.412138 -0.488704 1.541957 -0.584829 -0.488704 2.125783 -0.584829 -0.244352 2.125782 -1.412138 -0.244352 1.541957 -0.584829 -0.000000 2.125782 -1.412138 -0.000000 1.541957 -0.584829 0.244352 2.125782 -1.412138 0.244352 1.541957 -0.584829 0.488704 2.125782 -1.412138 0.488704 1.541957 1.653303 -0.268916 2.213754 1.750880 -0.271180 2.210530 1.805060 0.000000 2.208580 1.702911 0.000000 2.211969 1.750880 0.271180 2.210530 1.653303 0.268916 2.213754 1.623885 0.550686 2.206006 1.537025 0.545456 2.209612 -1.544507 -0.488704 1.448545 -1.567657 -0.488704 1.481351 0.980082 0.654927 2.212051 0.594586 0.653717 2.216935 1.065805 0.517080 2.229178 -1.861971 0.244352 -0.259857 -1.827964 0.643281 1.184804 0.405015 -0.244352 2.248745 0.405015 0.000000 2.248745 -0.199597 -0.000000 2.244472 0.405015 0.244352 2.248745 -1.861971 0.000000 0.939417 -1.861971 -0.244352 0.939417 -1.902074 -0.244352 0.941404 -1.902074 0.000000 0.941404 -1.846449 -0.244352 1.208249 -1.839786 -0.244352 1.221320 -1.872963 -0.244352 1.243934 -1.884239 -0.244352 1.221816 -1.544507 0.488704 1.448545 -1.677240 0.488704 1.354877 -1.701409 0.488704 1.386939 -1.567657 0.488704 1.481351 -1.849287 0.244352 1.195433 -1.889080 0.244352 1.200785 1.859698 0.000000 1.862486 1.832282 0.000000 2.185333 1.805723 0.281231 1.862491 1.778105 0.272379 2.187280 1.669045 0.570467 1.862563 1.650421 0.553406 2.182444 1.537025 -0.545456 2.209612 1.623885 -0.550686 2.206006 -1.861971 0.244352 0.939417 
						-1.902074 0.244352 0.941404 -1.861971 0.244352 0.939417 -1.902074 0.244352 0.941404 -1.393794 -0.653737 1.515964 -1.831081 -0.244352 1.231144 -1.831080 -0.488704 1.231145 -1.856244 -0.488704 1.262432 -1.857959 -0.244352 1.260972 -1.412138 -0.488704 1.541957 -1.412138 -0.244352 1.541957 -1.435288 -0.244352 1.574763 -1.435288 -0.488705 1.574763 -1.412138 -0.488704 1.541957 -1.435288 -0.488705 1.574763 -1.831080 0.488704 1.231145 -1.831081 0.244352 1.231144 -1.857959 0.244352 1.260972 -1.856244 0.488704 1.262432 -0.566485 -0.653739 2.099789 -0.560839 0.677629 2.073671 -0.517213 0.708969 1.768731 -1.473698 -0.610411 1.114277 -1.473698 -0.689332 1.114277 -1.730542 -0.609283 -0.406378 -1.772837 -0.651579 -0.406378 -1.362153 -0.588455 -0.182192 -1.473698 -0.588455 -0.182192 1.589871 -0.609845 -1.560617 1.589871 -0.676649 -1.560617 -1.473698 0.588455 1.056972 -1.362153 0.588455 1.150963 1.589871 -0.610273 -1.821450 1.589871 -0.676369 -1.821450 -1.351741 -0.591246 -0.182192 -1.351741 -0.591246 1.140643 -1.356266 -0.590033 1.148126 -1.339592 0.598873 1.145144 -0.514020 0.598874 1.668762 -1.336812 0.609291 1.143793 -1.473698 0.588455 -0.385554 1.739163 0.550903 -1.881354 1.739163 0.551044 -1.821450 1.739163 0.488704 -1.821450 1.739163 0.488704 -1.881354 -1.473698 0.588455 1.114277 -1.341329 0.588455 1.201468 -0.371616 0.488704 -2.163893 -0.371616 0.488704 -2.242327 0.407805 0.598880 1.759048 0.407804 0.598884 -0.182192 0.405015 0.609305 1.750808 0.406300 0.604503 1.757391 -1.759988 -0.579829 -0.406378 -1.803284 -0.623125 -0.406378 -1.606431 -0.488705 -2.260069 -1.473698 -0.488705 -2.260069 -1.473698 -0.645264 -2.231746 -1.606431 -0.645266 -2.231746 -1.606431 0.645266 -2.231746 -1.473698 0.645264 -2.231746 -1.473698 0.488704 -2.260070 -1.606431 0.488704 -2.260070 -0.514020 0.697842 -0.406378 -0.514020 0.697842 -0.281814 
						-0.371616 0.697842 -0.281814 -0.371616 0.697842 -0.406378 -0.514020 0.697842 -0.182192 -0.514020 0.697842 1.642470 -0.371616 0.697842 1.732965 -0.371616 0.697842 -0.182192 1.319489 0.697842 -0.557425 1.319581 0.697842 -0.427202 1.569046 0.697842 -0.427202 1.569046 0.697842 -0.557425 -1.473698 -0.488705 -2.260069 -1.606431 -0.488705 -2.260069 -1.606431 -0.244352 -2.260069 -1.473698 -0.244352 -2.260069 -1.606431 -0.000000 -2.260069 -1.473698 -0.000000 -2.260069 -1.320504 0.697842 -0.182192 -1.320504 0.697842 1.130894 -0.371616 -0.697842 -0.182192 -0.371616 -0.697842 1.732965 -0.514020 -0.697842 1.642470 -0.514020 -0.697842 -0.182192 -1.606431 0.244352 -2.260069 -1.473698 0.244352 -2.260069 0.512999 -0.697842 -1.828007 0.512999 -0.697842 -1.710410 0.405015 -0.697842 -1.743251 0.405015 -0.697842 -1.864783 -0.514020 -0.697842 -0.406378 -0.514020 -0.697842 -0.281814 -1.320504 -0.697842 -0.281814 -1.320504 -0.697842 -0.427202 -1.795923 0.668943 -0.557425 -1.795923 0.668943 -0.427202 -1.606431 0.697842 -0.427202 -1.606431 0.697842 -0.557425 -0.152853 0.697842 -0.412406 -0.152853 0.697842 -0.281814 0.384190 0.697842 -0.281814 0.384190 0.697842 -0.427202 -1.819176 0.488704 -2.207357 -1.848551 0.488705 -1.979444 -1.820220 0.645306 -1.979444 -1.805402 0.632019 -2.194734 -0.514020 0.697842 -0.557425 -0.371616 0.697842 -0.557425 -1.795761 0.667576 -0.760880 -1.455288 0.697842 -0.743829 -1.463334 0.695974 -0.760880 -1.820219 -0.645309 -0.760880 -1.820219 -0.645310 -0.557425 -1.848551 -0.488704 -0.557425 -1.848551 -0.488704 -0.760880 0.928566 -0.697842 -0.760880 0.594586 -0.697842 -0.760880 0.594586 -0.747610 -0.760880 0.928657 -0.747610 -0.760880 1.169995 0.697842 -0.557425 1.170240 0.697842 -0.427202 -0.146826 0.697842 -0.557425 0.405015 0.697842 -0.557425 -0.174927 -0.697842 -0.182192 -0.174927 -0.697842 1.732987 -0.146826 0.697842 -0.760880 
						0.405015 0.697842 -0.760880 -0.169508 -0.697842 -0.760880 -0.174927 -0.697842 -0.562845 -0.371616 -0.697842 -0.557425 -0.371616 -0.697842 -0.760880 0.512999 -0.697842 -0.760880 0.504036 -0.697842 -0.578250 0.384190 -0.697842 -0.578250 0.405014 -0.697842 -0.760880 -1.341329 -0.697842 -0.557425 -1.473698 -0.697842 -0.427202 -1.820219 -0.645310 -0.427202 -1.848551 -0.488704 -0.427202 -0.514020 0.697842 -0.760880 -0.371616 0.697842 -0.760880 1.569046 -0.697842 -0.760880 1.569046 -0.697842 -0.578250 1.319487 -0.697842 -0.578250 1.402400 -0.697842 -0.747248 1.432671 -0.697842 -0.760880 0.928505 0.697842 -0.760880 1.388767 0.697842 -0.760880 1.388767 0.747610 -0.760880 0.928595 0.747610 -0.760880 0.512999 0.697842 -0.760880 0.512999 0.697842 -0.557425 0.594586 0.697842 -0.557425 0.594586 0.697842 -0.760880 -1.419510 0.697842 -0.760880 -1.308729 0.697842 -0.760880 -1.308729 0.747610 -0.760880 -1.419510 0.747610 -0.760880 -1.176360 -0.697842 -0.760880 -1.341329 -0.488705 -2.260069 -1.341329 -0.645257 -2.231747 -1.783218 0.632206 -2.217175 -1.606431 0.645266 -2.231746 -1.606431 0.488704 -2.260070 -1.795907 0.488704 -2.231173 -1.473698 0.668496 -2.207140 -1.473698 0.697842 -1.979444 -1.341329 0.697842 -1.979444 -1.341329 0.668501 -2.207098 1.410719 0.697842 -1.800264 1.410719 0.697842 -1.707549 1.432671 0.697842 -1.685597 1.569046 0.697842 -1.685597 1.569046 0.697842 -1.800278 -0.514020 -0.488705 -2.260069 -0.392440 -0.488705 -2.260069 -0.392275 -0.661198 -2.213275 -0.514020 -0.645246 -2.231750 -0.514020 0.645246 -2.231750 -0.392275 0.661198 -2.213275 -0.392440 0.488704 -2.260070 -0.514020 0.488704 -2.260070 -1.628132 -0.694533 -1.979444 -1.606431 -0.697842 -1.957492 -1.606431 -0.697842 -1.830370 -1.795921 -0.668944 -1.830370 -1.795920 -0.668944 -1.979444 -0.174927 -0.697842 -0.281814 -0.371616 -0.697842 -0.281814 1.410719 0.697842 -1.560617 
						1.410719 0.697842 -1.663645 1.410719 0.747610 -1.663645 1.410719 0.747610 -1.560617 1.410719 -0.697842 -1.663645 1.410719 -0.697842 -1.560617 1.410719 -0.747610 -1.560617 1.410719 -0.747610 -1.663645 -0.514020 0.668509 -2.207034 -0.514020 0.697842 -1.979444 -0.371616 0.697842 -1.979444 -0.371616 0.685272 -2.182829 -0.146826 0.688910 -2.090773 -0.146826 0.697842 -1.911080 0.405015 0.697842 -1.743251 0.405015 0.697842 -1.864783 -0.169508 -0.688543 -2.100061 -0.169508 -0.697842 -1.917978 -0.371616 -0.697842 -1.979444 -0.371616 -0.685272 -2.182828 -0.514020 -0.697842 -0.557425 -0.514020 -0.697842 -0.760880 -1.176360 0.697842 -0.760880 -1.341329 0.697842 -0.557425 -1.606431 0.244352 -2.260069 -1.795909 0.244352 -2.231173 -0.371616 -0.697842 -0.406378 -1.606431 -0.697842 -0.427202 -1.795923 -0.668943 -0.427202 -1.795923 -0.668943 -0.557425 -0.152853 0.697842 -0.182192 -0.152853 0.697842 1.732989 0.384190 0.697842 1.733049 0.384190 0.697842 -0.182192 -0.174927 -0.697842 -0.406378 -1.320504 -0.697842 1.130894 -1.320504 -0.697842 -0.182192 -1.795907 -0.488705 -2.231173 -1.783218 -0.632206 -2.217175 -1.782729 0.654399 -2.194259 -1.795920 0.668944 -1.979444 -1.628132 0.694533 -1.979444 -1.606431 0.695036 -2.001216 -1.606431 0.668493 -2.207162 -1.606431 -0.697842 -1.539650 -1.628132 -0.694533 -1.517698 -1.795922 -0.668944 -1.517698 -1.419510 0.697842 -0.760880 -1.473698 0.697842 -0.557425 -1.308729 0.697842 -0.760880 1.569046 -0.697842 -1.685597 1.569046 -0.697842 -1.560617 1.410719 -0.697842 -1.560617 1.410719 -0.697842 -1.663645 1.432671 -0.697842 -1.685597 -1.341329 0.645257 -2.231748 -1.341329 0.488704 -2.260070 -1.584479 -0.697842 -1.979444 -1.473698 -0.697842 -1.979444 -1.473698 -0.747610 -1.979444 -1.584479 -0.747610 -1.979444 -1.320504 0.697842 -0.427202 -1.320504 0.697842 -0.281814 -1.341329 -0.488705 -2.260069 -1.341329 -0.244352 -2.260069 
						-1.341329 -0.000000 -2.260069 -1.341329 0.244352 -2.260069 -1.606431 -0.000000 -2.260069 -1.795909 -0.000000 -2.231173 -1.606431 -0.244352 -2.260069 -1.795909 -0.244352 -2.231173 -1.848551 0.488704 -0.427202 -1.848551 0.488704 -0.557425 -1.848551 0.244352 -0.557425 -1.848551 0.244352 -0.427202 -1.848551 0.488704 -1.830370 -1.848551 0.488705 -1.979444 -1.848551 0.244352 -1.979444 -1.848551 0.244352 -1.830370 -1.848551 -0.000000 -1.979444 -1.848551 -0.000000 -1.830370 -1.848551 -0.244352 -1.979444 -1.848551 -0.244352 -1.830370 -1.848551 -0.488704 -1.979444 -1.848551 -0.488704 -1.830370 -1.848551 0.000000 -0.557425 -1.848551 0.000000 -0.427202 -1.848551 -0.244352 -0.557425 -1.848551 -0.244352 -0.427202 -0.514020 -0.244352 -2.260069 -0.392440 -0.244352 -2.260069 -1.848551 -0.244352 -1.979444 -1.819176 -0.244352 -2.207359 -1.819176 -0.488704 -2.207357 -1.848551 -0.488704 -1.979444 -1.848551 -0.000000 -1.979444 -1.819176 0.000000 -2.207360 -1.848551 0.244352 -1.979444 -1.819176 0.244352 -2.207359 -0.514020 -0.000000 -2.260069 -0.392440 -0.000000 -2.260069 -0.514020 0.244352 -2.260069 -0.392440 0.244352 -2.260069 -1.606431 -0.668493 -2.207162 -1.606431 -0.695036 -2.001216 -1.782729 -0.654399 -2.194259 -1.473698 0.697842 -1.979444 -1.584479 0.697842 -1.979444 -1.584479 0.747610 -1.979444 -1.473698 0.747610 -1.979444 -1.848551 0.488704 -0.760880 -1.820219 0.645310 -0.557425 -1.820219 0.645309 -0.760880 -1.308729 -0.697842 -0.760880 -1.419510 -0.697842 -0.760880 -1.419510 -0.747610 -0.760880 -1.308729 -0.747610 -0.760880 -1.473698 0.697842 -0.427202 -1.805402 -0.632019 -2.194733 -1.820220 -0.645306 -1.979444 -1.819176 -0.488704 -2.207357 1.589871 0.609601 -1.332150 1.589871 0.676807 -1.332150 -1.341329 -0.668501 -2.207098 -1.341329 -0.697842 -1.979444 -1.473698 -0.697842 -1.979444 -1.473698 -0.668496 -2.207139 0.504036 0.697842 -0.427202 0.594586 0.697842 -0.427202 
						-0.514020 -0.488705 -2.260069 -0.514020 -0.645246 -2.231750 -1.848551 0.488704 -1.436072 -1.820219 0.645309 -1.436072 -1.848551 -0.244352 -0.760880 -1.848551 0.000000 -0.760880 -1.848551 0.244352 -0.760880 0.928505 0.697842 -0.760880 0.929271 0.697842 -0.557425 1.402400 0.697842 -0.747248 1.388767 0.697842 -0.760880 -1.463570 0.697842 -1.414132 -1.442204 0.697842 -0.782820 -1.442204 0.747610 -0.782820 -1.463570 0.747610 -1.414132 -1.820219 -0.645309 -1.436072 -1.848551 -0.488704 -1.436072 0.928566 -0.697842 -0.760880 0.929263 -0.697842 -0.578250 0.594586 -0.697842 -0.578250 0.594586 -0.697842 -0.760880 -1.587395 -0.697842 -1.506765 -1.483348 -0.697842 -1.447005 -1.486174 -0.695853 -1.436072 -1.795770 -0.667690 -1.436072 1.589871 -0.588455 -0.406378 1.319574 -0.588455 -0.406378 1.319479 -0.588455 -0.536601 1.663594 -0.588455 -1.332150 1.610695 -0.588455 -1.332150 1.589871 -0.609601 -1.332150 1.589871 -0.676807 -1.332150 -1.463334 -0.695974 -0.760880 -1.795761 -0.667576 -0.760880 -1.344119 0.598873 1.136976 -1.344119 0.598871 -0.182192 -1.351741 0.591246 -0.182192 -1.351741 0.591246 1.140643 1.589871 0.609845 -1.560617 1.589871 0.676648 -1.560617 1.663594 -0.588455 -1.560617 1.610695 -0.588455 -1.560617 -1.473698 -0.747610 -1.979444 -1.473698 -0.747610 -1.830370 -1.606431 -0.747610 -1.830370 -1.606431 -0.747610 -1.957492 -1.603490 -0.747610 -1.968468 -1.595455 -0.747610 -1.976503 -1.584479 -0.747610 -1.979444 -1.463570 -0.697842 -1.414132 -1.442204 -0.697842 -0.782820 0.924594 -0.697842 -1.800239 0.925032 -0.697842 -1.685597 0.594586 -0.697842 -1.685597 0.594586 -0.697842 -1.800221 -1.820220 -0.645307 -1.830370 -1.820219 0.645310 -0.427202 0.512999 -0.697842 -1.710410 0.594586 -0.697842 -1.685597 0.594586 -0.747610 -1.685597 0.512999 -0.747610 -1.710410 -1.341329 0.697842 -1.979444 -1.341329 0.747610 -1.979444 -0.371616 -0.697842 -0.760880 
						-0.514020 -0.697842 -0.760880 -0.514020 -0.747610 -0.760880 -0.371616 -0.747610 -0.760880 -1.606431 0.697842 -1.830370 -1.606431 0.697842 -1.539650 -1.606431 0.747610 -1.539650 -1.606431 0.747610 -1.830370 -1.176360 0.697842 -0.760880 -0.514020 0.697842 -0.760880 -0.514020 0.747610 -0.760880 -1.176360 0.747610 -0.760880 1.410719 -0.697842 -1.388009 1.410719 -0.747610 -1.388009 -0.146826 0.697842 -0.760880 0.405015 0.697842 -0.760880 0.405015 0.747610 -0.760880 -0.146826 0.747610 -0.760880 1.410719 0.697842 -1.388009 1.410719 0.747610 -1.388009 -0.514020 -0.697842 -1.979444 -0.514020 -0.668509 -2.207034 -1.820220 0.645307 -1.830370 -1.820220 0.645306 -1.979444 -0.371616 0.697842 -1.979444 -0.514020 0.697842 -1.979444 -0.514020 0.747610 -1.979444 -0.371616 0.747610 -1.979444 -1.341329 -0.697842 -1.979444 -0.514020 -0.697842 -1.979444 -0.514020 -0.747610 -1.979444 -1.341329 -0.747610 -1.979444 0.512999 -0.697842 -0.760880 0.405014 -0.697842 -0.760880 0.405014 -0.747610 -0.760880 0.512999 -0.747610 -0.760880 -1.848551 -0.244352 -1.517698 -1.848551 -0.488704 -1.517698 -1.848551 0.000000 -1.517698 -1.848551 0.244352 -1.517698 -1.848551 0.488704 -1.517698 1.589871 -0.609706 -1.388009 1.589871 -0.676739 -1.388009 0.924594 0.697842 -1.800239 0.925025 0.697842 -1.685597 1.388767 0.697842 -1.685597 -0.169508 -0.697842 -1.917978 0.405015 -0.697842 -1.743251 0.405015 -0.747610 -1.743251 -0.169508 -0.747610 -1.917978 0.512999 0.697842 -1.828007 0.512999 0.697842 -1.710410 0.594586 0.697842 -1.685597 0.594586 0.697842 -1.800222 1.432671 0.697842 -0.760880 1.569046 0.697842 -0.760880 -1.362153 0.588455 -0.385554 1.610695 0.588455 -1.842603 1.606906 0.588455 -1.898658 0.512999 -0.611271 -1.849251 0.594586 -0.611026 -1.821450 0.594586 -0.675878 -1.821450 0.512999 -0.675718 -1.849251 1.663594 -0.588455 -0.545176 1.663594 -0.588455 -0.760880 
						1.663594 -0.610205 -0.760880 1.663594 -0.610205 -0.545176 0.929760 0.000000 -0.260064 0.598134 0.000000 -0.260064 0.598134 -0.244352 -0.260064 0.929760 -0.244352 -0.260064 1.663594 0.588455 -0.557425 1.663594 0.588455 -0.394129 1.663594 0.610205 -0.394129 1.663594 0.610205 -0.557425 1.589871 -0.588455 -0.406378 1.651344 -0.588455 -0.406378 1.651344 -0.610205 -0.406378 1.589871 -0.610205 -0.406378 1.739163 -0.488704 -1.821450 1.739163 -0.244352 -1.821450 1.760913 -0.244352 -1.821450 1.760913 -0.488704 -1.821450 0.524543 0.588455 -0.385554 0.594586 0.588455 -0.385554 0.512999 0.611271 -1.849251 0.405015 0.611595 -1.886046 0.405015 0.675507 -1.886046 0.512999 0.675718 -1.849251 1.651344 -0.588455 -0.406378 1.663594 0.588455 -1.833893 1.663594 0.588455 -1.685597 1.663594 0.610205 -1.685597 1.663594 0.610205 -1.833893 -1.606431 -0.697842 -1.539650 -1.606431 -0.697842 -1.830370 -1.606431 -0.747610 -1.830370 -1.606431 -0.747610 -1.539650 0.925025 0.697842 -1.685597 0.594586 0.697842 -1.685597 0.594586 0.747610 -1.685597 0.925115 0.747610 -1.685597 1.319574 -0.588455 -0.406378 1.319581 -0.610205 -0.406378 1.663594 -0.588455 -1.332150 1.663594 -0.610205 -1.332150 0.594586 0.588455 -0.281814 0.594586 0.488705 -0.281814 0.594586 0.488705 -0.263618 0.594586 0.600466 -0.269802 -1.848551 0.244352 -1.436072 -1.848551 0.000000 -1.436072 -1.848551 -0.244352 -1.436072 -1.587395 0.697842 -1.506765 -1.483348 0.697842 -1.447005 -1.483348 0.747610 -1.447005 -1.587395 0.747610 -1.506765 1.663594 -0.588455 -1.560617 1.663594 -0.588455 -1.685597 1.663594 -0.610205 -1.685597 1.663594 -0.610205 -1.560617 1.589871 0.609706 -1.388009 1.589871 0.676739 -1.388009 1.663594 -0.588455 -1.833893 1.663594 -0.610205 -1.833893 1.663594 -0.588455 -1.388009 1.610695 -0.588455 -1.388009 1.569046 -0.697842 -1.800278 1.410719 -0.697842 -1.707549 
						1.410719 -0.697842 -1.800264 0.512999 0.697842 -1.710410 0.405015 0.697842 -1.743251 0.405015 0.747610 -1.743251 0.512999 0.747610 -1.710410 1.569046 -0.697842 -1.388009 1.410719 -0.697842 -1.388009 -1.820220 -0.645308 -1.517698 -1.483348 -0.697842 -1.447005 -1.587395 -0.697842 -1.506765 -1.587395 -0.747610 -1.506765 -1.483348 -0.747610 -1.447005 -1.795921 0.668944 -1.830370 -1.606431 0.697842 -1.830370 -1.606431 0.697842 -1.957492 -0.371616 0.697842 -0.760880 -0.371616 0.747610 -0.760880 1.410719 0.697842 -0.782832 1.410719 0.697842 -1.332150 1.410719 0.747610 -1.332150 1.410719 0.747610 -0.782832 1.569046 -0.697842 -1.332150 1.410719 -0.697842 -0.782832 1.410719 -0.697842 -1.332150 -1.442204 -0.697842 -0.782820 -1.463570 -0.697842 -1.414132 -1.463570 -0.747610 -1.414132 -1.442204 -0.747610 -0.782820 -0.169508 -0.697842 -0.760880 -0.169508 -0.747610 -0.760880 -1.606431 0.697842 -1.957492 -1.606431 0.747610 -1.957492 1.410719 0.697842 -1.560617 1.410719 0.697842 -1.388009 1.569046 0.697842 -1.388009 1.569046 0.697842 -1.560617 -1.820220 0.645308 -1.517698 1.410719 -0.697842 -1.332150 1.410719 -0.747610 -1.332150 1.410719 0.697842 -1.332150 1.410719 0.697842 -0.782832 1.569046 0.697842 -1.332150 1.663594 0.588455 -1.560617 1.663594 0.588455 -1.388009 1.663594 0.610205 -1.388009 1.663594 0.610204 -1.560617 0.594586 0.244352 -0.281814 0.594586 0.244352 -0.263618 1.739163 0.244352 -1.821450 1.739163 0.488704 -1.821450 1.760913 0.488704 -1.821450 1.760913 0.244352 -1.821450 1.651344 -0.588455 -0.406378 1.651344 -0.610205 -0.406378 1.410719 -0.697842 -0.782832 1.410719 -0.747610 -0.782832 -1.795922 0.668943 -1.517698 -1.628132 0.694533 -1.517698 -1.606431 0.697842 -1.539650 0.929760 0.244352 -0.260064 0.598134 0.244352 -0.260064 -1.584479 0.697842 -1.979444 1.410719 0.697842 -1.663645 1.663594 -0.588455 -1.388009 
						1.663594 -0.610205 -1.388009 -1.176360 -0.697842 -0.760880 -1.176360 -0.747610 -0.760880 0.512999 0.697842 -0.760880 0.594586 0.697842 -0.760880 0.594586 0.747610 -0.760880 0.512999 0.747610 -0.760880 -1.584479 -0.697842 -1.979444 -1.795770 0.667690 -1.436072 -1.442204 0.697842 -0.782820 -1.463570 0.697842 -1.414132 -1.486174 0.695853 -1.436072 -1.483348 0.697842 -1.447005 -1.587395 0.697842 -1.506765 0.925032 -0.697842 -1.685597 1.388767 -0.697842 -1.685597 1.388767 -0.747610 -1.685597 0.925123 -0.747610 -1.685597 -0.146826 0.697842 -1.911080 -0.146826 0.747610 -1.911080 -0.371616 -0.697842 -1.979444 -0.371616 -0.747610 -1.979444 -0.514020 -0.747610 -1.436072 -0.514020 -0.747610 -0.760880 -1.176360 -0.747610 -0.760880 -1.199210 -0.747610 -1.436072 -1.331580 0.747610 -1.436072 -1.308729 0.747610 -0.760880 -1.176360 0.747610 -0.760880 -1.199210 0.747610 -1.436072 -1.442360 0.747610 -1.436072 -1.463570 0.747610 -1.414132 -1.442204 0.747610 -0.782820 -1.438892 0.747610 -0.771850 -1.430585 0.747610 -0.763820 -1.419510 0.747610 -0.760880 -0.514020 0.747610 -0.760880 -0.514020 0.747610 -1.436072 -0.371616 -0.747610 -1.436072 -0.371616 -0.747610 -0.760880 -1.308729 -0.747610 -0.760880 -1.331580 -0.747610 -1.436072 0.926473 -0.747610 -1.332150 0.928657 -0.747610 -0.760880 0.594586 -0.747610 -0.760880 0.594586 -0.747610 -1.332150 0.512999 0.747610 -1.332150 0.512999 0.747610 -0.760880 0.594586 0.747610 -0.760880 0.594586 0.747610 -1.332150 -1.473698 -0.747610 -1.517698 -1.584479 -0.747610 -1.517698 -1.606431 -0.747610 -1.539650 -0.169508 -0.747610 -1.409028 -0.169508 -0.747610 -0.760880 -0.371616 0.747610 -0.760880 -0.371616 0.747610 -1.436072 0.512999 -0.747610 -1.332150 0.512999 -0.747610 -0.760880 0.405014 -0.747610 -0.760880 0.405015 -0.747610 -1.332150 -0.146826 0.747610 -1.405993 -0.146826 0.747610 -0.760880 0.405015 0.747610 -0.760880 
						0.405015 0.747610 -1.332150 -0.146826 0.747610 -1.911080 -0.146826 0.747610 -1.752292 0.405015 0.747610 -1.560617 0.405015 0.747610 -1.743251 0.512999 -0.747610 -1.710410 0.512999 -0.747610 -1.560617 0.405015 -0.747610 -1.560617 0.405015 -0.747610 -1.743251 -0.514020 0.747610 -1.979444 -0.514020 0.747610 -1.830370 -0.371616 0.747610 -1.830370 -0.371616 0.747610 -1.979444 -0.169508 -0.747610 -1.917978 -0.169508 -0.747610 -1.760170 -0.371616 -0.747610 -1.830370 -0.371616 -0.747610 -1.979444 -1.419510 -0.747610 -0.760880 -1.430585 -0.747610 -0.763820 -1.438892 -0.747610 -0.771850 -1.442204 -0.747610 -0.782820 -1.463570 -0.747610 -1.414132 -1.442360 -0.747610 -1.436072 0.512999 0.747610 -1.710410 0.512999 0.747610 -1.560617 0.594586 0.747610 -1.560617 0.594586 0.747610 -1.685597 0.925123 -0.747610 -1.685597 0.925600 -0.747610 -1.560617 0.594586 -0.747610 -1.560617 0.594586 -0.747610 -1.685597 -1.341329 -0.747610 -1.979444 -1.341329 -0.747610 -1.830370 -0.514020 -0.747610 -1.830370 -0.514020 -0.747610 -1.979444 -1.341329 0.747610 -1.979444 -1.341329 0.747610 -1.830370 -1.584479 0.747610 -1.979444 -1.595455 0.747610 -1.976503 -1.603490 0.747610 -1.968468 -1.606431 0.747610 -1.957492 -1.606431 0.747610 -1.830370 -1.473698 0.747610 -1.830370 -1.473698 0.747610 -1.979444 0.926445 0.747610 -1.332150 0.928595 0.747610 -0.760880 1.388767 0.747610 -0.760880 1.399743 0.747610 -0.763821 1.407778 0.747610 -0.771856 1.410719 0.747610 -0.782832 1.410719 0.747610 -1.332150 0.925585 0.747610 -1.560617 0.926235 0.747610 -1.388009 1.410719 0.747610 -1.388009 1.410719 0.747610 -1.560617 -0.146826 0.747610 -1.480160 0.405015 0.747610 -1.388009 0.512999 -0.747610 -1.388009 0.405015 -0.747610 -1.388009 -0.514020 0.747610 -1.517698 -0.371616 0.747610 -1.517698 -0.169508 -0.747610 -1.483948 -0.371616 -0.747610 -1.517698 0.926260 -0.747610 -1.388009 
						0.594586 -0.747610 -1.388009 0.512999 0.747610 -1.388009 0.594586 0.747610 -1.388009 -1.584479 0.747610 -1.517698 -1.587395 0.747610 -1.506765 -1.483348 0.747610 -1.447005 -1.473698 0.747610 -1.517698 -1.341329 -0.747610 -1.517698 -0.514020 -0.747610 -1.517698 -1.341329 0.747610 -1.517698 -1.483348 -0.747610 -1.447005 -1.587395 -0.747610 -1.506765 0.925115 0.747610 -1.685597 1.410719 0.747610 -1.663645 1.407778 0.747610 -1.674621 1.399743 0.747610 -1.682656 1.388767 0.747610 -1.685597 -1.606431 0.747610 -1.539650 -1.830159 -0.653731 -0.259857 -1.826531 -0.655336 -0.270630 -1.822432 -0.665203 -0.270295 -1.824936 -0.664800 -0.259857 -1.818256 -0.656348 -0.278558 -1.816784 -0.665991 -0.276121 -1.807240 -0.656532 -0.281814 -1.806931 -0.667290 -0.278562 -1.806931 -0.667290 -0.278562 -1.805884 -0.675347 -0.270638 -1.815925 -0.671509 -0.270302 -1.816784 -0.665991 -0.276121 -1.815548 -0.673931 -0.259857 -1.824936 -0.664800 -0.259857 -1.822432 -0.665203 -0.270295 -1.815925 -0.671509 -0.270302 -1.825175 0.643853 1.197391 -1.821543 0.653822 1.198476 -1.823310 0.654104 1.188210 -1.818592 0.643943 1.210105 -1.817233 0.653895 1.206737 -1.809749 0.654314 1.214206 -1.809749 0.654314 1.214206 -1.807292 0.662730 1.205264 -1.815869 0.659761 1.200968 -1.817233 0.653895 1.206737 -1.803157 0.666723 1.195025 -1.814303 0.662615 1.191921 -1.823310 0.654104 1.188210 -1.821543 0.653822 1.198476 -1.815869 0.659761 1.200968 -1.804340 0.678842 -0.259857 -1.805884 0.675347 -0.270638 -1.815925 0.671509 -0.270301 -1.815548 0.673931 -0.259857 -1.806931 0.667289 -0.278562 -1.816784 0.665991 -0.276121 -1.807240 0.656532 -0.281814 -1.818256 0.656348 -0.278558 -1.816784 0.665991 -0.276121 -1.806931 0.667289 -0.278562 -1.826531 0.655336 -0.270630 -1.822432 0.665203 -0.270295 -1.830159 0.653730 -0.259857 -1.824936 0.664800 -0.259857 -1.824936 0.664800 -0.259857 
						-1.822432 0.665203 -0.270295 -1.815925 0.671509 -0.270301 -1.823310 -0.654104 1.188210 -1.821543 -0.653822 1.198476 -1.825175 -0.643853 1.197391 -1.814303 -0.662615 1.191921 -1.815869 -0.659761 1.200968 -1.807292 -0.662730 1.205264 -1.815869 -0.659761 1.200968 -1.814303 -0.662615 1.191921 -1.807292 -0.662730 1.205264 -1.809749 -0.654314 1.214206 -1.817233 -0.653895 1.206737 -1.818592 -0.643943 1.210105 -1.761119 -0.610411 -0.281814 -1.753801 -0.488704 -0.281814 -1.753801 -0.603092 -0.281814 -1.746482 -0.488704 -0.281814 -1.746482 -0.595774 -0.281814 -1.739163 -0.488704 -0.281814 -1.739163 -0.588455 -0.281814 -1.606431 0.603092 -0.281814 -1.715843 0.603092 -0.281814 -1.606431 0.595774 -0.281814 -1.710410 0.595774 -0.281814 -1.606431 0.588455 -0.281814 -1.704976 0.588455 -0.281814 -1.473698 -0.603092 1.056972 -1.473698 -0.603092 1.114277 -1.473698 -0.595774 1.056972 -1.473698 -0.595774 1.114277 -1.473698 -0.588455 1.056972 -1.473698 -0.588455 1.114277 -1.473698 0.588455 1.114277 -1.473698 0.588455 1.056972 -1.473698 0.595774 1.056972 -1.473698 0.595774 1.114277 -1.473698 0.603092 1.056972 -1.473698 0.603092 1.114277 -1.715843 -0.603092 -0.281814 -1.710410 -0.595774 -0.281814 -1.704976 -0.588455 -0.281814 -1.473698 0.603092 -0.281814 -1.473698 0.595774 -0.281814 -1.473698 0.588455 -0.281814 -1.473698 -0.603092 -0.281814 -1.473698 -0.601263 -0.182192 -1.473698 -0.595774 -0.281814 -1.473698 -0.593585 -0.182192 -1.473698 -0.588455 -0.281814 -1.473698 -0.588455 -0.182192 -1.473698 0.588455 -0.182192 -1.473698 0.588455 -0.281814 -1.473698 0.595774 -0.281814 -1.473698 0.593585 -0.182192 -1.473698 0.603092 -0.281814 -1.473698 0.601263 -0.182192 -1.606431 -0.603092 -0.281814 -1.473698 -0.603092 -0.281814 -1.606431 -0.595774 -0.281814 -1.473698 -0.595774 -0.281814 -1.606431 -0.588455 -0.281814 -1.473698 -0.588455 -0.281814 -0.514020 0.603092 1.746413 
						-1.341329 0.603092 1.201468 -0.514020 0.595774 1.746413 -1.341329 0.595774 1.201468 -0.514020 0.588455 1.746413 -1.341329 0.588455 1.201468 -0.514020 -0.603092 1.746413 -0.371616 -0.601263 1.840214 -0.514020 -0.595774 1.746413 -0.371616 -0.593585 1.840214 -0.514020 -0.588455 1.746413 -0.371616 -0.588455 1.840214 0.405015 -0.603092 1.840214 0.515899 -0.603092 1.840214 0.405015 -0.595774 1.840214 0.515899 -0.595774 1.840214 0.405015 -0.588455 1.840214 0.515899 -0.588455 1.840214 0.405015 0.603092 1.840214 -0.172000 0.603092 1.840214 0.405015 0.595774 1.840214 -0.172000 0.595774 1.840214 0.405015 0.588455 1.840214 -0.172000 0.588455 1.840214 -1.473698 -0.603092 1.114277 -1.341329 -0.603092 1.201468 -1.473698 -0.595774 1.114277 -1.341329 -0.595774 1.201468 -1.473698 -0.588455 1.114277 -1.341329 -0.588455 1.201468 0.594586 0.603092 1.840214 0.515899 0.603092 1.840214 0.594586 0.595774 1.840214 0.515899 0.595774 1.840214 0.594586 0.588455 1.840214 0.515899 0.588455 1.840214 0.967291 -0.610411 1.840214 0.594586 -0.603092 1.840214 0.966411 -0.603092 1.840214 0.594586 -0.595774 1.840214 0.965532 -0.595774 1.840214 0.594586 -0.588455 1.840214 0.964652 -0.588455 1.840214 -0.371616 0.603092 1.840214 -0.371616 0.595774 1.840214 -0.371616 0.588455 1.840214 -0.371616 -0.610411 1.840214 -0.371616 -0.601263 1.840214 -0.172000 -0.601733 1.840214 -0.371616 -0.593585 1.840214 -0.172000 -0.594148 1.840214 -0.371616 -0.588455 1.840214 -0.172000 -0.588455 1.840214 1.339997 0.610411 1.840214 1.406776 0.603092 1.840214 1.338237 0.603092 1.840214 1.404854 0.595774 1.840214 1.336478 0.595774 1.840214 1.402933 0.588455 1.840214 1.334718 0.588455 1.840214 1.591145 -0.499106 1.840214 1.704703 -0.248850 1.840214 1.585468 -0.493905 1.840214 1.697687 -0.246601 1.840214 1.579791 -0.488704 1.840214 
						1.690671 -0.244352 1.840214 1.753700 0.000000 1.840214 1.746241 0.000000 1.840214 1.738782 0.000000 1.840214 1.704703 0.248850 1.840214 1.697687 0.246601 1.840214 1.690671 0.244352 1.840214 1.591145 0.499106 1.840214 1.585468 0.493905 1.840214 1.579791 0.488704 1.840214 -1.739163 0.488705 -0.281814 -1.739163 0.244352 -0.281814 -1.746482 0.244352 -0.281814 -1.746482 0.488704 -0.281814 -1.753801 0.244352 -0.281814 -1.753801 0.488704 -0.281814 -1.739163 0.000000 -0.281814 -1.746482 0.000000 -0.281814 -1.753801 0.000000 -0.281814 -1.739163 -0.244352 -0.281814 -1.746482 -0.244352 -0.281814 -1.753801 -0.244352 -0.281814 1.402933 -0.588455 1.840214 1.404854 -0.595774 1.840214 1.406776 -0.603092 1.840214 -1.739163 0.588455 -0.281814 -1.746482 0.595774 -0.281814 -1.753801 0.603092 -0.281814 -1.861971 -0.488704 -0.259857 -1.858981 -0.488704 -0.270835 -1.850809 -0.488704 -0.278872 -1.839647 -0.488704 -0.281814 -1.804343 0.678842 0.948041 -1.815729 0.674178 0.943729 -1.825179 0.664987 0.940572 -1.825179 0.664987 0.940572 -1.804341 0.678842 0.896904 -1.804340 0.678842 -0.182192 -1.815728 0.674179 -0.182192 -1.815728 0.674179 0.892752 -1.825178 0.664987 -0.182192 -1.825178 0.664987 0.889712 -1.825178 0.664987 0.889712 -1.825178 0.664987 -0.182192 -1.815728 -0.674179 -0.182192 -1.815548 -0.673931 -0.259857 -1.815728 -0.674179 -0.182192 -1.825178 -0.664987 -0.182192 -1.824936 -0.664800 -0.259857 -1.606431 0.708332 -0.270835 -1.754512 0.683843 -0.270689 -1.606431 0.700326 -0.278872 -1.755289 0.675799 -0.278642 -1.755289 0.675799 -0.278642 -1.606431 0.700326 -0.278872 -1.606431 0.689389 -0.281814 -1.755518 0.664994 -0.281814 -1.815729 -0.674179 0.943729 -1.815728 -0.674179 0.892752 -1.815728 -0.674179 0.892752 -1.815729 -0.674179 0.943729 -1.825179 -0.664987 0.940572 -1.825178 -0.664987 0.889712 -1.484676 -0.708326 1.050009 
						-1.484676 -0.707670 1.119354 -1.484676 -0.707670 1.119354 -1.476640 -0.700302 1.055107 -1.476640 -0.700122 1.115638 -1.476640 -0.700122 1.115638 -1.476640 -0.700302 1.055107 -1.476640 0.700302 1.055107 -1.476640 0.700122 1.115638 -1.476640 0.700122 1.115638 -1.476640 0.700302 1.055107 -1.484676 0.708326 1.050009 -1.484676 0.707670 1.119354 -1.484676 0.707670 1.119354 -1.824936 0.664800 -0.259857 -1.754512 -0.683843 -0.270689 -1.755289 -0.675799 -0.278642 -1.755289 -0.675799 -0.278642 -1.755518 -0.664994 -0.281814 -1.484676 0.708330 -0.270835 -1.476640 0.700316 -0.278872 -1.606431 0.700326 -0.278872 -1.476640 0.700316 -0.278872 -1.484676 -0.708330 -0.270835 -1.484676 -0.708328 -0.182192 -1.476640 -0.700316 -0.278872 -1.476640 -0.700308 -0.182192 -1.476640 -0.700308 -0.182192 -1.476640 -0.700316 -0.278872 -1.476640 0.700316 -0.278872 -1.476640 0.700308 -0.182192 -1.476640 0.700308 -0.182192 -1.476640 0.700316 -0.278872 -1.484676 0.708328 -0.182192 -1.771022 0.646157 1.247788 -1.657184 0.664882 1.324117 -1.770453 0.657036 1.242515 -1.770453 0.657036 1.242515 -1.657184 0.664882 1.324117 -1.654901 0.673784 1.314491 -1.768041 0.665577 1.233397 -1.657184 -0.664883 1.324117 -1.524463 -0.664875 1.417792 -1.654901 -0.673784 1.314491 -1.522212 -0.673753 1.408185 -1.522212 -0.673753 1.408185 -1.654901 -0.673784 1.314491 -1.606431 -0.708333 -0.270835 -1.606431 -0.700326 -0.278872 -1.476640 -0.700316 -0.278872 -1.476640 -0.700316 -0.278872 -1.606431 -0.700326 -0.278872 -1.606431 -0.689389 -0.281814 -1.473698 -0.689368 -0.281814 1.365579 0.656137 2.207168 1.436638 0.656360 2.206268 1.431643 0.667568 2.203240 1.361005 0.667334 2.203963 1.428112 0.676251 2.194964 1.357773 0.676019 2.195554 1.357773 0.676019 2.195554 1.428112 0.676251 2.194964 -1.770453 -0.657036 1.242515 -1.768041 -0.665577 1.233397 -1.768041 -0.665577 1.233397 
						-0.193310 0.659121 2.213392 -0.375038 0.657395 2.213883 -0.375038 0.657395 2.213883 -0.193310 0.659121 2.213392 -0.192542 0.668006 2.203594 -0.374000 0.666334 2.204127 -0.373349 0.708601 1.863117 -0.396352 0.673267 2.167146 -0.372976 0.670590 2.192036 -0.422299 -0.646930 2.203477 -0.564852 -0.664829 2.095047 -0.421658 -0.658152 2.198517 -0.562785 -0.673573 2.085488 -0.420767 -0.667083 2.188591 0.594586 0.664800 2.211807 0.515899 0.664800 2.211793 0.515899 0.664800 2.211793 0.594586 0.664800 2.211807 0.594586 0.673501 2.201958 0.515899 0.673506 2.201907 0.594586 -0.664800 2.211807 0.977796 -0.666067 2.207885 0.977796 -0.666067 2.207885 0.594586 -0.664800 2.211807 0.594586 -0.673501 2.201958 0.976179 -0.674760 2.198757 -1.392106 -0.664867 1.511222 -1.389891 -0.673719 1.501664 -1.389891 -0.673719 1.501664 -1.524463 0.664875 1.417792 -1.524463 0.664875 1.417792 -1.522212 0.673753 1.408185 0.405015 -0.664802 2.211775 0.515899 -0.664800 2.211794 0.515899 -0.664800 2.211794 0.405015 -0.664802 2.211775 0.405015 -0.673512 2.201837 0.515899 -0.673506 2.201908 0.405015 0.664802 2.211775 0.405015 0.664802 2.211775 0.405015 0.673512 2.201837 -1.392106 0.664867 1.511222 -1.392106 0.664867 1.511222 -1.389891 0.673719 1.501664 -0.420767 -0.667083 2.188591 -0.562785 -0.673573 2.085488 -0.419812 -0.671329 2.176397 -0.193310 -0.659121 2.213392 -0.375038 -0.657395 2.213883 -0.515616 0.707176 1.757572 -1.343116 0.707040 1.212573 -1.343116 0.707040 1.212573 -0.515616 0.707176 1.757572 -0.514448 0.699984 1.749403 -1.341808 0.699950 1.204444 -1.341808 0.699950 1.204444 -0.514448 0.699984 1.749403 -0.515616 -0.707176 1.757572 -0.372483 -0.706992 1.851666 -0.372483 -0.706992 1.851666 -0.515616 -0.707176 1.757572 -0.514448 -0.699984 1.749403 -0.371848 -0.699932 1.843283 -0.371848 -0.699932 1.843283 
						-0.514448 -0.699984 1.749403 0.405015 -0.707226 1.851565 0.515899 -0.707231 1.851512 0.515899 -0.707231 1.851512 0.405015 -0.707226 1.851565 0.405015 -0.699993 1.843256 0.515899 -0.699993 1.843241 0.515899 -0.699993 1.843241 0.405015 -0.699993 1.843256 0.405015 -0.689310 1.840214 0.515899 -0.689308 1.840214 0.405015 0.707226 1.851565 -0.172644 0.707052 1.851640 -0.172644 0.707052 1.851640 0.405015 0.707226 1.851565 0.405015 0.699993 1.843256 -0.172173 0.699948 1.843276 -0.172173 0.699948 1.843276 0.405015 0.699993 1.843256 -1.343116 -0.707040 1.212573 -1.343116 -0.707040 1.212573 -1.484676 -0.707670 1.119354 -1.476640 -0.700122 1.115638 -1.341808 -0.699950 1.204444 -1.341808 -0.699950 1.204444 -1.476640 -0.700122 1.115638 0.594586 0.707234 1.851475 0.515899 0.707231 1.851512 0.515899 0.707231 1.851512 0.594586 0.707234 1.851475 0.594586 0.699994 1.843231 0.515899 0.699993 1.843241 0.515899 0.699993 1.843241 0.594586 0.699994 1.843231 0.594586 -0.707234 1.851475 0.978470 -0.705485 1.851453 0.978470 -0.705485 1.851453 0.594586 -0.707234 1.851475 0.594586 -0.699994 1.843231 0.977583 -0.698180 1.843226 0.977583 -0.698180 1.843226 0.594586 -0.699994 1.843231 0.594586 -0.689307 1.840214 0.976294 -0.687474 1.840214 -0.372483 0.706992 1.851666 -0.372483 0.706992 1.851666 -0.371848 0.699932 1.843283 -0.371848 0.699932 1.843283 -0.172644 -0.707052 1.851640 -0.172644 -0.707052 1.851640 -0.172173 -0.699948 1.843276 -0.172173 -0.699948 1.843276 -0.371848 -0.699932 1.843283 -0.371616 -0.689315 1.840214 -0.172000 -0.689314 1.840214 1.433117 0.703412 1.851428 1.362355 0.703734 1.851432 1.362355 0.703734 1.851432 1.433117 0.703412 1.851428 1.431179 0.696033 1.843219 1.360581 0.696367 1.843220 1.360581 0.696367 1.843220 1.431179 0.696033 1.843219 1.358002 0.685642 1.840214 
						1.667427 -0.568985 1.851389 1.803846 -0.280630 1.851353 1.803846 -0.280630 1.851353 1.667427 -0.568985 1.851389 1.661703 -0.563741 1.843208 1.796821 -0.278378 1.843199 1.796821 -0.278378 1.843199 1.661703 -0.563741 1.843208 1.857646 0.000000 1.851350 1.857646 0.000000 1.851350 1.850147 0.000000 1.843198 1.850147 0.000000 1.843198 1.803846 0.280630 1.851353 1.803846 0.280630 1.851353 1.796821 0.278378 1.843199 1.796821 0.278378 1.843199 1.667427 0.568985 1.851389 1.667427 0.568985 1.851389 1.661703 0.563741 1.843208 1.661703 0.563741 1.843208 1.773760 -0.271995 2.198598 1.646386 -0.552602 2.193842 1.646386 -0.552602 2.193842 1.773760 -0.271995 2.198598 1.763795 -0.271556 2.207109 1.636673 -0.551607 2.202466 1.827939 0.000000 2.196649 1.827939 0.000000 2.196649 1.817975 0.000000 2.205158 1.773760 0.271995 2.198598 1.773760 0.271995 2.198598 1.763795 0.271556 2.207109 1.646386 0.552602 2.193841 1.646386 0.552602 2.193841 1.636673 0.551607 2.202466 -1.839647 0.488705 -0.281814 -1.839686 0.244352 -0.281814 -1.850829 0.244352 -0.278872 -1.850809 0.488705 -0.278872 -1.858986 0.244352 -0.270835 -1.858981 0.488705 -0.270835 -1.858986 0.244352 -0.270835 -1.861971 0.244352 -0.259857 -1.861971 0.488704 -0.259857 -1.839699 0.000000 -0.281814 -1.850835 0.000000 -0.278872 -1.858988 0.000000 -0.270835 -1.858988 0.000000 -0.270835 -1.861971 0.000000 -0.259857 -1.839686 -0.244352 -0.281814 -1.850829 -0.244352 -0.278872 -1.858986 -0.244352 -0.270835 -1.858986 -0.244352 -0.270835 -1.861971 -0.244352 -0.259857 -1.846449 -0.488704 1.208249 -1.846449 -0.244352 1.208249 -1.839785 -0.488704 1.221320 -1.839786 -0.244352 1.221320 -1.831081 -0.244352 1.231144 -1.412138 -0.000000 1.541957 -1.435288 0.000000 1.574763 -1.849287 -0.244352 1.195433 -1.889080 -0.244352 1.200785 -1.831081 0.244352 1.231144 
						-1.857959 0.244352 1.260972 -1.791456 0.488704 1.263014 -1.831080 0.488704 1.231145 -1.856244 0.488704 1.262432 -1.816364 0.488704 1.294501 -1.831081 -0.244352 1.231144 -1.857959 -0.244352 1.260972 -1.861971 -0.244352 0.939417 -1.902074 -0.244352 0.941404 -1.846449 0.244352 1.208249 -1.846449 0.488704 1.208249 -1.839786 0.244352 1.221320 -1.839785 0.488704 1.221320 -1.831081 0.244352 1.231144 1.646386 -0.552602 2.193842 1.428112 -0.676251 2.194965 1.636673 -0.551607 2.202466 1.431643 -0.667568 2.203241 1.431643 -0.667568 2.203241 1.436638 -0.656360 2.206268 1.431179 0.696033 1.843219 1.433117 0.703412 1.851428 1.667427 0.568985 1.851389 1.431643 0.667568 2.203240 1.636673 0.551607 2.202466 1.646386 0.552602 2.193841 1.431179 -0.696033 1.843219 1.431179 -0.696033 1.843219 1.433117 -0.703412 1.851428 1.433117 -0.703412 1.851428 1.667427 -0.568985 1.851389 -1.473698 0.603092 1.114277 -1.473698 0.595774 1.114277 -1.473698 0.588455 1.114277 -1.484676 0.707670 1.119354 -1.476640 0.700122 1.115638 -1.476640 0.700122 1.115638 -1.807240 -0.656532 -0.281814 -1.736073 0.577852 -0.385554 -1.738868 0.581379 -0.396157 -1.742247 0.571524 -0.395765 -1.736073 0.577852 -0.385554 -1.728560 0.585365 -0.385554 -1.732087 0.588160 -0.396157 -1.738868 0.581379 -0.396157 -1.722234 0.591538 -0.395764 -1.722234 0.591538 -0.395764 -1.726646 0.599070 -0.403295 -1.737588 0.594622 -0.403114 -1.732087 0.588160 -0.396157 -1.744994 0.604913 -0.406378 -1.755619 0.594286 -0.406378 -1.745329 0.586880 -0.403115 -1.749777 0.575935 -0.403295 -1.749777 0.575935 -0.403295 -1.745329 0.586880 -0.403115 -1.738868 0.581379 -0.396157 -1.739163 -0.567631 -0.385554 -1.742246 -0.571524 -0.395765 -1.738869 -0.581379 -0.396157 -1.736073 -0.577852 -0.385554 -1.749777 -0.575935 -0.403295 -1.745329 -0.586880 -0.403114 -1.755619 -0.594286 -0.406378 
						-1.745329 -0.586880 -0.403114 -1.749777 -0.575935 -0.403295 -1.744994 -0.604913 -0.406378 -1.737588 -0.594622 -0.403114 -1.726646 -0.599070 -0.403295 -1.722234 -0.591539 -0.395764 -1.732087 -0.588160 -0.396157 -1.728560 -0.585365 -0.385554 -1.732087 -0.588160 -0.396157 -1.722234 -0.591539 -0.395764 -1.728560 -0.585365 -0.385554 -1.732087 -0.588160 -0.396157 -1.737588 -0.594622 -0.403114 -1.812155 -0.630790 -0.409452 -1.806179 -0.645140 -0.409635 -1.797300 -0.635669 -0.406378 -1.812155 -0.630790 -0.409452 -1.818294 -0.638830 -0.416998 -1.812269 -0.651883 -0.416606 -1.806179 -0.645140 -0.409635 -1.815373 -0.655798 -0.427202 -1.806541 -0.664389 -0.427202 -1.802485 -0.661276 -0.416609 -1.789066 -0.666903 -0.417001 -1.802485 -0.661276 -0.416609 -1.806541 -0.664389 -0.427202 -1.789066 -0.666903 -0.417001 -1.780695 -0.660606 -0.409451 -1.795708 -0.655080 -0.409634 -1.802485 -0.661276 -0.416609 -1.786237 -0.646017 -0.406378 -1.795708 -0.655080 -0.409634 -1.801375 0.642404 -2.194973 -1.798552 0.642053 -2.204477 -1.801601 0.632645 -2.205118 -1.801375 0.642404 -2.194973 -1.793157 0.650516 -2.194801 -1.792823 0.647695 -2.204374 -1.798552 0.642053 -2.204477 -1.783357 0.650609 -2.204791 -1.783534 0.642567 -2.213094 -1.792952 0.642103 -2.210164 -1.793564 0.632713 -2.213248 -1.792952 0.642103 -2.210164 -1.783534 0.642567 -2.213094 -1.792823 0.647695 -2.204374 -0.378193 -0.680834 -2.195139 -0.374556 -0.678690 -2.197798 -0.369555 -0.681663 -2.190707 -0.385724 -0.672057 -2.206238 -0.378586 -0.672763 -2.203664 -0.382088 -0.662946 -2.208864 -0.378586 -0.672763 -2.203664 -0.385724 -0.672057 -2.206238 -0.373488 -0.673516 -2.199735 -0.167972 -0.677344 -2.113299 -0.369539 -0.674061 -2.194246 -0.370363 -0.669968 -2.193640 -0.365560 -0.663831 -2.190327 -0.369539 -0.674061 -2.194246 -0.369555 -0.681663 -2.190707 -0.374556 -0.678690 -2.197798 -1.783534 -0.642567 -2.213094 -1.792952 -0.642103 -2.210164 
						-1.793564 -0.632713 -2.213248 -1.783534 -0.642567 -2.213094 -1.783357 -0.650609 -2.204791 -1.792823 -0.647695 -2.204374 -1.792952 -0.642103 -2.210164 -1.793157 -0.650516 -2.194801 -1.801375 -0.642404 -2.194973 -1.798552 -0.642053 -2.204476 -1.805402 -0.632019 -2.194733 -1.801600 -0.632645 -2.205118 -1.798552 -0.642053 -2.204476 -1.801375 -0.642404 -2.194973 -1.792823 -0.647695 -2.204374 -0.374406 0.488704 -2.251199 -0.374616 0.663862 -2.201391 -0.373715 0.663825 -2.198786 -0.371616 0.655003 -2.195195 -0.382088 0.662946 -2.208865 -0.378586 0.672763 -2.203665 -0.373488 0.673516 -2.199736 -0.385724 0.672057 -2.206239 -0.385724 0.672057 -2.206239 -0.378193 0.680834 -2.195140 -0.374556 0.678690 -2.197798 -0.378586 0.672763 -2.203665 -0.369555 0.681663 -2.190708 -0.369555 0.681663 -2.190708 -0.369539 0.674061 -2.194246 -0.374556 0.678690 -2.197798 -1.797300 0.635669 -0.406378 -1.806179 0.645140 -0.409635 -1.812155 0.630790 -0.409452 -1.786237 0.646017 -0.406378 -1.795708 0.655080 -0.409634 -1.780695 0.660606 -0.409451 -1.789066 0.666903 -0.417001 -1.802485 0.661276 -0.416609 -1.806541 0.664388 -0.427202 -1.802485 0.661276 -0.416609 -1.789066 0.666903 -0.417001 -1.815373 0.655798 -0.427202 -1.812269 0.651883 -0.416606 -1.818294 0.638830 -0.416998 -1.812269 0.651883 -0.416606 -1.815373 0.655798 -0.427202 -1.812155 0.630790 -0.409452 -1.806179 0.645140 -0.409635 -1.812269 0.651883 -0.416606 -1.728751 -0.585665 -0.281814 -1.728751 -0.585665 -0.281814 -1.736373 -0.578043 -0.281814 -1.739163 -0.567630 -0.281814 -0.371616 0.591247 1.767481 -0.514020 0.591247 1.677248 -0.514020 0.591247 1.677248 -0.371616 0.598877 1.759059 -0.514020 0.598874 1.668762 -0.371616 0.598877 1.759059 -0.371616 -0.591247 1.767482 -0.169324 -0.591248 1.767471 -0.371616 -0.598877 1.759059 -0.171283 -0.598878 1.759056 -0.371616 -0.676998 1.755976 -0.170374 -0.676998 1.755976 
						-1.728751 0.585665 -0.281814 -1.736373 0.578043 -0.281814 -1.736373 0.578043 -0.281814 -1.473698 -0.591245 -0.395966 -1.351741 -0.591246 -0.395966 -1.351741 -0.591246 -0.395966 -1.473698 -0.591245 -0.395966 -1.473698 -0.598869 -0.403588 -1.344119 -0.598870 -0.403588 -1.346497 -0.676985 -0.406378 -1.473698 0.591245 -0.395966 -1.606431 0.591245 -0.395966 -1.473698 0.591245 -0.395966 -1.473698 0.598869 -0.403588 -1.606431 0.598869 -0.403588 -1.606431 0.598869 -0.403588 -1.473698 0.598869 -0.403588 0.594586 0.591255 -0.395966 0.520221 0.591254 -0.395966 0.520221 0.591254 -0.395966 0.594586 0.591255 -0.395966 0.594586 0.676965 -0.406378 0.512488 0.676970 -0.406378 -1.606431 -0.591245 -0.395966 -1.726646 -0.599070 -0.403295 -1.606431 -0.598869 -0.403588 -1.606431 -0.598869 -0.403588 -0.370025 -0.604149 -2.159446 -0.371616 -0.596681 -2.162629 -0.368826 -0.488704 -2.157288 -0.368521 -0.599018 -2.156580 -0.360066 -0.591285 -2.152262 -0.169287 -0.591352 -2.088616 -0.169287 -0.591352 -2.088616 -0.360066 -0.591285 -2.152262 -0.348517 -0.588455 -2.150682 0.924594 -0.610853 -1.821450 0.594586 -0.611026 -1.821450 0.594586 -0.599741 -1.824291 0.924594 -0.599654 -1.824289 0.924594 -0.599654 -1.824289 0.594586 -0.599741 -1.824291 0.594586 -0.591479 -1.832054 0.924594 -0.591456 -1.832045 0.924594 -0.591456 -1.832045 0.594586 -0.591479 -1.832054 0.594586 0.599741 -1.824291 0.513386 0.599863 -1.852006 0.513386 0.599863 -1.852006 0.594586 0.599741 -1.824291 0.594586 0.591479 -1.832054 0.514444 0.591512 -1.859533 0.514444 0.591512 -1.859533 0.594586 0.591479 -1.832054 0.594586 0.588455 -1.842657 0.515889 0.588455 -1.869814 1.319574 0.588455 -0.385554 1.610695 0.588455 -0.385554 1.600283 0.591263 -0.395966 1.319567 0.591258 -0.395966 1.319567 0.591258 -0.395966 1.600283 0.591263 -0.395966 1.592661 0.598936 -0.403588 1.319564 0.598918 -0.403588 
						1.589871 0.609419 -0.411546 1.589871 0.676926 -0.411546 1.592661 0.599364 -1.824284 1.410719 0.599526 -1.824286 1.410719 0.599526 -1.824286 1.592661 0.599364 -1.824284 1.600283 0.591378 -1.832027 1.410719 0.591421 -1.832033 1.410719 0.591421 -1.832033 1.600283 0.591378 -1.832027 1.610695 0.588455 -1.685597 1.600283 0.591345 -1.685597 1.600283 0.591345 -1.685597 1.600283 0.591378 -1.832027 1.592661 0.599364 -1.824284 1.592661 0.599242 -1.685597 1.592661 0.599242 -1.685597 1.592661 0.599364 -1.824284 1.592661 -0.599364 -1.824284 1.592661 -0.599242 -1.685597 1.592661 -0.599242 -1.685597 1.592661 -0.599364 -1.824284 1.600283 -0.591378 -1.832027 1.600283 -0.591345 -1.685597 1.600283 -0.591345 -1.685597 1.600283 -0.591378 -1.832027 0.415427 0.591248 1.767439 -0.169324 0.591248 1.767471 0.407805 0.598880 1.759048 -0.171283 0.598877 1.759056 0.405015 0.676996 1.750808 0.405914 -0.600025 -1.888687 0.513386 -0.599863 -1.852006 0.513386 -0.599863 -1.852006 0.405914 -0.600025 -1.888687 0.408373 -0.591555 -1.895902 0.514444 -0.591512 -1.859533 0.514444 -0.591512 -1.859533 0.408373 -0.591555 -1.895902 0.515889 -0.588455 -1.869814 -0.371616 0.596681 -2.162629 -0.159904 0.599289 -2.084415 0.405914 0.600025 -1.888687 0.408373 0.591555 -1.895902 -0.160943 0.591355 -2.085833 -0.160943 0.591355 -2.085833 0.408373 0.591555 -1.895902 0.411731 0.588455 -1.905758 -0.160832 0.588455 -2.090217 0.425839 0.588455 -0.281814 0.425839 0.588455 -0.385554 0.415427 0.591253 -0.395966 0.415427 0.591251 -0.281814 0.415427 0.591251 -0.281814 0.415427 0.591253 -0.395966 0.407804 0.598897 -0.403588 0.407804 0.598890 -0.281814 0.405015 0.609338 -0.401210 0.425839 0.588455 -0.182192 0.415427 0.591249 -0.182192 0.415427 0.591249 -0.182192 0.407804 0.598884 -0.182192 0.407804 0.598890 -0.281814 0.407804 -0.598890 -0.281814 
						0.407804 -0.598884 -0.182192 0.407804 -0.598884 -0.182192 0.407804 -0.598890 -0.281814 0.415427 -0.591251 -0.281814 0.415427 -0.591249 -0.182192 0.415427 -0.591249 -0.182192 0.415427 -0.591251 -0.281814 0.407804 -0.598897 -0.406378 0.407804 -0.598897 -0.406378 0.415427 -0.591253 -0.406378 0.415427 -0.591253 -0.406378 1.610695 0.588455 -0.557425 1.600283 0.591269 -0.557425 1.600283 0.591263 -0.395966 1.600283 0.591269 -0.557425 1.592661 0.598959 -0.557425 1.592661 0.598936 -0.403588 1.591158 0.604581 -0.405091 0.517057 -0.598914 -0.554635 0.407804 -0.598906 -0.554635 0.406305 -0.604523 -0.556135 0.410182 -0.609359 -0.557425 0.516365 -0.609373 -0.557425 0.407804 -0.598906 -0.554635 0.415427 -0.591255 -0.547013 0.415427 -0.591255 -0.547013 0.520221 -0.591257 -0.547013 0.520221 -0.591257 -0.547013 0.415427 -0.591255 -0.547013 0.407804 -0.598906 -0.554635 0.517057 -0.598914 -0.554635 0.594586 -0.591259 -0.547013 0.929188 -0.591261 -0.547013 0.929188 -0.591261 -0.547013 0.594586 -0.591259 -0.547013 0.594586 -0.598919 -0.554635 0.929173 -0.598926 -0.554635 0.929173 -0.598926 -0.554635 0.594586 -0.598919 -0.554635 1.610695 0.588455 -1.560617 1.600283 0.591320 -1.560617 1.600283 0.591320 -1.560617 1.592661 0.599150 -1.560617 1.592661 0.599150 -1.560617 1.592661 -0.599150 -1.560617 1.592661 -0.599150 -1.560617 1.600283 -0.591321 -1.560617 1.600283 -0.591321 -1.560617 -1.338539 0.687420 1.134288 -1.338539 0.687419 -0.182192 -1.341329 0.676998 1.135640 -1.356266 0.590033 1.148126 -1.351741 0.591246 1.140643 -1.351741 0.591246 -0.182192 -1.336812 0.676998 1.143793 -0.514020 -0.591247 1.677248 -0.371616 -0.591247 1.767482 -0.514020 -0.591247 1.677248 -0.514020 -0.598875 1.668762 -0.371616 -0.598877 1.759059 -0.514020 -0.609294 1.665655 -0.371616 -0.609299 1.755976 -1.726646 0.599070 -0.403295 -1.741953 0.488704 -0.395966 
						-1.741953 0.244352 -0.395966 -1.749576 0.488704 -0.403588 -1.749576 0.244352 -0.403588 -1.749576 0.244352 -0.403588 -1.749576 0.488704 -0.403588 -1.741953 0.000000 -0.395966 -1.749576 0.000000 -0.403588 -1.749576 0.000000 -0.403588 -1.741953 -0.244352 -0.395966 -1.749576 -0.244352 -0.403588 -1.749576 -0.244352 -0.403588 -1.741953 -0.488704 -0.395966 -1.749576 -0.488704 -0.403588 -1.749576 -0.488704 -0.403588 -0.368826 -0.244352 -2.157691 -0.368826 -0.488704 -2.157288 -0.368826 -0.244352 -2.157691 -0.361204 -0.244352 -2.152560 -0.361204 -0.488704 -2.152452 -0.368826 0.000000 -2.157822 -0.368826 0.000000 -2.157822 -0.361204 0.000000 -2.152595 -0.368826 0.244352 -2.157691 -0.368826 0.244352 -2.157691 -0.361204 0.244352 -2.152560 -0.368826 0.488704 -2.157288 -0.368826 0.488704 -2.157288 -0.361204 0.488704 -2.152452 0.405015 -0.609305 1.750808 0.407805 -0.598880 1.759048 0.415427 -0.591248 1.767439 0.415427 -0.591248 1.767439 0.415427 0.591248 1.767439 0.407805 0.598880 1.759048 -0.171283 0.598877 1.759056 0.407805 0.598880 1.759048 0.406300 0.604503 1.757391 -0.368521 0.599018 -2.156580 -0.360066 0.591285 -2.152263 -0.348517 0.588455 -2.150682 -0.348517 -0.588455 -2.150682 -1.347206 -0.591246 1.148822 -1.339592 -0.598873 1.145144 -1.351741 -0.591246 1.140643 -1.351741 -0.591246 -0.182192 -1.344119 -0.598871 -0.182192 -1.344119 -0.598873 1.136976 -1.341329 -0.609291 1.135640 -1.341329 -0.676998 1.135640 -1.351741 0.591246 -0.395966 -1.351741 0.591246 -0.395966 -1.344119 0.598870 -0.403588 -1.341329 0.676985 -0.401210 -1.344119 0.598871 -0.182192 -1.344119 0.598871 -0.281814 -1.351741 0.591246 -0.281814 -1.351741 0.591246 -0.281814 -1.351741 -0.591246 -0.281814 -1.351741 -0.591246 -0.281814 -1.344119 -0.598871 -0.281814 -1.344119 0.598870 -0.403588 -1.342623 0.604452 -0.405084 -1.344119 0.598870 -0.403588 -1.351741 0.591246 -0.395966 
						-1.341329 0.609291 1.135640 -1.347206 0.591246 1.148822 -1.339592 0.598873 1.145144 -1.347206 0.591246 1.148822 -1.351741 -0.591246 -0.395966 -1.344119 -0.598870 -0.403588 -1.341329 -0.609285 -0.401210 -1.347206 -0.591246 1.148822 -0.514020 -0.676999 1.665655 -1.336812 -0.676998 1.143793 -1.334012 -0.687420 1.142455 -0.514020 -0.687421 1.662549 -1.336812 -0.609291 1.143793 -0.371616 0.687420 1.752893 -0.514020 0.687420 1.662549 -0.514020 0.687420 1.662549 -0.371616 0.687420 1.752893 -0.371616 0.695050 1.744470 -0.514020 0.695050 1.654062 -0.514020 0.695050 1.654062 0.403729 0.681797 1.754561 0.402225 0.687419 1.752904 -0.147634 0.687420 1.752896 -0.170234 -0.687420 1.752896 -0.371616 -0.687420 1.752893 -0.371616 -0.695050 1.744470 -0.172218 -0.695050 1.744481 -1.806714 -0.664628 -0.557425 -1.806714 -0.664628 -0.557425 -1.815607 -0.655977 -0.557425 -1.340036 0.681819 -0.407671 -1.338539 0.687414 -0.409168 -1.473698 0.687409 -0.409168 -1.338539 -0.687414 -0.409168 -1.473698 -0.687409 -0.409168 -1.473698 -0.695047 -0.416790 -1.330917 -0.695048 -0.416790 -1.330917 -0.695048 -0.416790 -1.473698 -0.695047 -0.416790 -1.606431 0.687403 -0.409168 -1.473698 0.695047 -0.416790 -1.606431 0.695045 -0.416790 -1.606431 0.695045 -0.416790 -1.473698 0.695047 -0.416790 0.511798 0.687406 -0.409168 0.594586 0.687403 -0.409168 0.594586 0.695045 -0.416790 0.508518 0.695046 -0.416790 0.508518 0.695046 -0.416790 0.594586 0.695045 -0.416790 -1.606431 -0.687403 -0.409168 -1.606431 -0.687403 -0.409168 -1.780695 -0.660606 -0.409451 -1.606431 -0.695045 -0.416790 -1.806712 0.664627 -1.979444 -1.815607 0.655975 -1.979444 -1.815607 0.655975 -1.979444 -1.606431 -0.664397 -2.218094 -1.606431 -0.655895 -2.227092 -1.606431 -0.655895 -2.227092 -0.167983 -0.685095 -2.108656 -0.167983 -0.685095 -2.108656 -0.167972 -0.677344 -2.113299 -0.145350 0.677712 -2.104215 
						0.405015 0.686674 -1.883198 0.594586 -0.694900 -1.810836 0.924594 -0.694915 -1.810844 0.924594 -0.694915 -1.810844 0.594586 -0.694900 -1.810836 0.594586 -0.686860 -1.818606 0.924594 -0.686917 -1.818608 0.924594 -0.686917 -1.818608 0.594586 -0.686860 -1.818606 0.594586 -0.675878 -1.821450 0.924594 -0.675991 -1.821450 -1.473698 0.664398 -2.218083 -1.606431 0.664397 -2.218094 -1.473698 0.655894 -2.227090 -1.606431 0.655895 -2.227093 -1.606431 0.655895 -2.227093 -1.473698 0.655894 -2.227090 -1.473698 -0.664398 -2.218083 -1.341329 -0.664400 -2.218062 -1.473698 -0.655894 -2.227090 -1.341329 -0.655892 -2.227084 -1.341329 -0.655892 -2.227084 -1.473698 -0.655894 -2.227090 -1.341329 0.655892 -2.227085 -1.341329 0.655892 -2.227085 -1.341329 0.664400 -2.218063 0.594586 0.694900 -1.810836 0.512999 0.694878 -1.838629 0.512999 0.694878 -1.838629 0.594586 0.694900 -1.810836 0.594586 0.686860 -1.818606 0.512999 0.686780 -1.846405 0.512999 0.686780 -1.846405 0.594586 0.686860 -1.818606 1.588581 0.681762 -0.407668 1.587081 0.687370 -0.557425 1.587081 0.687384 -0.409168 1.579458 0.695040 -0.416790 1.319588 0.695043 -0.416790 1.319588 0.695043 -0.416790 1.579458 0.695040 -0.416790 1.579458 0.694965 -1.810864 1.410719 0.694937 -1.810857 1.410719 0.694937 -1.810857 1.579458 0.694965 -1.810864 1.587081 0.687106 -1.818613 1.410719 0.687000 -1.818612 1.410719 0.687000 -1.818612 1.587081 0.687106 -1.818613 1.587081 0.687106 -1.818613 1.587081 0.687185 -1.685597 1.587081 0.687185 -1.685597 1.587081 0.687106 -1.818613 1.579458 0.694965 -1.810864 1.579458 0.694987 -1.685597 1.579458 0.694987 -1.685597 1.579458 -0.694965 -1.810864 1.579458 -0.694987 -1.685597 1.579458 -0.694987 -1.685597 1.579458 -0.694965 -1.810864 1.587081 -0.687106 -1.818613 1.587081 -0.687185 -1.685597 1.587081 -0.687185 -1.685597 1.587081 -0.687106 -1.818613 
						0.403729 0.681797 1.754561 0.402225 0.687417 -0.182192 0.402225 0.687419 1.752904 -0.147634 0.687420 1.752896 0.402225 0.687419 1.752904 0.394602 0.695049 1.744512 -0.149840 0.695050 1.744483 0.405015 -0.694850 -1.875414 0.512999 -0.694878 -1.838629 0.512999 -0.694878 -1.838629 0.405015 -0.694850 -1.875414 0.405015 -0.686675 -1.883198 0.512999 -0.686780 -1.846405 0.512999 -0.686780 -1.846405 0.405015 -0.686675 -1.883198 0.405015 0.694850 -1.875414 -0.145361 0.685480 -2.099448 -0.145361 0.685480 -2.099448 0.405015 0.694850 -1.875414 0.405015 0.686674 -1.883198 -0.145350 0.677712 -2.104215 -0.370363 0.669968 -2.193640 0.402225 0.687414 -0.281814 0.402225 0.687409 -0.409168 0.394602 0.695047 -0.416790 0.394602 0.695048 -0.281814 0.394602 0.695048 -0.281814 0.394602 0.695047 -0.416790 0.402225 0.687417 -0.182192 0.394602 0.695049 -0.182192 0.394602 0.695049 -0.182192 0.384190 -0.697842 -0.182192 0.384190 -0.697842 -0.281814 0.394602 -0.695048 -0.281814 0.394602 -0.695049 -0.182192 0.394602 -0.695049 -0.182192 0.394602 -0.695048 -0.281814 0.402225 -0.687414 -0.281814 0.402225 -0.687417 -0.182192 0.402225 -0.687414 -0.281814 0.384190 -0.697842 -0.406378 0.394602 -0.695047 -0.406378 0.394602 -0.695047 -0.406378 0.402225 -0.687409 -0.406378 0.402225 -0.687409 -0.406378 -1.806633 -0.663944 -0.760880 -1.806633 -0.663944 -0.760880 -1.815586 -0.655794 -0.760880 -1.806714 0.664628 -0.557425 -1.815607 0.655977 -0.557425 -1.815607 0.655977 -0.557425 1.587081 0.687384 -0.409168 1.587081 0.687370 -0.557425 1.579458 0.695036 -0.557425 1.579458 0.695040 -0.416790 1.579458 0.695036 -0.557425 0.394602 -0.695045 -0.567838 0.394602 -0.695045 -0.567838 0.402225 -0.687404 -0.560215 0.402225 -0.687404 -0.560215 0.403722 -0.681799 -0.558717 0.511798 -0.687399 -0.560215 0.402225 -0.687404 -0.560215 0.394602 -0.695045 -0.567838 
						0.508517 -0.695044 -0.567838 0.508517 -0.695044 -0.567838 0.594586 -0.687395 -0.560215 0.929313 -0.687391 -0.560215 0.929313 -0.687391 -0.560215 0.594586 -0.687395 -0.560215 0.594586 -0.695043 -0.567838 0.929298 -0.695042 -0.567838 0.929298 -0.695042 -0.567838 0.594586 -0.695043 -0.567838 -1.806713 0.664628 -1.830370 -1.815607 0.655976 -1.830370 -1.815607 0.655976 -1.830370 -1.815607 0.655975 -1.979444 1.587081 0.687245 -1.560617 1.587081 0.687245 -1.560617 1.579458 0.695003 -1.560617 1.579458 0.695003 -1.560617 1.579458 -0.695003 -1.560617 1.579458 -0.695003 -1.560617 1.587081 -0.687245 -1.560617 1.587081 -0.687245 -1.560617 -1.806712 -0.664628 -1.979444 -1.793157 -0.650516 -2.194801 -1.806712 -0.664628 -1.979444 -1.815607 -0.655976 -1.979444 -1.801375 -0.642404 -2.194973 -1.330917 0.695050 1.130609 -1.330917 0.695049 -0.182192 -1.338539 0.687419 -0.182192 -1.338539 0.687420 1.134288 -1.326391 0.696263 1.133731 -1.326382 0.695049 1.138788 -1.330917 0.695049 -0.182192 -0.371616 -0.676998 1.755976 -0.371616 -0.687420 1.752893 -0.514020 -0.695050 1.654062 -0.371616 -0.695050 1.744470 -0.514020 -0.695050 1.654062 -0.514020 -0.664402 -2.218031 -0.514020 -0.655887 -2.227077 -0.514020 -0.655887 -2.227077 -0.514020 0.655887 -2.227077 -0.514020 0.655887 -2.227077 -0.514020 0.664402 -2.218031 -1.606431 0.655895 -2.227093 -1.473698 -0.687409 -0.409168 -1.806567 0.244352 -2.226832 -1.806566 0.488704 -2.226832 -1.815084 0.244352 -2.218116 -1.815084 0.488704 -2.218115 -1.806567 0.000000 -2.226832 -1.815084 -0.000000 -2.218116 -1.806567 -0.244352 -2.226832 -1.815084 -0.244352 -2.218116 -1.806566 -0.488705 -2.226832 -1.815084 -0.488704 -2.218115 -1.838081 0.488704 -0.409168 -1.838087 0.244352 -0.409168 -1.838087 0.244352 -0.409168 -1.838081 0.488704 -0.409168 -1.845745 0.488704 -0.416790 -1.845747 0.244352 -0.416790 -1.845747 0.244352 -0.416790 
						-1.838089 0.000000 -0.409168 -1.838089 0.000000 -0.409168 -1.845747 0.000000 -0.416790 -1.845747 0.000000 -0.416790 -1.838087 -0.244352 -0.409168 -1.838087 -0.244352 -0.409168 -1.845747 -0.244352 -0.416790 -1.845747 -0.244352 -0.416790 -1.838081 -0.488704 -0.409168 -1.838081 -0.488704 -0.409168 -1.845745 -0.488704 -0.416790 -0.382028 -0.244352 -2.257648 -0.382028 -0.488705 -2.257692 -0.374406 -0.244352 -2.251035 -0.374406 -0.244352 -2.251035 -0.382028 0.000000 -2.257634 -0.374406 -0.000000 -2.250982 -0.374406 -0.000000 -2.250982 -0.382028 0.244352 -2.257648 -0.374406 0.244352 -2.251035 -0.374406 0.244352 -2.251035 -0.382028 0.488704 -2.257693 0.384190 -0.697842 1.733049 0.394602 -0.695049 1.744512 0.394602 -0.695049 1.744512 0.402224 -0.687419 1.752904 -0.170234 -0.687420 1.752896 -0.371616 -0.687420 1.752893 0.402225 0.687419 1.752904 0.394602 0.695049 1.744512 -1.338539 -0.687419 -0.182192 -1.338539 -0.687420 1.134288 -1.326382 -0.695050 1.138788 -1.326391 -0.696263 1.133731 -1.330917 -0.695050 1.130609 -1.330917 -0.695049 -0.182192 -0.514020 -0.655887 -2.227077 -1.338539 0.687417 -0.281814 -1.338539 0.687414 -0.409168 -1.340036 0.681819 -0.407671 -1.330917 0.695048 -0.416790 -1.330917 0.695048 -0.416790 -1.330917 0.695049 -0.281814 -1.330917 0.695049 -0.281814 -1.338539 0.687417 -0.281814 -1.330917 -0.695049 -0.281814 -1.330917 -0.695049 -0.182192 -1.330917 -0.695049 -0.281814 -1.330917 0.695048 -0.416790 -1.338539 0.687414 -0.409168 -1.334012 0.687420 1.142455 -1.334012 0.687420 1.142455 -1.340036 -0.681819 -0.407671 -1.338539 -0.687414 -0.409168 -1.330917 -0.695048 -0.416790 -1.330917 -0.695050 1.130609 -1.326382 -0.695050 1.138788 1.610695 0.588455 -0.760880 1.600283 0.591277 -0.760880 1.600283 0.591277 -0.760880 1.592661 0.598988 -0.760880 1.592661 0.598959 -0.557425 1.592661 0.598988 -0.760880 1.584703 -0.609461 -0.557425 
						1.319471 -0.609414 -0.557425 1.592661 -0.598959 -0.554635 1.592661 -0.598989 -0.760880 1.600283 -0.591277 -0.760880 1.600283 -0.591269 -0.547013 1.600283 -0.591269 -0.547013 1.600283 -0.591277 -0.760880 -1.806638 -0.664001 -1.436072 -1.806638 -0.664001 -1.436072 -1.815587 -0.655809 -1.436072 -1.806633 0.663944 -0.760880 -1.815586 0.655794 -0.760880 -1.815586 0.655794 -0.760880 1.587081 0.687350 -0.760880 1.587081 0.687350 -0.760880 1.579458 0.695031 -0.760880 1.579458 0.695031 -0.760880 1.579458 -0.695031 -0.760880 1.579458 -0.695036 -0.567838 1.579458 -0.695036 -0.567838 1.579458 -0.695031 -0.760880 1.587081 -0.687351 -0.760880 1.587081 -0.687370 -0.560215 1.610695 0.588455 -1.388009 1.600283 0.591302 -1.388009 1.600283 0.591302 -1.388009 1.592661 0.599080 -1.388009 1.592661 0.599080 -1.388009 1.592661 -0.599080 -1.388009 1.592661 -0.599080 -1.388009 1.600283 -0.591302 -1.388009 1.600283 -0.591302 -1.388009 -1.806714 0.664628 -1.517698 -1.815607 0.655976 -1.517698 -1.815607 0.655976 -1.517698 1.587081 0.687291 -1.388009 1.587081 0.687291 -1.388009 1.579458 0.695015 -1.388009 1.579458 0.695015 -1.388009 1.579458 -0.695015 -1.388009 1.579458 -0.695015 -1.388009 1.587081 -0.687291 -1.388009 1.587081 -0.687291 -1.388009 -1.806713 -0.664628 -1.830370 -1.806713 -0.664628 -1.830370 -1.815607 -0.655976 -1.830370 1.589871 -0.610273 -1.821450 1.410719 -0.610597 -1.821450 1.410719 -0.599526 -1.824286 1.592661 -0.599364 -1.824284 1.592661 -0.599364 -1.824284 1.410719 -0.599526 -1.824286 1.410719 -0.591421 -1.832033 1.600283 -0.591378 -1.832027 1.410719 -0.591421 -1.832033 1.170220 0.588455 -0.385554 1.170203 0.591258 -0.395966 1.170203 0.591258 -0.395966 1.170196 0.598915 -0.403588 0.924594 0.599654 -1.824289 0.924594 0.599654 -1.824289 0.924594 0.591456 -1.832045 0.924594 0.591456 -1.832045 1.319473 -0.591263 -0.547013 
						1.600283 -0.591269 -0.547013 1.319473 -0.591263 -0.547013 1.319470 -0.598934 -0.554635 1.592661 -0.598959 -0.554635 1.591156 -0.604625 -0.556140 1.592661 -0.598989 -0.760880 1.592661 -0.598959 -0.554635 1.410719 -0.694937 -1.810857 1.579458 -0.694965 -1.810864 1.410719 -0.694937 -1.810857 1.410719 -0.687000 -1.818612 1.587081 -0.687106 -1.818613 1.587081 -0.687106 -1.818613 1.410719 -0.687000 -1.818612 1.410719 -0.676158 -1.821450 1.589871 -0.676369 -1.821450 1.170265 0.687398 -0.409168 1.170257 0.695044 -0.416790 1.170257 0.695044 -0.416790 0.924594 0.694915 -1.810845 0.924594 0.694915 -1.810845 0.924594 0.686917 -1.818608 0.924594 0.686917 -1.818608 1.587081 -0.687370 -0.560215 1.587081 -0.687351 -0.760880 1.588582 -0.681734 -0.558714 1.587081 -0.687370 -0.560215 1.319497 -0.687386 -0.560215 1.319494 -0.695040 -0.567838 1.579458 -0.695036 -0.567838 1.319494 -0.695040 -0.567838 -1.806714 -0.664628 -1.517698 -1.806714 -0.664628 -1.517698 -1.815607 -0.655977 -1.517698 1.610695 0.588455 -1.332150 1.600283 0.591288 -1.332150 1.600283 0.591288 -1.332150 1.592661 0.599028 -1.332150 1.592661 0.599028 -1.332150 1.592661 -0.599028 -1.332150 1.592661 -0.599028 -1.332150 1.600283 -0.591288 -1.332150 1.600283 -0.591288 -1.332150 -1.806638 0.664001 -1.436072 -1.815587 0.655809 -1.436072 -1.815587 0.655809 -1.436072 1.587081 0.687325 -1.332150 1.587081 0.687325 -1.332150 1.579458 0.695024 -1.332150 1.579458 0.695024 -1.332150 1.579458 -0.695024 -1.332150 1.579458 -0.695024 -1.332150 1.587081 -0.687325 -1.332150 1.587081 -0.687325 -1.332150 1.589871 0.609419 -0.411546 1.588357 0.609418 -0.407892 1.591158 0.604581 -0.405091 1.588357 0.609418 -0.407892 1.588357 0.676927 -0.407892 1.588357 0.676927 -0.407892 1.588357 0.609418 -0.407892 1.588357 0.609418 -0.407892 1.592661 0.598936 -0.403588 1.591158 0.604581 -0.405091 
						1.588357 -0.609462 -0.558939 1.591156 -0.604625 -0.556140 1.588357 -0.609462 -0.558939 1.589871 -0.609464 -0.562593 1.591156 -0.604625 -0.556140 1.588357 -0.676898 -0.558939 1.588357 -0.676898 -0.558939 1.588357 -0.609462 -0.558939 1.588357 -0.609462 -0.558939 1.592661 -0.598959 -0.554635 1.319470 -0.598934 -0.554635 0.406528 -0.609358 -0.555912 0.406305 -0.604523 -0.556135 0.406528 -0.609358 -0.555912 0.406528 -0.676965 -0.555912 0.406528 -0.676965 -0.555912 0.405014 -0.676965 -0.552257 0.403722 -0.681799 -0.558717 0.406528 -0.676965 -0.555912 0.406528 -0.676965 -0.555912 0.407804 -0.598906 -0.554635 0.410183 0.609339 -0.406378 0.406528 0.609339 -0.404864 0.406306 0.604504 -0.405086 0.406528 0.609339 -0.404864 0.406306 0.604504 -0.405086 0.405015 0.676977 -0.401210 0.406528 0.676977 -0.404864 0.403722 0.681811 -0.407671 0.406528 0.676977 -0.404864 0.410183 0.676976 -0.406378 0.403722 0.681811 -0.407671 0.406528 0.676977 -0.404864 0.406528 0.676977 -0.404864 0.407804 0.598897 -0.403588 -1.342843 -0.609285 -0.404864 -1.342843 -0.609285 -0.404864 -1.342623 -0.604452 -0.405084 -1.342843 0.609285 -0.404864 -1.342843 0.609285 -0.404864 -1.342843 -0.676985 -0.404865 -1.342843 -0.676985 -0.404865 -1.342843 0.676985 -0.404864 -1.342843 0.676985 -0.404864 -1.342843 0.676985 -0.404864 -1.342843 0.676985 -0.404864 -1.342843 -0.676985 -0.404865 -1.342843 -0.676985 -0.404865 -1.350413 0.591246 1.145235 -1.329588 0.695050 1.135201 -1.350413 0.591246 1.145235 -1.342793 0.598873 1.141563 -1.344119 0.598873 1.136976 -1.342793 0.598873 1.141563 -1.340006 0.609291 1.140219 -1.339592 0.598873 1.145144 -1.336812 0.609291 1.143793 -1.340006 0.676998 1.140218 -1.337213 0.687420 1.138874 -1.336812 0.676998 1.143793 -1.334012 0.687420 1.142455 -1.337213 0.687420 1.138874 -1.350413 -0.591246 1.145235 -1.329588 -0.695050 1.135201 
						-1.342793 -0.598873 1.141562 -1.350413 -0.591246 1.145235 -1.340006 -0.609291 1.140218 -1.342793 -0.598873 1.141562 -1.337213 -0.687420 1.138874 -1.340006 -0.676998 1.140219 -1.329588 -0.695050 1.135201 -1.337213 -0.687420 1.138874 0.399846 -0.609305 1.755976 0.403501 -0.609305 1.754462 0.406300 -0.604503 1.757391 0.403501 -0.609305 1.754462 0.405015 -0.609305 1.750808 0.406300 -0.604503 1.757391 0.405015 0.609305 1.750808 0.403501 0.609305 1.754462 0.406300 0.604503 1.757391 0.403501 0.609305 1.754462 0.403501 -0.676996 1.754462 0.403501 -0.676996 1.754462 0.399846 -0.676996 1.755976 0.403729 -0.681797 1.754561 0.403501 0.676996 1.754462 0.403501 0.676996 1.754462 0.403501 -0.609305 1.754462 0.403501 -0.609305 1.754462 0.403501 0.609305 1.754462 0.403501 0.609305 1.754462 0.406300 -0.604503 1.757391 0.407805 -0.598880 1.759048 -0.369821 0.605807 -2.161883 -0.370025 0.604149 -2.159446 -0.369821 0.605807 -2.161883 -0.370025 0.604149 -2.159446 -0.369821 -0.605807 -2.161883 -0.370025 -0.604149 -2.159446 -0.369821 -0.605807 -2.161883 -0.369842 -0.661207 -2.192743 -0.369842 0.661207 -2.192743 -0.368521 0.599018 -2.156580 -1.595455 -0.697842 -1.976503 -1.603490 -0.697842 -1.968468 -1.603490 0.697842 -1.968468 -1.595455 0.697842 -1.976503 -1.438892 -0.697842 -0.771850 -1.430585 -0.697842 -0.763820 -1.430585 0.697842 -0.763820 -1.438892 0.697842 -0.771850 1.407778 -0.697842 -1.674621 1.399743 -0.697842 -1.682656 1.388767 -0.697842 -1.685597 1.399743 0.697842 -1.682656 1.407778 0.697842 -1.674621 1.388767 -0.697842 -0.760880 1.399743 -0.697842 -0.763821 1.407778 -0.697842 -0.771856 1.407778 0.697842 -0.771856 1.399743 0.697842 -0.763821 -1.603880 -0.697842 -1.527209 -1.596913 -0.697842 -1.515172 -1.596913 0.697842 -1.515172 -1.603880 0.697842 -1.527209 -1.473731 -0.697842 -1.438599 -1.466491 -0.697842 -1.426567 
						-1.466491 0.697842 -1.426567 -1.473731 0.697842 -1.438599 -1.596913 -0.747610 -1.515172 -1.603880 -0.747610 -1.527209 -1.603880 0.747610 -1.527209 -1.596913 0.747610 -1.515172 -1.466491 -0.747610 -1.426567 -1.473731 -0.747610 -1.438599 -1.473731 0.747610 -1.438599 -1.466491 0.747610 -1.426567 -1.466491 -0.697842 -1.426567 -1.466491 -0.747610 -1.426567 -1.473731 -0.697842 -1.438599 -1.473731 -0.747610 -1.438599 -1.483348 -0.697842 -1.447005 -1.483348 -0.747610 -1.447005 -1.603880 -0.747610 -1.527209 -1.603880 -0.697842 -1.527209 -1.596913 -0.747610 -1.515172 -1.596913 -0.697842 -1.515172 -1.587395 -0.747610 -1.506765 -1.587395 -0.697842 -1.506765 1.407778 -0.747610 -1.674621 1.407778 -0.697842 -1.674621 1.399743 -0.747610 -1.682656 1.399743 -0.697842 -1.682656 1.399743 -0.697842 -1.682656 1.399743 -0.747610 -1.682656 -1.438892 -0.747610 -0.771850 -1.438892 -0.697842 -0.771850 -1.430585 -0.747610 -0.763820 -1.430585 -0.697842 -0.763820 -1.430585 -0.697842 -0.763820 -1.430585 -0.747610 -0.763820 1.399743 0.697842 -0.763821 1.399743 0.747610 -0.763821 1.399743 0.747610 -0.763821 1.399743 0.697842 -0.763821 1.407778 0.697842 -0.771856 1.407778 0.747610 -0.771856 1.407778 0.747610 -0.771856 1.407778 0.697842 -0.771856 1.407778 -0.697842 -0.771856 1.407778 -0.747610 -0.771856 1.407778 -0.747610 -0.771856 1.407778 -0.697842 -0.771856 1.399743 -0.697842 -0.763821 1.399743 -0.747610 -0.763821 1.399743 -0.747610 -0.763821 1.399743 -0.697842 -0.763821 1.388767 -0.697842 -0.760880 1.388767 -0.747610 -0.760880 -1.584479 0.747610 -1.979444 -1.584479 0.697842 -1.979444 -1.595455 0.697842 -1.976503 -1.595455 0.747610 -1.976503 -1.603490 0.697842 -1.968468 -1.603490 0.747610 -1.968468 -1.603490 0.747610 -1.968468 -1.603490 0.697842 -1.968468 -1.606431 0.697842 -1.957492 -1.606431 0.747610 -1.957492 1.407778 0.697842 -1.674621 1.407778 0.747610 -1.674621 
						1.399743 0.697842 -1.682656 1.399743 0.747610 -1.682656 1.399743 0.747610 -1.682656 1.399743 0.697842 -1.682656 1.388767 0.697842 -1.685597 1.388767 0.747610 -1.685597 -1.584479 -0.697842 -1.979444 -1.584479 -0.747610 -1.979444 -1.595455 -0.747610 -1.976503 -1.595455 -0.697842 -1.976503 -1.603490 -0.747610 -1.968468 -1.603490 -0.697842 -1.968468 -1.603490 -0.697842 -1.968468 -1.603490 -0.747610 -1.968468 -1.606431 -0.747610 -1.957492 -1.606431 -0.697842 -1.957492 -1.587395 0.697842 -1.506765 -1.587395 0.747610 -1.506765 -1.596913 0.747610 -1.515172 -1.596913 0.697842 -1.515172 -1.603880 0.747610 -1.527209 -1.603880 0.697842 -1.527209 -1.483348 0.747610 -1.447005 -1.483348 0.697842 -1.447005 -1.473731 0.697842 -1.438599 -1.473731 0.747610 -1.438599 -1.466491 0.697842 -1.426567 -1.466491 0.747610 -1.426567 -1.430585 0.747610 -0.763820 -1.430585 0.697842 -0.763820 -1.430585 0.697842 -0.763820 -1.430585 0.747610 -0.763820 -1.438892 0.747610 -0.771850 -1.438892 0.697842 -0.771850 -1.606431 -0.697842 -1.957492 -1.606431 -0.747610 -1.957492 1.663594 0.588455 -1.332150 1.663594 0.588455 -1.388009 1.663594 0.588455 -0.760880 1.663594 0.610204 -0.760880 1.663594 0.588455 -0.760880 1.663594 0.588455 -1.332150 1.663594 0.610205 -1.332150 1.739163 0.000000 -1.821450 1.760913 0.000000 -1.821450 1.663594 0.588455 -1.560617 1.663594 0.588455 -1.685597 1.702080 -0.588455 -1.886206 1.702334 -0.588455 -1.827514 1.663594 0.588455 -1.833893 1.663594 0.588455 -0.394129 1.663594 0.588455 -0.557425 1.661365 0.588455 -1.891533 0.598134 -0.488704 -0.260064 0.929760 -0.488704 -0.260064 1.606906 0.588455 -1.898658 1.606906 0.684563 -1.898658 1.739163 -0.551044 -1.821450 1.755902 -0.569933 -1.821450 1.702331 0.588455 -1.827515 1.702077 0.588455 -1.886207 1.739163 -0.488704 -1.881354 1.739163 -0.488704 -1.821450 1.739163 -0.551044 -1.821450 
						1.739163 -0.550903 -1.881354 0.420226 -0.588455 -1.950322 -0.159811 -0.588455 -2.124843 -0.159811 -0.684563 -2.124843 0.420226 -0.684563 -1.950322 1.663594 -0.588455 -1.833893 1.702334 -0.588455 -1.827514 1.719037 -0.606743 -1.826242 1.663594 -0.610205 -1.833893 0.594586 -0.588455 -0.281814 0.594586 -0.588455 -0.406378 0.594586 -0.606678 -0.406378 0.594586 -0.600462 -0.269806 1.663594 0.588455 -0.394129 1.610695 0.588455 -0.385554 1.610695 0.610205 -0.385554 1.663594 0.610205 -0.394129 1.610695 0.588455 -0.385554 1.319574 0.588455 -0.385554 1.319581 0.610205 -0.385554 1.610695 0.610205 -0.385554 -0.154976 -0.488704 -2.150682 -0.154976 -0.244352 -2.150682 -0.154976 -0.244352 -2.246790 -0.154976 -0.488705 -2.246790 -0.159811 -0.588455 -2.124843 -0.153172 -0.588455 -2.150682 -0.153172 -0.660894 -2.213843 -0.159811 -0.684563 -2.124843 1.739163 0.000000 -1.881354 1.739163 -0.244352 -1.881354 1.835271 -0.244352 -1.881354 1.835271 0.000000 -1.881354 -0.154976 0.000000 -2.150682 -0.154976 -0.000000 -2.246790 1.739163 -0.488704 -1.881354 1.835271 -0.488704 -1.881354 1.739163 -0.550903 -1.881354 1.782972 -0.590798 -1.881354 1.821694 -0.577172 -1.881354 0.519545 0.588455 -1.920918 0.594586 0.588455 -1.898702 0.594586 0.684563 -1.898702 0.519545 0.684563 -1.920918 0.519545 -0.588455 -1.920918 0.594586 0.588455 -1.898702 0.519545 0.588455 -1.920918 1.739163 -0.244352 -1.881354 1.739163 -0.244352 -1.821450 1.739163 0.000000 -1.881354 1.739163 0.000000 -1.821450 1.739163 0.244352 -1.881354 1.739163 0.244352 -1.821450 1.661365 -0.588455 -1.891533 1.606906 -0.588455 -1.898658 1.606906 -0.684563 -1.898658 1.661365 -0.684563 -1.891533 0.420226 0.588455 -1.950322 -0.156569 0.588455 -2.123868 -0.245691 -0.588455 -2.150682 -0.245691 0.588455 -2.150682 -0.154976 0.488704 -2.150682 -0.153172 0.588455 -2.150682 -0.153172 0.658608 -2.216373 
						-0.154976 0.488704 -2.246790 1.821694 0.577172 -1.881354 1.811450 0.607558 -1.881749 1.786114 0.604833 -1.881577 1.782972 0.590798 -1.881354 -0.153172 -0.588455 -2.150682 -0.153172 -0.660894 -2.213843 0.924594 -0.588455 -1.898689 0.594586 -0.588455 -1.898702 0.594586 -0.684563 -1.898702 0.924594 -0.684563 -1.898689 -0.154976 0.000000 -2.150682 -0.154976 0.244352 -2.150682 -0.154976 0.488704 -2.150682 -0.154976 -0.488704 -2.150682 -0.154976 -0.244352 -2.150682 -0.153172 -0.588455 -2.150682 -0.245691 -0.588455 -2.150682 0.519545 -0.588455 -1.920918 0.519545 -0.684563 -1.920918 1.702080 -0.588455 -1.886206 1.734247 -0.669290 -1.886542 1.745419 -0.629115 -1.883477 -0.154976 0.244352 -2.150682 -0.154976 0.244352 -2.246790 -0.156569 0.588455 -2.123868 0.420226 0.588455 -1.950322 0.420226 0.684563 -1.950322 -0.156569 0.684563 -2.123868 0.924594 0.588455 -1.898689 1.410719 0.588455 -1.898669 1.410719 0.684563 -1.898669 0.924594 0.684563 -1.898689 1.739163 0.488704 -1.881354 1.739163 0.244352 -1.881354 1.835271 0.244352 -1.881354 1.835271 0.488704 -1.881354 -0.156569 0.588455 -2.123868 -0.156569 0.684563 -2.123868 1.410719 -0.588455 -1.898669 1.410719 -0.684563 -1.898669 -0.153172 -0.588455 -2.150682 -0.153172 0.588455 -2.150682 0.405015 -0.694850 -1.875414 0.405015 -0.686675 -1.883198 0.402224 -0.687419 1.752904 -0.348517 0.588455 -2.150682 -0.245691 0.588455 -2.150682 -0.360066 0.591285 -2.152263 -0.348517 0.588455 -2.150682 -0.370025 0.604149 -2.159446 -0.369539 0.674061 -2.194246 -0.153172 0.588455 -2.150682 -0.348517 -0.588455 -2.150682 0.408373 -0.591555 -1.895902 0.407805 -0.598880 1.759048 -0.371848 0.699932 1.843283 -0.419812 0.671329 2.176397 -0.375038 -0.657395 2.213883 -0.193310 -0.659121 2.213392 -0.371616 0.595774 1.840214 -0.371616 0.588455 1.840214 -0.371616 0.603092 1.840214 -0.430368 0.488705 2.228609 
						-0.430301 0.244352 2.228653 -0.430368 0.488705 2.228609 -0.199597 -0.244352 2.244472 -0.199597 -0.000000 2.244472 -0.199431 -0.000000 2.220941 -0.199431 -0.244352 2.220941 -0.430368 -0.488704 2.228609 -0.371616 -0.689315 1.840214 0.407805 -0.598880 1.759048 0.402224 -0.687419 1.752904 -0.371616 0.609299 1.755976 -0.371616 0.676998 1.755976 -0.371616 0.598877 1.759059 -0.371616 0.687420 1.752893 1.651344 0.656414 -2.218641 1.661365 0.684563 -1.891533 1.734247 0.669290 -1.886542 1.717448 0.650661 -2.212888 1.410719 0.656414 -2.218641 1.589871 0.656414 -2.218641 1.589871 0.488704 -2.246790 1.410719 0.488704 -2.246790 0.535842 -0.488705 -2.246790 0.594586 -0.488705 -2.246790 0.594586 -0.656414 -2.218641 0.535984 -0.656414 -2.218641 1.800841 0.566891 -2.212360 1.821694 0.577172 -1.881354 1.835271 0.488704 -1.881354 1.807122 0.488704 -2.218641 1.410719 -0.488705 -2.246790 1.589871 -0.488705 -2.246790 1.589871 -0.656414 -2.218641 1.410719 -0.656414 -2.218641 1.807122 -0.488704 -2.218641 1.835271 -0.488704 -1.881354 1.821694 -0.577172 -1.881354 1.800841 -0.566891 -2.212360 0.924594 -0.488705 -2.246790 0.594586 -0.488705 -2.246790 0.594586 -0.244352 -2.246790 0.924594 -0.244352 -2.246790 0.594586 -0.000000 -2.246790 0.924594 -0.000000 -2.246790 0.594586 0.244352 -2.246790 0.924594 0.244352 -2.246790 0.594586 0.488704 -2.246790 0.924594 0.488704 -2.246790 0.924594 -0.656414 -2.218641 0.924594 -0.684563 -1.898689 0.594586 -0.684563 -1.898702 0.594586 -0.656414 -2.218641 1.807122 -0.244352 -2.218641 1.835271 -0.244352 -1.881354 1.807122 0.000000 -2.218641 1.835271 0.000000 -1.881354 1.807122 0.244352 -2.218641 1.835271 0.244352 -1.881354 1.651344 -0.488705 -2.246790 1.589871 -0.488705 -2.246790 1.589871 -0.244352 -2.246790 1.651344 -0.244352 -2.246790 1.589871 -0.000000 -2.246790 1.651344 -0.000000 -2.246790 
						1.589871 0.244352 -2.246790 1.651344 0.244352 -2.246790 1.651344 0.488704 -2.246790 0.535984 0.656414 -2.218641 0.594586 0.656414 -2.218641 0.535842 0.488704 -2.246790 1.410719 0.244352 -2.246790 1.410719 -0.000000 -2.246790 1.410719 -0.244352 -2.246790 1.410719 -0.488705 -2.246790 0.924594 -0.488705 -2.246790 0.924594 -0.656414 -2.218641 0.924594 0.656414 -2.218641 1.807122 0.244352 -2.218641 1.807122 0.488704 -2.218641 1.807122 0.000000 -2.218641 1.807122 -0.244352 -2.218641 1.807122 -0.488704 -2.218641 1.651344 -0.488705 -2.246790 1.651344 -0.656414 -2.218641 1.651344 0.656414 -2.218641 0.535842 -0.000000 -2.246790 0.458093 -0.000000 -2.246790 0.458093 0.244352 -2.246790 0.535842 0.244352 -2.246790 -0.153172 0.658608 -2.216373 0.458421 0.656414 -2.218641 0.458093 0.488704 -2.246790 -0.154976 0.488704 -2.246790 0.535842 -0.488705 -2.246790 0.458093 -0.488705 -2.246790 0.458093 -0.244352 -2.246790 0.535842 -0.244352 -2.246790 -0.154976 -0.488705 -2.246790 0.458093 -0.488705 -2.246790 0.458421 -0.656414 -2.218641 -0.153172 -0.660894 -2.213843 -0.156569 0.684563 -2.123868 0.420226 0.684563 -1.950322 0.458421 0.656414 -2.218641 -0.153172 0.658608 -2.216373 1.800841 -0.566891 -2.212360 1.792596 -0.596889 -2.210503 1.773852 -0.623343 -2.209951 1.747464 -0.642225 -2.210788 1.717448 -0.650661 -2.212888 1.651344 -0.656414 -2.218641 1.589871 0.656414 -2.218641 1.606906 0.684563 -1.898658 1.410719 0.656414 -2.218641 1.410719 0.684563 -1.898669 1.739163 0.550903 -1.881354 1.589871 -0.656414 -2.218641 1.606906 -0.684563 -1.898658 1.410719 -0.684563 -1.898669 1.410719 -0.656414 -2.218641 0.924594 0.656414 -2.218641 0.924594 0.684563 -1.898689 1.717448 0.650661 -2.212888 1.747464 0.642225 -2.210789 1.773852 0.623343 -2.209951 1.792596 0.596889 -2.210503 1.800841 0.566891 -2.212360 1.651344 -0.656414 -2.218641 
						1.661365 -0.684563 -1.891533 0.519545 0.684563 -1.920918 0.594586 0.684563 -1.898702 0.594586 0.656414 -2.218641 0.535984 0.656414 -2.218641 0.535984 -0.656414 -2.218641 0.519545 -0.684563 -1.920918 0.420226 -0.684563 -1.950322 0.458421 -0.656414 -2.218641 -0.154976 -0.244352 -2.246790 -0.154976 -0.000000 -2.246790 -0.154976 -0.488705 -2.246790 -0.154976 0.244352 -2.246790 -0.159811 -0.684563 -2.124843 -0.153172 -0.660894 -2.213843 1.791234 0.635734 -1.882874 1.777728 0.623517 -1.882335 1.764124 0.657412 -1.884557 1.759504 0.633771 -1.883208 1.764124 -0.657412 -1.884557 1.759504 -0.633771 -1.883208 1.791234 -0.635734 -1.882874 1.777728 -0.623517 -1.882335 1.811450 -0.607558 -1.881749 1.786114 -0.604833 -1.881577 1.792596 0.596889 -2.210503 1.811450 0.607558 -1.881749 1.773852 0.623343 -2.209951 1.791234 0.635734 -1.882874 1.791234 0.635734 -1.882874 1.773852 0.623343 -2.209951 1.747464 0.642225 -2.210789 1.764124 0.657412 -1.884557 1.734247 -0.669290 -1.886542 1.717448 -0.650661 -2.212888 1.747464 -0.642225 -2.210788 1.764124 -0.657412 -1.884557 1.773852 -0.623343 -2.209951 1.791234 -0.635734 -1.882874 1.791234 -0.635734 -1.882874 1.773852 -0.623343 -2.209951 1.792596 -0.596889 -2.210503 1.811450 -0.607558 -1.881749 0.415427 0.591253 -0.395966 0.407804 0.598897 -0.403588 0.594586 -0.588455 -0.281814 0.594586 -0.588455 -0.182192 0.594586 -0.686860 -1.818606 0.405015 0.694850 -1.875414 0.405015 0.686674 -1.883198 0.402225 0.687409 -0.409168 0.394602 0.695047 -0.416790 0.594586 -0.599741 -1.824291 0.405914 0.600025 -1.888687 0.408373 0.591555 -1.895902 1.663594 0.610205 -0.557425 1.663594 0.610205 -0.394129 1.721108 0.606176 -0.401875 1.721071 0.606179 -0.557425 1.170220 -0.588455 -0.406378 1.170240 -0.610205 -0.406378 1.721085 -0.606178 -0.552919 1.721108 -0.605898 -0.406378 1.651344 -0.610205 -0.406378 
						1.663594 -0.610205 -0.545176 1.663594 0.610204 -0.760880 1.721002 0.606183 -0.760880 1.663594 0.610205 -1.685597 1.663594 0.610204 -1.560617 1.720531 0.606216 -1.560617 1.720244 0.606237 -1.685597 1.721013 -0.606183 -0.760880 1.663594 -0.610205 -0.760880 1.720248 -0.606236 -1.685597 1.720536 -0.606216 -1.560617 1.663594 -0.610205 -1.560617 1.663594 -0.610205 -1.685597 1.663594 0.610205 -1.833893 1.719034 0.606743 -1.826243 1.760913 -0.488704 -1.685597 1.760913 -0.488704 -1.821450 1.760913 -0.244352 -1.821450 1.760913 -0.244352 -1.685597 1.760913 0.000000 -1.821450 1.760913 0.000000 -1.685597 1.760913 0.244352 -1.821450 1.760913 0.244352 -1.685597 1.760913 0.488704 -1.821450 1.760913 0.488704 -1.685597 1.760913 -0.488704 -1.560617 1.760913 -0.244352 -1.560617 1.760913 -0.000000 -1.560617 1.760913 0.244352 -1.560617 1.760913 0.488705 -1.560617 0.594586 0.000000 -0.281814 0.594586 0.000000 -0.263618 0.929760 0.488704 -0.260064 0.598134 0.488704 -0.260064 0.594586 -0.244352 -0.281814 0.594586 -0.488704 -0.281814 0.594586 -0.488704 -0.263620 0.594586 -0.244352 -0.263619 0.594586 0.588455 -0.385554 0.594586 0.606656 -0.385554 1.760913 -0.488704 -0.406378 1.760913 -0.488704 -0.557425 1.760913 -0.244352 -0.557425 1.760913 -0.244352 -0.406378 1.760913 0.000000 -0.557425 1.760913 0.000000 -0.406378 1.760913 0.244352 -0.557425 1.760913 0.244352 -0.406378 1.760913 0.488704 -0.557425 1.760913 0.488704 -0.406378 1.760913 -0.488704 -0.760880 1.756395 -0.570361 -0.557425 1.756399 -0.570291 -0.760880 0.929760 -0.488704 -0.260064 0.929760 -0.603834 -0.266434 0.929760 -0.635269 -0.235305 0.929760 -0.489927 -0.215841 0.929760 -0.244352 -0.260064 0.929760 -0.375533 -0.215833 1.589871 -0.610205 -0.406378 1.651344 -0.610205 -0.406378 1.652355 -0.654395 -0.404542 1.589871 -0.654399 -0.404366 0.929760 0.610205 -0.385554 
						0.929760 0.603834 -0.266434 0.929760 0.635145 -0.235181 0.929760 0.654381 -0.383191 0.929721 0.588455 -0.385554 0.594586 0.588455 -0.385554 0.594586 0.606656 -0.385554 0.595625 0.609165 -0.385554 0.598134 0.610205 -0.385554 0.929760 0.610205 -0.385554 1.756395 0.570361 -0.557425 1.756393 0.570400 -0.406378 1.756440 0.569553 -1.685597 1.756424 0.569831 -1.560617 1.760913 0.244352 -0.760880 1.760913 0.488704 -0.760880 1.760913 0.000000 -0.760880 1.760913 -0.244352 -0.760880 1.720904 -0.606190 -1.332150 1.663594 -0.610205 -1.332150 1.663594 0.610205 -1.332150 1.720896 0.606191 -1.332150 1.755902 0.569933 -1.821450 1.756399 0.570291 -0.760880 1.760913 0.244352 -1.388009 1.760913 0.488704 -1.388009 1.760913 0.000000 -1.388009 1.760913 -0.244352 -1.388009 1.760913 -0.488704 -1.388009 1.720749 -0.606201 -1.388009 1.663594 -0.610205 -1.388009 1.760913 0.244352 -0.406378 1.760913 0.488704 -0.406378 1.805106 0.489609 -0.404552 1.805107 0.244352 -0.404366 0.929760 0.488704 -0.260064 0.929760 0.244352 -0.260064 0.929760 0.355207 -0.215831 0.929760 0.489927 -0.215841 1.738073 0.600526 -0.404127 1.721108 0.606176 -0.401875 1.729481 0.649583 -0.400170 1.761820 0.637821 -0.402596 1.756393 -0.570400 -0.406378 1.760913 -0.488704 -0.406378 1.805106 -0.489609 -0.404552 1.799972 -0.577866 -0.404860 1.719037 -0.606743 -1.826242 1.663594 -0.610205 -1.833893 0.929760 -0.610205 -0.406378 0.929760 -0.603834 -0.266434 0.598134 -0.603834 -0.266434 0.598134 -0.610205 -0.406378 0.929760 -0.610205 -0.406378 0.929760 -0.654399 -0.404366 1.760913 -0.488704 -1.332150 1.760913 -0.244352 -1.332150 1.760913 0.000000 -1.332150 1.760913 0.244352 -1.332150 1.760913 0.488704 -1.332150 1.663594 0.610205 -1.388009 1.720743 0.606202 -1.388009 1.756405 0.570186 -1.332150 1.756405 -0.570186 -1.332150 1.756413 0.570037 -1.388009 
						1.756413 -0.570037 -1.388009 1.756424 -0.569831 -1.560617 1.756393 -0.570400 -0.406378 1.756440 -0.569553 -1.685597 1.760913 0.000000 -0.406378 1.805107 0.000000 -0.404366 1.170240 0.610205 -0.385554 0.929760 0.654381 -0.383191 1.170240 0.654381 -0.383191 1.651344 -0.610205 -0.406378 1.721108 -0.605898 -0.406378 1.728778 -0.649441 -0.404836 1.652355 -0.654395 -0.404542 1.319581 0.654381 -0.383191 1.610794 0.654383 -0.383225 1.589871 -0.654399 -0.404366 1.319581 -0.654399 -0.404366 1.750988 0.587431 -0.405775 1.789180 0.609712 -0.404309 1.760913 -0.244352 -0.406378 1.805107 -0.244352 -0.404366 1.755902 -0.569933 -1.821450 1.750988 -0.587394 -0.406378 1.788902 -0.610145 -0.404927 1.753282 0.613798 -1.882416 1.767028 0.599772 -1.881639 1.767028 -0.599772 -1.881639 1.753282 -0.613797 -1.882416 1.736686 0.601017 -1.823846 1.720747 0.583443 -1.824482 1.750181 0.587544 -1.822092 1.734229 0.569749 -1.822263 1.755902 0.569933 -1.821450 1.739163 0.551044 -1.821450 1.750181 -0.587544 -1.822092 1.734229 -0.569749 -1.822263 1.736688 -0.601017 -1.823846 1.720749 -0.583443 -1.824482 1.734194 0.569679 -1.882004 1.734229 0.569749 -1.822263 1.734229 0.569749 -1.822263 1.734194 0.569679 -1.882004 1.720620 0.583424 -1.883780 1.720747 0.583443 -1.824482 1.720747 0.583443 -1.824482 1.720620 0.583424 -1.883780 1.720622 -0.583424 -1.883780 1.720749 -0.583443 -1.824482 1.720749 -0.583443 -1.824482 1.720622 -0.583424 -1.883780 1.734195 -0.569680 -1.882004 1.734229 -0.569749 -1.822263 1.734229 -0.569749 -1.822263 1.734195 -0.569680 -1.882004 1.734194 0.569679 -1.882004 1.720620 0.583424 -1.883780 1.720622 -0.583424 -1.883780 1.734195 -0.569680 -1.882004 1.756393 0.570400 -0.406378 1.750988 0.587431 -0.405775 1.789180 0.609712 -0.404309 1.799986 0.577783 -0.404857 1.738073 -0.600387 -0.406378 1.760991 -0.638200 -0.404913 
						1.610794 0.654383 -0.383225 1.664963 0.654374 -0.392046 0.929760 0.000000 -0.260064 0.929760 0.000000 -0.215824 1.750181 0.587544 -1.822092 1.750896 0.587016 -1.685597 1.750896 0.587016 -1.685597 1.750181 0.587544 -1.822092 1.736686 0.601017 -1.823846 1.737647 0.600443 -1.685597 1.736688 -0.601017 -1.823846 1.737649 -0.600443 -1.685597 1.750181 -0.587544 -1.822092 1.750897 -0.587015 -1.685597 1.750897 -0.587015 -1.685597 1.750181 -0.587544 -1.822092 1.750984 0.587412 -0.557425 1.750988 0.587431 -0.405775 1.750988 0.587431 -0.405775 1.750984 0.587412 -0.557425 1.738055 0.600522 -0.557425 1.738073 0.600526 -0.404127 1.738062 -0.600521 -0.555172 1.738073 -0.600387 -0.406378 1.750986 -0.587411 -0.556822 1.750988 -0.587394 -0.406378 1.750988 -0.587394 -0.406378 1.750986 -0.587411 -0.556822 1.750927 0.587152 -1.560617 1.750927 0.587152 -1.560617 1.737789 0.600470 -1.560617 1.737791 -0.600470 -1.560617 1.750927 -0.587152 -1.560617 1.750927 -0.587152 -1.560617 1.750977 0.587377 -0.760880 1.750977 0.587377 -0.760880 1.738021 0.600515 -0.760880 1.738026 -0.600515 -0.760880 1.750979 -0.587377 -0.760880 1.750979 -0.587377 -0.760880 1.750950 0.587253 -1.388009 1.750950 0.587253 -1.388009 1.737893 0.600490 -1.388009 1.737896 -0.600490 -1.388009 1.750950 -0.587252 -1.388009 1.750950 -0.587252 -1.388009 1.750966 0.587326 -1.332150 1.750966 0.587326 -1.332150 1.737969 0.600505 -1.332150 1.737973 -0.600504 -1.332150 1.750967 -0.587326 -1.332150 1.750967 -0.587326 -1.332150 0.595625 -0.609172 -0.406378 0.595625 -0.602847 -0.267422 0.595625 -0.602847 -0.267422 0.595625 -0.609172 -0.406378 0.595625 0.488705 -0.261105 0.595625 0.244352 -0.261105 0.595625 0.244352 -0.261105 0.595625 0.488705 -0.261105 0.595625 0.000000 -0.261105 0.595625 0.000000 -0.261105 0.595625 -0.244352 -0.261105 0.595625 -0.244352 -0.261105 
						0.595625 -0.488704 -0.261106 0.595625 -0.488704 -0.261106 0.598134 0.603834 -0.266434 0.595625 0.602848 -0.267421 0.595625 0.602848 -0.267421 0.598134 -0.603834 -0.266434 0.595625 -0.602847 -0.267422 0.595625 0.609165 -0.385554 0.595625 0.609165 -0.385554 0.595625 0.602848 -0.267421 0.598134 0.603834 -0.266434 0.598134 0.610205 -0.385554 0.929760 0.603834 -0.266434 0.929760 0.610205 -0.385554 0.929760 -0.603834 -0.266434 0.929760 0.603834 -0.266434 1.170240 -0.654399 -0.404366 1.169971 -0.588455 -0.536601 1.170220 -0.588455 -0.406378 1.169954 -0.591262 -0.547013 1.169954 -0.591262 -0.547013 1.169946 -0.598931 -0.554635 1.169946 -0.598931 -0.554635 1.169950 -0.609407 -0.557425 1.170012 -0.676933 -0.557425 1.170016 -0.687388 -0.560215 1.170016 -0.687388 -0.560215 1.170009 -0.695041 -0.567838 1.170009 -0.695041 -0.567838 1.169991 -0.697842 -0.578250 1.410719 -0.747610 -1.332150 1.410719 -0.747610 -0.782832 1.407778 -0.747610 -0.771856 1.399743 -0.747610 -0.763821 1.388767 -0.747610 -0.760880 1.410719 -0.747610 -1.388009 1.410719 -0.747610 -1.560617 1.388767 -0.747610 -1.685597 1.399743 -0.747610 -1.682656 1.407778 -0.747610 -1.674621 1.410719 -0.747610 -1.663645 0.594586 -0.588455 -0.406378 0.929720 -0.588455 -0.406378 0.929760 -0.610205 -0.406378 0.598134 -0.610205 -0.406378 0.595625 -0.609172 -0.406378 0.594586 -0.606678 -0.406378 0.929721 0.588455 -0.385554 0.929687 0.591257 -0.395966 0.929687 0.591257 -0.395966 0.929672 0.598912 -0.403588 0.929680 0.609368 -0.406378 0.929802 0.676958 -0.406378 0.929810 0.687400 -0.409168 0.929795 0.695044 -0.416790 0.929795 0.695044 -0.416790 0.929761 0.697842 -0.427202 1.170220 0.588455 -0.385554 1.170240 0.489927 -0.215841 1.319581 0.489927 -0.215841 1.319581 0.635145 -0.235181 1.170240 0.635145 -0.235181 1.170240 -0.635269 -0.235305 1.319581 -0.635269 -0.235305 
						1.319581 -0.489927 -0.215841 1.170240 -0.489927 -0.215841 1.170240 0.654381 -0.383191 1.170240 0.635145 -0.235181 1.319581 0.635145 -0.235181 1.319581 0.654381 -0.383191 1.664963 0.654374 -0.392046 1.652794 0.635103 -0.235172 1.725063 0.633850 -0.238419 1.729481 0.649583 -0.400170 1.589922 0.635155 -0.235190 1.610794 0.654383 -0.383225 1.728778 -0.649441 -0.404836 1.724839 -0.633946 -0.238482 1.652707 -0.635207 -0.235272 1.652355 -0.654395 -0.404542 1.589871 -0.635269 -0.235305 1.589871 -0.654399 -0.404366 1.799986 0.577783 -0.404857 1.784672 0.573843 -0.238644 1.786008 0.489923 -0.235360 1.805106 0.489609 -0.404552 1.589871 -0.635269 -0.235305 1.589871 -0.489927 -0.215841 1.589871 0.489927 -0.215841 1.589922 0.635155 -0.235190 1.652535 0.489772 -0.215853 1.786008 0.489923 -0.235360 1.784672 0.573843 -0.238644 1.776572 0.601912 -0.240167 1.753087 0.625584 -0.240088 1.725063 0.633850 -0.238419 1.652794 0.635103 -0.235172 1.652707 -0.635207 -0.235272 1.724839 -0.633946 -0.238482 1.752922 -0.625686 -0.240105 1.776524 -0.601984 -0.240171 1.784671 -0.573859 -0.238646 1.786008 -0.489923 -0.235360 1.652535 -0.489772 -0.215853 1.506884 0.270313 -0.215837 1.589045 0.233068 -0.215840 1.655676 0.172257 -0.215842 1.671138 -0.166342 -0.215843 1.610326 -0.232973 -0.215841 1.531901 -0.277551 -0.215839 1.786008 -0.489923 -0.235360 1.805106 -0.489609 -0.404552 1.805107 -0.244352 -0.404366 1.786040 -0.375531 -0.235381 1.805107 0.000000 -0.404366 1.786077 0.000000 -0.235406 1.805107 0.244352 -0.404366 1.786046 0.355205 -0.235385 1.443539 -0.295713 -0.215836 1.353889 -0.285680 -0.215833 1.328872 0.262185 -0.215832 1.417234 0.280346 -0.215834 1.319581 -0.635269 -0.235305 1.319581 -0.654399 -0.404366 1.786040 -0.375531 -0.235381 1.786077 0.000000 -0.235406 1.718416 0.005469 -0.215844 1.708383 -0.084181 -0.215844 
						1.786046 0.355205 -0.235385 1.700254 0.093831 -0.215843 1.784671 -0.573859 -0.238646 1.799972 -0.577866 -0.404860 1.789180 0.609712 -0.404309 1.776572 0.601912 -0.240167 1.776572 0.601912 -0.240167 1.789180 0.609712 -0.404309 1.761820 0.637821 -0.402596 1.753087 0.625584 -0.240088 1.760991 -0.638200 -0.404913 1.752922 -0.625686 -0.240105 1.788902 -0.610145 -0.404927 1.776524 -0.601984 -0.240171 1.776524 -0.601984 -0.240171 1.788902 -0.610145 -0.404927 1.170240 -0.654399 -0.404366 1.170240 -0.635269 -0.235305 0.929760 -0.635269 -0.235305 0.929760 -0.654399 -0.404366 0.929760 0.489927 -0.215841 0.929760 0.355207 -0.215831 1.189635 0.150976 -0.215828 1.205096 -0.187623 -0.215829 0.929760 -0.375533 -0.215833 0.929760 -0.489927 -0.215841 0.929760 0.000000 -0.215824 1.142357 -0.020836 -0.215827 1.152390 0.068814 -0.215827 1.160518 -0.109198 -0.215827 1.271727 -0.248435 -0.215831 1.250446 0.217607 -0.215829 0.929760 0.654381 -0.383191 0.929760 0.635145 -0.235181 0.929760 -0.635269 -0.235305 0.929760 0.635145 -0.235181 0.929760 -0.654399 -0.404366 1.593988 0.185918 1.554866 1.642474 0.132592 1.554868 1.625286 0.156909 -0.001038 1.578983 0.199443 -0.001036 1.708383 -0.084181 -0.215844 1.718416 0.005469 -0.215844 1.718426 0.005469 -0.023679 1.708393 -0.084181 -0.023679 1.700254 0.093831 -0.215843 1.700264 0.093831 -0.023678 1.205096 -0.187623 -0.215829 1.271727 -0.248435 -0.215831 1.271737 -0.248435 -0.023666 1.205106 -0.187624 -0.023664 1.152390 0.068814 -0.215827 1.142357 -0.020836 -0.215827 1.142367 -0.020836 -0.023662 1.152399 0.068814 -0.023662 1.160518 -0.109198 -0.215827 1.160528 -0.109198 -0.023662 1.506884 0.270313 -0.215837 1.417234 0.280346 -0.215834 1.417244 0.280346 -0.023669 1.506894 0.270313 -0.023672 1.271727 -0.248435 -0.215831 1.353889 -0.285680 -0.215833 1.353899 -0.285680 -0.023668 
						1.271737 -0.248435 -0.023666 1.531901 -0.277551 -0.215839 1.610326 -0.232973 -0.215841 1.610336 -0.232974 -0.023676 1.531911 -0.277552 -0.023674 1.250446 0.217607 -0.215829 1.189635 0.150976 -0.215828 1.189645 0.150975 -0.023663 1.250456 0.217606 -0.023665 1.189635 0.150976 -0.215828 1.189645 0.150975 -0.023663 1.328872 0.262185 -0.215832 1.328882 0.262185 -0.023667 1.655676 0.172257 -0.215842 1.589045 0.233068 -0.215840 1.589055 0.233068 -0.023675 1.655686 0.172256 -0.023677 1.443539 -0.295713 -0.215836 1.443549 -0.295713 -0.023671 1.671138 -0.166342 -0.215843 1.671148 -0.166343 -0.023678 1.671138 -0.166342 -0.215843 1.671148 -0.166343 -0.023678 1.655676 0.172257 -0.215842 1.655686 0.172256 -0.023677 1.423128 0.255164 -0.001030 1.516518 0.244326 -0.001033 1.511706 0.257319 -0.004066 1.420186 0.267755 -0.004064 1.508183 0.266831 -0.012353 1.418033 0.276972 -0.012350 1.418033 0.276972 -0.012350 1.508183 0.266831 -0.012353 1.532582 -0.273966 -0.012355 1.443715 -0.292262 -0.012352 1.443715 -0.292262 -0.012352 1.532582 -0.273966 -0.012355 1.534414 -0.264170 -0.004068 1.444170 -0.282833 -0.004066 1.536916 -0.250788 -0.001034 1.444790 -0.269953 -0.001032 1.587190 0.211771 -0.001036 1.636862 0.166142 -0.001038 1.646275 0.169199 -0.004071 1.588123 0.222419 -0.004069 1.588123 0.222419 -0.004069 1.646275 0.169199 -0.004071 1.653165 0.171437 -0.012358 1.588806 0.230215 -0.012356 1.588806 0.230215 -0.012356 1.653165 0.171437 -0.012358 1.668963 -0.164954 -0.012359 1.609389 -0.230258 -0.012357 1.609389 -0.230258 -0.012357 1.668963 -0.164954 -0.012359 1.662993 -0.161162 -0.004073 1.606802 -0.222837 -0.004071 1.606802 -0.222837 -0.004071 1.662993 -0.161162 -0.004073 1.654837 -0.155981 -0.001039 1.603267 -0.212701 -0.001037 1.681447 -0.097619 -0.001039 1.694921 -0.090900 -0.004073 1.704784 -0.085981 -0.012360 
						1.704784 -0.085981 -0.012360 1.668963 -0.164954 -0.012359 1.672351 0.103970 -0.001039 1.692953 0.004210 -0.001039 1.705690 0.004839 -0.004073 1.686308 0.098901 -0.004072 1.715013 0.005300 -0.012360 1.696525 0.095190 -0.012359 1.696525 0.095190 -0.012359 1.715013 0.005300 -0.012360 1.353678 -0.282186 -0.012349 1.272220 -0.245238 -0.012347 1.272220 -0.245238 -0.012347 1.353678 -0.282186 -0.012349 1.353075 -0.272640 -0.004063 1.273538 -0.236502 -0.004061 1.352250 -0.259600 -0.001030 1.275337 -0.224568 -0.001028 1.191185 0.148284 -0.012344 1.251782 0.214686 -0.012345 1.251782 0.214686 -0.012345 1.191185 0.148284 -0.012344 1.195390 0.140931 -0.004058 1.255403 0.206705 -0.004059 1.195390 0.140931 -0.004058 1.201134 0.130886 -0.001025 1.260349 0.195804 -0.001026 1.207209 -0.185886 -0.012345 1.164250 -0.110338 -0.012343 1.212952 -0.181140 -0.004059 1.174417 -0.113451 -0.004057 1.174417 -0.113451 -0.004057 1.212952 -0.181140 -0.004059 1.220796 -0.174656 -0.001026 1.188305 -0.117704 -0.001025 1.145753 -0.020379 -0.012343 1.155958 0.070625 -0.012343 1.145753 -0.020379 -0.012343 1.155005 -0.019131 -0.004056 1.165677 0.075573 -0.004057 1.165677 0.075573 -0.004057 1.155005 -0.019131 -0.004056 1.167642 -0.017426 -0.001023 1.178954 0.082333 -0.001024 1.332215 0.236650 -0.001028 1.330549 0.249417 -0.004061 1.329329 0.258764 -0.012348 1.329329 0.258764 -0.012348 1.511706 0.257319 -0.004066 1.588123 0.222419 -0.004069 1.653165 0.171437 -0.012358 1.272220 -0.245238 -0.012347 1.273538 -0.236502 -0.004061 1.191185 0.148284 -0.012344 1.195390 0.140931 -0.004058 1.531654 0.221700 1.554863 1.512515 0.230061 -0.001032 1.708383 0.068942 1.769673 1.718416 -0.020708 1.769673 1.718426 -0.020707 1.577509 1.708393 0.068942 1.577508 1.700254 -0.109070 1.769673 1.700264 -0.109070 1.577508 1.205096 0.172385 1.769658 
						1.271727 0.233196 1.769660 1.271737 0.233196 1.577495 1.205106 0.172385 1.577493 1.152390 -0.084053 1.769656 1.142357 0.005597 1.769656 1.142367 0.005597 1.577491 1.152399 -0.084052 1.577491 1.160518 0.093959 1.769657 1.160528 0.093960 1.577492 1.506884 -0.285552 1.769667 1.417234 -0.295585 1.769664 1.417244 -0.295585 1.577499 1.506894 -0.285552 1.577502 1.353889 0.270441 1.769663 1.353899 0.270442 1.577498 1.531901 0.262313 1.769668 1.610326 0.217735 1.769671 1.610336 0.217735 1.577506 1.531911 0.262313 1.577503 1.250446 -0.232845 1.769659 1.189635 -0.166214 1.769657 1.189645 -0.166214 1.577492 1.250456 -0.232845 1.577494 1.328872 -0.277423 1.769661 1.250446 -0.232845 1.769659 1.250456 -0.232845 1.577494 1.328882 -0.277423 1.577496 1.655676 -0.187495 1.769671 1.589045 -0.248307 1.769669 1.589055 -0.248307 1.577504 1.655686 -0.187495 1.577506 1.205096 0.172385 1.769658 1.205106 0.172385 1.577493 1.443539 0.280474 1.769666 1.443549 0.280474 1.577501 1.671138 0.151104 1.769672 1.671148 0.151104 1.577507 1.671138 0.151104 1.769672 1.671148 0.151104 1.577507 1.655676 -0.187495 1.769671 1.655686 -0.187495 1.577506 1.423128 -0.270403 1.554860 1.516518 -0.259564 1.554862 1.511706 -0.272558 1.557896 1.420186 -0.282994 1.557894 1.420186 -0.282994 1.557894 1.511706 -0.272558 1.557896 1.508183 -0.282070 1.566183 1.418033 -0.292211 1.566180 1.418033 -0.292211 1.566180 1.532582 0.258727 1.566184 1.443715 0.277023 1.566182 1.443715 0.277023 1.566182 1.532582 0.258727 1.566184 1.534414 0.248931 1.557897 1.444170 0.267594 1.557895 1.444170 0.267594 1.557895 1.534414 0.248931 1.557897 1.536916 0.235549 1.554863 1.444790 0.254714 1.554862 1.587190 -0.227009 1.554865 1.636862 -0.181381 1.554868 1.646275 -0.184438 1.557901 1.588123 -0.237658 1.557899 
						1.588123 -0.237658 1.557899 1.646275 -0.184438 1.557901 1.653165 -0.186676 1.566187 1.588806 -0.245453 1.566185 1.588806 -0.245453 1.566185 1.653165 -0.186676 1.566187 1.610336 0.217735 1.577506 1.668963 0.149716 1.566188 1.609389 0.215019 1.566187 1.662993 0.145923 1.557902 1.606802 0.207599 1.557900 1.606802 0.207599 1.557900 1.662993 0.145923 1.557902 1.654837 0.140743 1.554869 1.603267 0.197462 1.554867 1.681447 0.082381 1.554869 1.694921 0.075661 1.557903 1.704784 0.070743 1.566189 1.672351 -0.119209 1.554868 1.692953 -0.019449 1.554869 1.705690 -0.020078 1.557903 1.686308 -0.114139 1.557902 1.715013 -0.020539 1.566189 1.696525 -0.110428 1.566189 1.715013 -0.020539 1.566189 1.353678 0.266948 1.566179 1.272220 0.229999 1.566176 1.272220 0.229999 1.566176 1.353678 0.266948 1.566179 1.353075 0.257402 1.557892 1.273538 0.221263 1.557890 1.352250 0.244361 1.554859 1.275337 0.209329 1.554857 1.250456 -0.232845 1.577494 1.189645 -0.166214 1.577492 1.191185 -0.163523 1.566173 1.251782 -0.229924 1.566175 1.195390 -0.156169 1.557887 1.255403 -0.221944 1.557889 1.195390 -0.156169 1.557887 1.201134 -0.146125 1.554855 1.260349 -0.211042 1.554856 1.160528 0.093960 1.577492 1.205106 0.172385 1.577493 1.207209 0.170648 1.566174 1.164250 0.095099 1.566173 1.212952 0.165901 1.557888 1.174417 0.098213 1.557887 1.212952 0.165901 1.557888 1.220796 0.159418 1.554856 1.188305 0.102466 1.554854 1.152399 -0.084052 1.577491 1.142367 0.005597 1.577491 1.145753 0.005141 1.566172 1.155958 -0.085864 1.566172 1.145753 0.005141 1.566172 1.155005 0.003893 1.557886 1.165677 -0.090812 1.557886 1.167642 0.002188 1.554853 1.178954 -0.097571 1.554854 1.332215 -0.251889 1.554858 1.423128 -0.270403 1.554860 1.420186 -0.282994 1.557894 1.330549 -0.264656 1.557891 
						1.330549 -0.264656 1.557891 1.329329 -0.274002 1.566177 1.329329 -0.274002 1.566177 1.353678 0.266948 1.566179 1.353075 0.257402 1.557892 1.444170 0.267594 1.557895 1.444790 0.254714 1.554862 1.588123 -0.237658 1.557899 1.609389 0.215019 1.566187 1.532582 0.258727 1.566184 1.534414 0.248931 1.557897 1.207209 0.170648 1.566174 1.251782 -0.229924 1.566175 1.329329 -0.274002 1.566177 1.506884 -0.285552 1.769667 1.589045 -0.248307 1.769669 1.655676 -0.187495 1.769671 1.700254 -0.109070 1.769673 1.718416 -0.020708 1.769673 1.708383 0.068942 1.769673 1.671138 0.151104 1.769672 1.610326 0.217735 1.769671 1.531901 0.262313 1.769668 1.443539 0.280474 1.769666 1.353889 0.270441 1.769663 1.271727 0.233196 1.769660 1.205096 0.172385 1.769658 1.160518 0.093959 1.769657 1.142357 0.005597 1.769656 1.152390 -0.084053 1.769656 1.189635 -0.166214 1.769657 1.250446 -0.232845 1.769659 1.328872 -0.277423 1.769661 1.417234 -0.295585 1.769664 1.423760 0.240362 -0.001030 1.512515 0.230061 -0.001032 1.531654 -0.236939 -0.001034 1.444096 -0.255153 -0.001032 1.578983 0.199443 -0.001036 1.625286 0.156909 -0.001038 1.642474 -0.147831 -0.001039 1.593988 -0.201157 -0.001037 1.667170 -0.093665 -0.001039 1.658493 0.098736 -0.001038 1.678153 0.003535 -0.001039 1.356193 -0.245319 -0.001030 1.283507 -0.212212 -0.001028 1.213489 0.122721 -0.001026 1.269596 0.184230 -0.001027 1.232367 -0.165412 -0.001027 1.202165 -0.112474 -0.001025 1.182442 -0.016758 -0.001024 1.193229 0.078371 -0.001025 1.337418 0.222779 -0.001028 1.423760 -0.255600 1.554860 1.512515 -0.245300 1.554862 1.531654 0.221700 1.554863 1.444096 0.239915 1.554862 1.578983 -0.214681 1.554865 1.625286 -0.172148 1.554868 1.642474 0.132592 1.554868 1.593988 0.185918 1.554866 1.667170 0.078427 1.554868 1.658493 -0.113974 1.554868 
						1.678153 -0.018774 1.554868 1.356193 0.230081 1.554859 1.283507 0.196974 1.554857 1.275337 0.209329 1.554857 1.352250 0.244361 1.554859 1.213489 -0.137959 1.554855 1.269596 -0.199469 1.554856 1.260349 -0.211042 1.554856 1.201134 -0.146125 1.554855 1.232367 0.150174 1.554856 1.202165 0.097236 1.554855 1.188305 0.102466 1.554854 1.220796 0.159418 1.554856 1.182442 0.001519 1.554854 1.193229 -0.093609 1.554854 1.178954 -0.097571 1.554854 1.167642 0.002188 1.554853 1.337418 -0.238018 1.554858 1.332215 -0.251889 1.554858 1.642474 0.132592 1.554868 1.667170 0.078427 1.554868 1.658493 0.098736 -0.001038 1.625286 0.156909 -0.001038 1.678153 -0.018774 1.554868 1.678153 0.003535 -0.001039 1.658493 -0.113974 1.554868 1.667170 -0.093665 -0.001039 1.625286 -0.172148 1.554868 1.642474 -0.147831 -0.001039 1.625286 -0.172148 1.554868 1.578983 -0.214681 1.554865 1.593988 -0.201157 -0.001037 1.642474 -0.147831 -0.001039 1.512515 -0.245300 1.554862 1.531654 -0.236939 -0.001034 1.423760 -0.255600 1.554860 1.444096 -0.255153 -0.001032 1.337418 -0.238018 1.554858 1.356193 -0.245319 -0.001030 1.269596 -0.199469 1.554856 1.283507 -0.212212 -0.001028 1.269596 -0.199469 1.554856 1.213489 -0.137959 1.554855 1.232367 -0.165412 -0.001027 1.283507 -0.212212 -0.001028 1.193229 -0.093609 1.554854 1.202165 -0.112474 -0.001025 1.182442 0.001519 1.554854 1.182442 -0.016758 -0.001024 1.202165 0.097236 1.554855 1.193229 0.078371 -0.001025 1.232367 0.150174 1.554856 1.213489 0.122721 -0.001026 1.232367 0.150174 1.554856 1.283507 0.196974 1.554857 1.269596 0.184230 -0.001027 1.213489 0.122721 -0.001026 1.356193 0.230081 1.554859 1.337418 0.222779 -0.001028 1.444096 0.239915 1.554862 1.423760 0.240362 -0.001030 0.977583 0.698180 1.843226 0.978470 0.705484 1.851453 0.977583 0.698180 1.843226 
						0.978717 0.707429 1.862692 0.978470 0.705484 1.851453 1.431179 -0.696033 1.843219 1.360581 -0.696367 1.843220 1.358002 -0.685642 1.840214 1.428362 -0.685304 1.840214 1.433117 -0.703412 1.851428 1.362355 -0.703735 1.851432 1.360581 -0.696367 1.843220 1.431179 -0.696033 1.843219 1.362848 -0.705770 1.862650 1.362355 -0.703735 1.851432 1.357773 -0.676019 2.195555 1.356747 -0.679865 2.184195 1.361005 -0.667334 2.203964 1.357773 -0.676019 2.195555 1.428112 -0.676251 2.194965 1.365579 -0.656137 2.207168 0.976179 0.674760 2.198756 0.975666 0.678677 2.187110 0.977796 0.666067 2.207885 1.361005 0.667334 2.203963 0.977796 0.666067 2.207885 0.965532 0.595774 1.840214 0.964652 0.588455 1.840214 0.966412 0.603092 1.840214 1.336478 -0.595774 1.840214 1.334718 -0.588455 1.840214 1.338237 -0.603092 1.840214 1.132213 -0.256634 2.231250 1.132213 0.256634 2.231250 1.702911 0.000000 2.211969 1.653303 0.268916 2.213754 1.652454 0.268916 2.187941 1.702062 0.000000 2.186156 1.132213 0.000000 2.230357 1.132213 -0.256634 2.231250 1.131364 -0.256634 2.205436 1.131364 0.000000 2.204544 0.976294 -0.687474 1.840214 1.096380 -0.244352 1.755976 1.118406 0.000000 1.755976 1.096380 0.244352 1.755976 1.334718 0.588455 1.755976 1.402933 0.588455 1.755976 1.402933 -0.588455 1.755976 1.334718 -0.588455 1.755976 0.964652 0.588455 1.755976 0.964652 0.588455 1.840214 1.334718 -0.588455 1.840214 1.334718 -0.588455 1.755976 0.594586 0.244352 1.755976 0.594586 0.000000 1.755976 0.594586 -0.244352 1.755976 1.132213 0.000000 2.230357 1.361005 -0.667334 2.203964 1.131364 0.000000 2.204544 1.702062 0.000000 2.186156 1.652454 0.268916 2.187941 1.131364 0.256634 2.205436 1.131364 -0.256634 2.205436 1.652454 -0.268916 2.187941 1.132213 0.256634 2.231250 1.131364 0.256634 2.205436 
						1.653303 -0.268916 2.213754 1.652454 -0.268916 2.187941 1.653303 0.268916 2.213754 1.132213 0.256634 2.231250 1.131364 0.256634 2.205436 1.652454 0.268916 2.187941 1.132213 -0.256634 2.231250 1.653303 -0.268916 2.213754 1.652454 -0.268916 2.187941 1.131364 -0.256634 2.205436 1.299002 0.235473 2.183642 1.299002 0.235473 2.217375 1.433415 0.271489 2.217375 1.433415 0.271489 2.183642 1.666226 0.137075 2.183642 1.666226 0.137075 2.217375 1.702242 0.002662 2.217375 1.702242 0.002662 2.183642 1.666226 -0.131751 2.217375 1.666226 -0.131751 2.183642 1.666226 -0.131751 2.183642 1.666226 -0.131751 2.217375 1.567828 -0.230149 2.217375 1.567828 -0.230149 2.183642 1.433415 -0.266165 2.217375 1.433415 -0.266165 2.183642 1.299002 -0.230149 2.217375 1.299002 -0.230149 2.183642 1.299002 -0.230149 2.183642 1.299002 -0.230149 2.217375 1.200604 -0.131751 2.217375 1.200604 -0.131751 2.183642 1.200604 -0.131751 2.183642 1.164588 0.002662 2.217375 1.164588 0.002662 2.183642 1.164588 0.002662 2.183642 1.200604 0.137075 2.217375 1.200604 0.137075 2.183642 1.200604 0.137075 2.183642 1.200604 0.137075 2.217375 1.433415 0.271489 2.183642 1.567828 0.235473 2.217375 1.567828 0.235473 2.183642 1.567828 0.235473 2.183642 1.666226 0.137075 2.217375 1.666226 0.137075 2.183642 1.433415 0.271489 2.183642 1.567828 0.235473 2.183642 1.666226 0.137075 2.183642 1.702242 0.002662 2.183642 1.666226 -0.131751 2.183642 1.567828 -0.230149 2.183642 1.433415 -0.266165 2.183642 1.299002 -0.230149 2.183642 1.200604 -0.131751 2.183642 1.164588 0.002662 2.183642 1.200604 0.137075 2.183642 1.299002 0.235473 2.183642 1.433415 0.268403 2.228499 1.566286 0.232800 2.228499 1.566286 0.232800 2.228499 1.433415 0.268403 2.228499 1.433415 0.259973 2.236642 1.562070 0.225499 2.236642 
						1.433415 0.248456 2.239623 1.556312 0.215526 2.239623 1.663554 0.135532 2.228499 1.663554 0.135532 2.228499 1.656253 0.131317 2.236642 1.646279 0.125559 2.239623 1.663554 0.135532 2.228499 1.699156 0.002662 2.228499 1.699156 0.002662 2.228499 1.690725 0.002662 2.236642 1.679210 0.002662 2.239623 1.663554 -0.130209 2.228499 1.663554 -0.130209 2.228499 1.656253 -0.125993 2.236642 1.646279 -0.120235 2.239623 1.663554 -0.130209 2.228499 1.566286 -0.227477 2.228499 1.566286 -0.227477 2.228499 1.562070 -0.220176 2.236642 1.556312 -0.210202 2.239623 1.433415 -0.263079 2.228499 1.433415 -0.263079 2.228499 1.433415 -0.254649 2.236642 1.433415 -0.243133 2.239623 1.300545 -0.227476 2.228499 1.300545 -0.227476 2.228499 1.304760 -0.220176 2.236642 1.310518 -0.210202 2.239623 1.300545 -0.227476 2.228499 1.203277 -0.130208 2.228499 1.203277 -0.130208 2.228499 1.300545 -0.227476 2.228499 1.304760 -0.220176 2.236642 1.210578 -0.125993 2.236642 1.210578 -0.125993 2.236642 1.220551 -0.120235 2.239623 1.167674 0.002662 2.228499 1.167674 0.002662 2.228499 1.176104 0.002662 2.236642 1.176104 0.002662 2.236642 1.187621 0.002662 2.239623 1.203277 0.135532 2.228499 1.203277 0.135532 2.228499 1.210578 0.131317 2.236642 1.210578 0.131317 2.236642 1.220551 0.125559 2.239623 1.203277 0.135532 2.228499 1.300545 0.232800 2.228499 1.300545 0.232800 2.228499 1.203277 0.135532 2.228499 1.304760 0.225499 2.236642 1.310518 0.215526 2.239623 -0.397159 0.670714 2.187486 -0.397159 -0.670714 2.187486 -0.407679 -0.244352 2.238846 -0.407698 -0.488704 2.238832 -0.430301 -0.244352 2.228653 -0.430368 -0.488704 2.228609 -0.584829 0.244352 2.125782 -0.584829 -0.000000 2.125782 -0.571789 -0.000000 2.106194 -0.571789 0.244352 2.106194 -0.199597 0.244352 2.244472 -0.199431 0.244352 2.220941 
						-0.383528 0.244352 2.243172 -0.407679 0.244352 2.238846 -0.400720 0.244352 2.216366 -0.381363 0.244352 2.219740 -0.584829 -0.244352 2.125782 -0.571789 -0.244352 2.106194 -0.407698 0.488705 2.238832 -0.407679 0.244352 2.238846 -0.430301 0.244352 2.228653 -0.399156 0.657517 2.209411 -0.399888 0.646292 2.214258 -0.398163 0.666457 2.199608 -0.399156 0.657517 2.209411 -0.422299 -0.646930 2.203477 -0.421658 -0.658152 2.198517 -0.399156 -0.657518 2.209411 -0.399888 -0.646292 2.214258 -0.421658 -0.658152 2.198517 -0.398163 -0.666457 2.199608 -0.399156 -0.657518 2.209411 -0.430301 -0.244352 2.228653 -0.571789 -0.244352 2.106194 -0.418910 -0.244352 2.208062 -0.418889 -0.000000 2.208076 -0.571789 -0.000000 2.106194 -0.381363 -0.244352 2.219740 -0.199431 -0.244352 2.220941 -0.199431 -0.000000 2.220941 -0.381364 -0.000000 2.219740 -0.199431 0.244352 2.220941 -0.381363 0.244352 2.219740 -0.418910 0.244352 2.208062 -0.571789 0.244352 2.106194 -0.400714 -0.000000 2.216371 -0.400720 -0.244352 2.216366 -0.418889 -0.000000 2.208076 -0.418910 -0.244352 2.208062 -0.400720 0.244352 2.216366 -0.418910 0.244352 2.208062 -0.407679 -0.244352 2.238846 -0.400720 -0.244352 2.216366 -0.199597 0.244352 2.244472 -0.199431 0.244352 2.220941 -1.889080 0.000000 1.200786 -1.902074 0.000000 0.941404 -1.902074 -0.244352 0.941404 -1.889080 -0.244352 1.200785 -1.889080 0.244352 1.200785 -1.902074 0.244352 0.941404 -1.816364 -0.488704 1.294501 -1.701409 -0.488704 1.386939 -1.695242 -0.177432 1.387185 -1.749522 -0.163926 1.346391 -1.795538 -0.125464 1.311808 -1.695242 -0.177432 1.387185 -1.640962 -0.163926 1.427979 -1.662002 -0.163926 1.455944 -1.716282 -0.177432 1.415150 -1.567657 -0.488704 1.481351 -1.594946 -0.125464 1.462563 -1.640962 -0.163926 1.427979 -1.795538 0.125464 1.311808 -1.826285 0.067900 1.288700 -1.847325 0.067900 1.316664 
						-1.816578 0.125464 1.339772 -1.553401 -0.000000 1.493785 -1.564198 0.067900 1.485671 -1.585239 0.067900 1.513635 -1.574442 -0.000000 1.521750 -1.695242 0.177432 1.387185 -1.640962 0.163926 1.427979 -1.594946 0.125464 1.462563 -1.567657 0.488704 1.481351 -1.701409 0.488704 1.386939 -1.795538 0.125464 1.311808 -1.749522 0.163926 1.346391 -1.816364 0.488704 1.294501 -1.749522 0.163926 1.346391 -1.795538 0.125464 1.311808 -1.816578 0.125464 1.339772 -1.770562 0.163926 1.374356 -1.435288 0.244352 1.574763 -1.435288 0.488704 1.574762 -1.553401 -0.000000 1.493785 -1.435288 0.000000 1.574763 -1.564198 0.067900 1.485671 -1.435288 -0.244352 1.574763 -1.564198 -0.067900 1.485671 -1.435288 -0.488705 1.574763 -1.884239 -0.244352 1.221816 -1.884240 0.000000 1.221816 -1.872963 -0.244352 1.243934 -1.872963 0.000000 1.243934 -1.857959 -0.244352 1.260972 -1.858787 0.000000 1.260204 -1.884239 0.244352 1.221816 -1.872963 0.244352 1.243934 -1.857959 0.244352 1.260972 -1.412138 0.488704 1.541957 -1.435288 0.488704 1.574762 -1.837082 0.000000 1.280585 -1.826285 0.067900 1.288700 -1.856244 0.488704 1.262432 -1.826285 -0.067900 1.288700 -1.835115 -0.012371 1.282064 -1.856244 -0.488704 1.262432 -1.809921 0.643529 1.219654 -1.809749 0.654314 1.214206 -1.658897 0.653732 1.328884 -1.677240 0.488704 1.354877 -1.831080 -0.488704 1.231145 -1.856244 -0.488704 1.262432 -1.749522 -0.163926 1.346391 -1.770562 -0.163926 1.374356 -1.640962 0.163926 1.427979 -1.695242 0.177432 1.387185 -1.716282 0.177432 1.415150 -1.662002 0.163926 1.455944 -1.594946 -0.125464 1.462563 -1.564198 -0.067900 1.485671 -1.585239 -0.067900 1.513635 -1.615986 -0.125464 1.490527 -1.564198 0.067900 1.485671 -1.594946 0.125464 1.462563 -1.615986 0.125464 1.490527 -1.585239 0.067900 1.513635 -1.795538 -0.125464 1.311808 -1.816578 -0.125464 1.339772 
						-1.564198 -0.067900 1.485671 -1.585239 -0.067900 1.513635 -1.826285 -0.067900 1.288700 -1.795538 -0.125464 1.311808 -1.816578 -0.125464 1.339772 -1.847325 -0.067900 1.316664 -1.835115 -0.012371 1.282064 -1.856155 -0.012371 1.310028 -1.837082 0.000000 1.280585 -1.858122 0.000000 1.308550 -1.857002 0.067900 1.330334 -1.828059 0.125464 1.355666 -1.600134 -0.000000 1.555155 -1.610297 -0.067900 1.546260 -1.733649 0.177432 1.438297 -1.682555 0.163926 1.483017 -1.828059 0.125464 1.355666 -1.784744 0.163926 1.393577 -1.639240 -0.125464 1.520928 -1.682555 -0.163926 1.483017 -1.828059 -0.125464 1.355666 -1.857002 -0.067900 1.330334 -1.867165 0.000000 1.321439 -1.784744 -0.163926 1.393577 -1.828059 -0.125464 1.355666 -1.639240 0.125464 1.520928 -1.610297 0.067900 1.546260 -1.610297 -0.067900 1.546260 -1.733649 -0.177432 1.438297 -1.865313 -0.012371 1.323060 -1.610297 0.067900 1.546260 -1.744358 0.177432 1.450547 -1.694858 0.163926 1.497026 -1.873706 0.000000 1.329093 -1.863860 0.067900 1.338338 -1.624856 -0.067900 1.562757 -1.652895 -0.125464 1.536429 -1.652895 0.125464 1.536429 -1.793857 0.163926 1.404069 -1.694859 -0.163926 1.497026 -1.744358 -0.177432 1.450547 -1.793857 -0.163926 1.404069 -1.863860 -0.067900 1.338338 -1.871912 -0.012371 1.330777 -1.624856 0.067900 1.562757 -1.624856 0.067900 1.562757 -1.615010 -0.000000 1.572002 -1.835821 0.125464 1.364666 -1.624856 -0.067900 1.562757 -1.835821 -0.125464 1.364666 -1.835821 0.125464 1.364666 -1.835821 -0.125464 1.364666 -1.763958 0.177432 1.471451 -1.717775 0.163926 1.521227 -1.763958 -0.177432 1.471451 -1.810140 -0.163926 1.421675 -1.875452 -0.067900 1.351281 -1.882964 -0.012371 1.343184 -1.652895 0.125464 1.536429 -1.678624 0.125464 1.563426 -1.652464 0.067900 1.591621 -1.643278 0.000000 1.601522 -1.875452 0.067900 1.351281 -1.849292 0.125464 1.379477 
						-1.652464 -0.067900 1.591621 -1.849292 0.125464 1.379477 -1.810140 0.163926 1.421675 -1.678624 -0.125464 1.563426 -1.717775 -0.163926 1.521227 -1.652895 -0.125464 1.536429 -1.678624 -0.125464 1.563426 -1.849292 -0.125464 1.379477 -1.849292 -0.125464 1.379477 -1.884638 0.000000 1.341380 -1.678624 0.125464 1.563426 -1.693310 0.125464 1.577036 -1.667150 0.067900 1.605232 -1.732461 -0.163926 1.534838 -1.778644 -0.177432 1.485062 -1.890138 0.067900 1.364892 -1.863978 0.125464 1.393088 -1.667150 -0.067900 1.605232 -1.693310 -0.125464 1.577036 -1.657964 0.000000 1.615133 -1.824826 -0.163926 1.435286 -1.863978 -0.125464 1.393088 -1.863978 0.125464 1.393088 -1.824826 0.163926 1.435286 -1.693310 -0.125464 1.577036 -1.778644 0.177432 1.485062 -1.732461 0.163926 1.534838 -1.863978 -0.125464 1.393088 -1.890138 -0.067900 1.364892 -1.899324 0.000000 1.354991 -1.693310 0.125464 1.577036 -1.897650 -0.012371 1.356795 -1.731116 0.193411 1.550293 -1.785624 0.209364 1.491537 -1.809745 0.202882 1.513902 -1.756876 0.187369 1.570918 -1.863978 -0.125464 1.393088 -1.824826 -0.163926 1.435286 -1.831048 -0.186028 1.428573 -1.875476 -0.142380 1.380682 -1.657964 0.000000 1.615133 -1.667150 0.067900 1.605232 -1.652127 0.077054 1.621442 -1.641703 0.000000 1.632679 -1.778644 -0.177432 1.485062 -1.778643 -0.201355 1.485063 -1.684947 0.148030 1.600059 -1.712300 0.143391 1.619094 -1.917155 -0.080110 1.349737 -1.886295 -0.148033 1.383005 -1.907351 -0.143395 1.408853 -1.937260 -0.077579 1.376679 -1.654087 0.080108 1.633324 -1.684947 0.148030 1.600059 -1.712300 0.143391 1.619094 -1.682458 0.077578 1.651325 -1.926016 -0.014595 1.340184 -1.945843 -0.014134 1.367438 -1.917155 0.080110 1.349737 -1.927990 0.000000 1.338056 -1.947755 0.000000 1.365379 -1.937260 0.077579 1.376679 -1.886295 0.148033 1.383005 -1.907351 0.143395 1.408853 
						-1.840132 0.193414 1.432775 -1.862646 0.187377 1.456895 -1.654087 -0.080108 1.633324 -1.643251 0.000000 1.645004 -1.671975 0.000000 1.662636 -1.682458 -0.077578 1.651325 -1.886295 0.148033 1.383005 -1.907351 0.143395 1.408853 -1.886295 -0.148033 1.383005 -1.840132 -0.193414 1.432775 -1.862646 -0.187377 1.456895 -1.907351 -0.143395 1.408853 -1.785624 -0.209364 1.491537 -1.809745 -0.202882 1.513902 -1.731116 -0.193412 1.550293 -1.684947 -0.148030 1.600059 -1.712300 -0.143391 1.619094 -1.756876 -0.187369 1.570918 -1.667150 -0.067900 1.605232 -1.652127 -0.077054 1.621442 -1.824826 0.163926 1.435286 -1.863978 0.125464 1.393088 -1.875476 0.142380 1.380682 -1.831048 0.186028 1.428573 -1.890138 -0.067900 1.364892 -1.905161 -0.077056 1.348682 -1.732461 -0.163926 1.534838 -1.693310 -0.125464 1.577036 -1.681811 -0.142378 1.589444 -1.726238 -0.186027 1.541554 -1.897650 -0.012371 1.356795 -1.913687 -0.014039 1.339493 -1.732461 0.163926 1.534838 -1.778644 0.177432 1.485062 -1.778643 0.201355 1.485063 -1.726238 0.186027 1.541554 -1.875413 -0.187377 1.468716 -1.822512 -0.202882 1.525722 -2.064954 -0.202882 1.750188 -2.117855 -0.187377 1.693182 -1.693310 0.125464 1.577036 -1.681811 0.142378 1.589444 -1.890138 0.067900 1.364892 -1.899324 0.000000 1.354991 -1.915586 0.000000 1.337445 -1.905161 0.077056 1.348682 -1.684947 -0.148030 1.600059 -1.712300 -0.143391 1.619094 -1.695224 0.077578 1.663145 -1.725067 0.143391 1.630914 -1.967509 0.143391 1.855380 -1.937666 0.077578 1.887611 -1.769643 -0.187369 1.582739 -1.725067 -0.143391 1.630914 -1.967509 -0.143391 1.855380 -2.012085 -0.187369 1.807205 -1.822512 0.202882 1.525722 -1.875413 0.187377 1.468716 -2.117855 0.187377 1.693182 -2.064954 0.202882 1.750189 -1.920118 0.143395 1.420673 -2.162560 0.143395 1.645139 -1.695224 -0.077578 1.663145 -1.684742 0.000000 1.674456 
						-1.927184 0.000000 1.898923 -1.937666 -0.077578 1.887611 -1.769643 0.187369 1.582739 -2.012085 0.187369 1.807205 -1.958610 -0.014134 1.379258 -1.950027 -0.077579 1.388500 -2.192469 -0.077579 1.612966 -2.201052 -0.014134 1.603724 -1.960846 0.068086 1.876859 -1.987058 0.125900 1.848542 -2.026158 0.107756 1.858191 -2.003699 0.058221 1.882453 -1.725067 0.143391 1.630914 -1.967509 0.143391 1.855380 -1.920118 -0.143395 1.420673 -2.162560 -0.143395 1.645139 -1.950027 0.077579 1.388500 -1.960522 0.000000 1.377200 -2.202964 0.000000 1.601666 -2.192469 0.077579 1.612966 -1.725067 -0.143391 1.630914 -1.967509 -0.143391 1.855380 -1.920118 0.143395 1.420673 -2.162560 0.143395 1.645139 -1.920118 -0.143395 1.420673 -2.162560 -0.143395 1.645139 -1.780687 0.207795 1.486960 -1.726601 0.191972 1.545263 -1.726601 0.191972 1.545263 -1.780687 0.207795 1.486960 -1.780687 -0.207795 1.486960 -1.726601 -0.191972 1.545263 -1.726601 -0.191972 1.545263 -1.780687 -0.207795 1.486960 -1.654087 -0.080108 1.633324 -1.680761 -0.146929 1.594676 -1.650129 -0.079516 1.627697 -1.650129 -0.079516 1.627697 -1.680761 -0.146929 1.594676 -1.639373 0.000000 1.639292 -1.650129 0.079516 1.627697 -1.650129 0.079516 1.627697 -1.639373 0.000000 1.639292 -1.880613 -0.146931 1.379239 -1.834774 -0.191974 1.428655 -1.834774 -0.191974 1.428655 -1.880613 -0.146931 1.379239 -1.880612 0.146931 1.379239 -1.834774 0.191974 1.428655 -1.834774 0.191974 1.428655 -1.880612 0.146931 1.379239 -1.880612 0.146931 1.379239 -1.911245 0.079517 1.346217 -1.911245 0.079517 1.346217 -1.922002 0.000000 1.334621 -1.920042 -0.014487 1.336734 -1.920042 -0.014487 1.336734 -1.922002 0.000000 1.334621 -1.680761 0.146929 1.594676 -1.680761 0.146929 1.594676 -1.650129 -0.079516 1.627697 -1.654087 0.080108 1.633324 -1.650129 0.079516 1.627697 -1.911245 -0.079517 1.346217 
						-1.880613 -0.146931 1.379239 -1.911245 -0.079517 1.346217 -2.119143 -0.164656 1.706095 -2.158382 -0.126025 1.663872 -2.166193 -0.141349 1.651295 -2.122136 -0.184703 1.698659 -2.122136 -0.184703 1.698659 -2.166193 -0.141349 1.651295 -1.960846 0.068086 1.876859 -1.951642 -0.000061 1.886799 -1.934182 0.000000 1.901456 -1.944514 0.076471 1.890305 -1.944514 0.076471 1.890305 -1.934182 0.000000 1.901456 -1.960846 -0.068207 1.876859 -1.987058 -0.126022 1.848542 -1.973930 -0.141346 1.858532 -1.944514 -0.076471 1.890305 -1.944514 -0.076471 1.890305 -1.973930 -0.141346 1.858532 -2.026232 -0.164649 1.806248 -2.072663 -0.178276 1.756157 -2.069986 -0.199987 1.754848 -2.017876 -0.184695 1.811053 -2.017876 -0.184695 1.811053 -2.069986 -0.199987 1.754848 -2.069987 0.199987 1.754848 -2.017875 0.184695 1.811052 -2.017875 0.184695 1.811052 -2.069987 0.199987 1.754848 -2.072663 0.178154 1.756157 -2.026232 0.164528 1.806247 -2.166193 0.141350 1.651295 -2.122136 0.184703 1.698659 -2.122136 0.184703 1.698659 -2.166193 0.141350 1.651295 -2.158381 0.125904 1.663873 -2.119143 0.164535 1.706095 -2.184661 0.068087 1.635614 -2.195678 0.076472 1.619582 -2.195678 0.076472 1.619582 -2.166193 0.141350 1.651295 -2.192204 -0.012476 1.627500 -2.193885 -0.000061 1.625692 -2.206025 0.000000 1.608444 -2.204139 -0.013933 1.610474 -2.204139 -0.013933 1.610474 -2.206025 0.000000 1.608444 -1.973930 0.141346 1.858532 -1.973930 0.141346 1.858532 -1.987058 0.125900 1.848542 -1.973930 -0.141346 1.858532 -1.973930 0.141346 1.858532 -2.184661 -0.068208 1.635614 -2.195677 -0.076472 1.619582 -2.166193 -0.141349 1.651295 -2.195677 -0.076472 1.619582 -1.822512 -0.202882 1.525722 -1.875413 -0.187377 1.468716 -1.874484 -0.184087 1.469719 -1.822512 -0.199320 1.525722 -1.907351 -0.143395 1.408853 -1.862646 -0.187377 1.456895 -1.861718 -0.184086 1.457898 
						-1.905638 -0.140877 1.410703 -2.201052 -0.014134 1.603724 -2.202964 0.000000 1.601666 -2.200591 0.000695 1.604230 -2.198678 -0.013440 1.606288 -1.769643 -0.187369 1.582739 -1.770571 -0.184079 1.581736 -1.809745 0.202882 1.513902 -1.862646 0.187377 1.456895 -1.861718 0.184086 1.457898 -1.809746 0.199320 1.513902 -1.725067 0.143391 1.630914 -1.695224 0.077578 1.663145 -1.697461 0.076216 1.660730 -1.726780 0.140874 1.629064 -1.920118 -0.143395 1.420673 -1.950027 -0.077579 1.388500 -1.947791 -0.076217 1.390915 -1.918404 -0.140878 1.422523 -1.809745 -0.202882 1.513902 -1.809746 -0.199320 1.513902 -1.725067 -0.143391 1.630914 -1.726780 -0.140875 1.629064 -1.682458 0.077578 1.651325 -1.712300 0.143391 1.619094 -1.714013 0.140874 1.617243 -1.684694 0.076216 1.648910 -1.875413 0.187377 1.468716 -1.822512 0.202882 1.525722 -1.822512 0.199320 1.525723 -1.874484 0.184087 1.469719 -1.682458 -0.077578 1.651325 -1.671975 0.000000 1.662636 -1.674395 0.000000 1.660022 -1.684694 -0.076216 1.648910 -1.920118 0.143395 1.420673 -1.918404 0.140878 1.422523 -2.202964 0.000000 1.601666 -1.960522 0.000000 1.377200 -1.958107 0.000236 1.379808 -2.200591 0.000695 1.604230 -1.756876 -0.187369 1.570918 -1.712300 -0.143391 1.619094 -1.714013 -0.140874 1.617243 -1.757804 -0.184079 1.569916 -1.684742 0.000000 1.674456 -1.695224 -0.077578 1.663145 -1.697461 -0.076216 1.660730 -1.687162 0.000000 1.671842 -1.756876 0.187369 1.570918 -1.757804 0.184079 1.569916 -1.769643 0.187369 1.582739 -1.770571 0.184079 1.581736 -1.935024 -0.076217 1.379095 -1.905638 -0.140877 1.410703 -1.918404 -0.140878 1.422523 -1.947791 -0.076217 1.390915 -1.809746 -0.199320 1.513902 -1.757804 -0.184079 1.569916 -1.770571 -0.184079 1.581736 -1.822512 -0.199320 1.525722 -1.905638 0.140877 1.410703 -1.935024 0.076217 1.379095 -1.947791 0.076217 1.390915 
						-1.918404 0.140878 1.422523 -1.714013 -0.140874 1.617243 -1.684694 -0.076216 1.648910 -1.697461 -0.076216 1.660730 -1.726780 -0.140875 1.629064 -1.674395 0.000000 1.660022 -1.684694 0.076216 1.648910 -1.697461 0.076216 1.660730 -1.687162 0.000000 1.671842 -1.945335 0.000000 1.367993 -1.958107 0.000236 1.379808 -1.905638 -0.140877 1.410703 -1.861718 -0.184086 1.457898 -1.874484 -0.184087 1.469719 -1.918404 -0.140878 1.422523 -1.714013 0.140874 1.617243 -1.757804 0.184079 1.569916 -1.770571 0.184079 1.581736 -1.726780 0.140874 1.629064 -1.943469 -0.013440 1.370002 -1.956236 -0.013440 1.381822 -1.809746 0.199320 1.513902 -1.822512 0.199320 1.525723 -1.861718 0.184086 1.457898 -1.905638 0.140877 1.410703 -1.918404 0.140878 1.422523 -1.874484 0.184087 1.469719 -1.714013 -0.140874 1.617243 -1.726780 -0.140875 1.629064 -1.714013 0.140874 1.617243 -1.726780 0.140874 1.629064 -2.198678 -0.013440 1.606288 -2.200591 0.000695 1.604230 -1.937260 0.077579 1.376679 -1.947755 0.000000 1.365379 -1.945335 0.000000 1.367993 -1.935024 0.076217 1.379095 -1.950027 0.077579 1.388500 -1.947791 0.076217 1.390915 -1.958610 -0.014134 1.379258 -1.956236 -0.013440 1.381822 -1.937260 -0.077579 1.376679 -1.935024 -0.076217 1.379095 -1.960522 0.000000 1.377200 -1.958107 0.000236 1.379808 -1.907351 0.143395 1.408853 -1.905638 0.140877 1.410703 -1.958610 -0.014134 1.379258 -2.201052 -0.014134 1.603724 -2.198678 -0.013440 1.606288 -1.956236 -0.013440 1.381822 -1.945843 -0.014134 1.367438 -1.943469 -0.013440 1.370002 -1.995814 -0.000165 1.890969 -2.003699 0.058221 1.882453 -2.019154 0.058221 1.896790 -2.011268 -0.000165 1.905307 -2.158381 0.125904 1.663873 -2.184661 0.068087 1.635614 -2.195459 0.058222 1.675759 -2.172944 0.107758 1.699970 -2.026232 0.164528 1.806247 -2.059721 0.140851 1.821954 -2.072663 0.178154 1.756157 
						-2.119143 0.164535 1.706095 -2.139326 0.140856 1.736146 -2.099502 0.152526 1.779038 -2.192204 -0.012476 1.627500 -2.184661 -0.068208 1.635614 -2.195459 -0.058552 1.675759 -2.201922 -0.010803 1.668807 -2.072663 -0.178276 1.756157 -2.026232 -0.164649 1.806248 -2.059721 -0.141181 1.821954 -2.099502 -0.152856 1.779038 -2.026232 -0.164649 1.806248 -1.987058 -0.126022 1.848542 -2.026158 -0.108086 1.858191 -2.059721 -0.141181 1.821954 -2.193885 -0.000061 1.625692 -2.203362 -0.000165 1.667258 -1.960846 -0.068207 1.876859 -2.003699 -0.058551 1.882453 -1.951642 -0.000061 1.886799 -1.995814 -0.000165 1.890969 -2.158382 -0.126025 1.663872 -2.119143 -0.164656 1.706095 -2.139325 -0.141187 1.736146 -2.172944 -0.108089 1.699970 -2.119143 -0.164656 1.706095 -2.139325 -0.141187 1.736146 -2.184661 -0.068208 1.635614 -2.195459 -0.058552 1.675759 -2.158381 0.125904 1.663873 -2.172944 0.107758 1.699970 -2.026232 0.164528 1.806247 -2.059721 0.140851 1.821954 -2.075175 0.140851 1.836292 -2.114956 0.152526 1.793375 -2.135872 0.152526 1.812770 -2.098150 0.140851 1.857508 -2.201922 -0.010803 1.668807 -2.195459 -0.058552 1.675759 -2.210914 -0.058552 1.690097 -2.217376 -0.010803 1.683144 -2.059721 -0.141181 1.821954 -2.026158 -0.108086 1.858191 -2.041612 -0.108086 1.872529 -2.075175 -0.141181 1.836292 -2.026158 -0.108086 1.858191 -2.003699 -0.058551 1.882453 -2.019154 -0.058551 1.896790 -2.041612 -0.108086 1.872529 -2.099502 -0.152856 1.779038 -2.114956 -0.152856 1.793375 -2.026158 0.107756 1.858191 -2.041612 0.107756 1.872529 -2.059721 0.140851 1.821954 -2.099502 0.152526 1.779038 -2.139325 -0.141187 1.736146 -2.154779 -0.141187 1.750483 -2.139326 0.140856 1.736146 -2.172944 0.107758 1.699970 -2.188398 0.107758 1.714308 -2.154780 0.140856 1.750483 -2.172944 0.107758 1.699970 -2.195459 0.058222 1.675759 -2.210914 0.058222 1.690097 
						-2.188398 0.107758 1.714308 -2.203362 -0.000165 1.667258 -2.218817 -0.000165 1.681596 -2.172944 -0.108089 1.699970 -2.188398 -0.108089 1.714308 -2.172944 -0.108089 1.699970 -2.188398 -0.108089 1.714308 -2.026158 0.107756 1.858191 -2.041612 0.107756 1.872529 -2.234366 -0.000165 1.696235 -2.233000 -0.010803 1.697850 -2.243650 -0.010803 1.707057 -2.244935 -0.000165 1.705377 -2.135872 -0.152856 1.812770 -2.173636 -0.141187 1.768055 -2.205518 0.107758 1.730340 -2.173636 0.140856 1.768055 -2.226871 0.058222 1.705098 -2.205518 0.107758 1.730340 -2.205518 -0.108089 1.730340 -2.205518 -0.108089 1.730340 -2.226871 -0.058552 1.705098 -2.066327 0.107756 1.895282 -2.045033 0.058221 1.920571 -2.037556 -0.000165 1.929449 -2.066327 -0.108086 1.895282 -2.098150 -0.141181 1.857508 -2.045033 -0.058551 1.920571 -2.066327 -0.108086 1.895282 -2.066327 0.107756 1.895282 -2.066829 -0.058551 1.938727 -2.059797 -0.000165 1.947961 -2.083968 -0.000165 1.966130 -2.090511 -0.058551 1.956543 -2.187799 -0.141187 1.780088 -2.217794 -0.108089 1.740855 -2.217794 -0.108089 1.740855 -2.237884 -0.058552 1.714597 -2.116790 0.140851 1.873135 -2.086857 0.107756 1.912424 -2.066829 0.058221 1.938727 -2.086857 -0.108086 1.912424 -2.116790 -0.141181 1.873135 -2.086857 -0.108086 1.912424 -2.152273 -0.152856 1.826601 -2.086857 0.107756 1.912424 -2.152273 0.152526 1.826601 -2.217793 0.107758 1.740856 -2.187800 0.140856 1.780088 -2.237884 0.058222 1.714597 -2.217793 0.107758 1.740856 -2.136994 -0.141181 1.888442 -2.170009 -0.152856 1.840126 -2.109144 0.107756 1.929234 -2.090511 0.058221 1.956543 -2.170009 0.152526 1.840126 -2.136994 0.140851 1.888442 -2.203069 -0.141187 1.791829 -2.230982 0.107758 1.751090 -2.203069 0.140856 1.791829 -2.249680 0.058222 1.723822 -2.230982 0.107758 1.751090 -2.256242 -0.000165 1.714248 -2.255047 -0.010803 1.715992 
						-2.230982 -0.108089 1.751090 -2.230982 -0.108089 1.751090 -2.249681 -0.058552 1.723822 -2.109144 0.107756 1.929234 -2.109144 -0.108086 1.929234 -2.109144 -0.108086 1.929234 -2.203069 0.140856 1.791829 -2.230982 0.107758 1.751090 -2.237633 0.119520 1.741365 -2.206673 0.156231 1.786560 -2.203069 -0.141187 1.791829 -2.170009 -0.152856 1.840126 -2.170008 -0.169503 1.840127 -2.206673 -0.156561 1.786560 -2.136994 0.140851 1.888442 -2.170009 0.152526 1.840126 -2.170008 0.169173 1.840127 -2.133390 0.156225 1.893711 -2.090511 0.058221 1.956543 -2.109144 0.107756 1.929234 -2.102493 0.119517 1.938958 -2.081827 0.064588 1.969239 -2.136994 -0.141181 1.888442 -2.133390 -0.156555 1.893711 -2.090511 -0.058551 1.956543 -2.083968 -0.000165 1.966130 -2.074570 -0.000165 1.979871 -2.081827 -0.064918 1.969239 -2.109144 -0.108086 1.929234 -2.102493 -0.119848 1.938958 -2.255047 -0.010803 1.715992 -2.249681 -0.058552 1.723822 -2.258364 -0.064919 1.711126 -2.264264 -0.014049 1.702515 -2.230982 -0.108089 1.751090 -2.237634 -0.119850 1.741365 -2.256242 -0.000165 1.714248 -2.265640 -0.000165 1.700507 -2.249680 0.058222 1.723822 -2.258364 0.064589 1.711125 -2.170008 0.169173 1.840127 -2.206673 0.156231 1.786560 -2.236914 0.152330 1.809203 -2.201161 0.164951 1.861434 -2.267103 0.116532 1.765143 -2.287317 0.062971 1.735658 -2.308358 0.047170 1.792889 -2.293143 0.087484 1.815081 -2.237633 0.119520 1.741365 -2.258364 0.064589 1.711125 -2.287317 0.062971 1.735658 -2.267103 0.116532 1.765143 -2.265640 -0.000165 1.700507 -2.294412 -0.000165 1.725305 -2.264264 -0.014049 1.702515 -2.293289 -0.013098 1.728160 -2.237634 -0.119850 1.741365 -2.206673 -0.156561 1.786560 -2.236914 -0.152661 1.809203 -2.267103 -0.116862 1.765142 -2.258364 -0.064919 1.711126 -2.237634 -0.119850 1.741365 -2.267103 -0.116862 1.765142 -2.287317 -0.063301 1.735658 
						-2.102493 0.119517 1.938958 -2.133390 0.156225 1.893711 -2.165458 0.152324 1.913684 -2.135338 0.116530 1.957800 -2.074570 -0.000165 1.979871 -2.081827 0.064588 1.969239 -2.115189 0.062970 1.987326 -2.108112 -0.000165 1.997692 -2.133390 -0.156555 1.893711 -2.102493 -0.119848 1.938958 -2.135338 -0.116860 1.957800 -2.165458 -0.152654 1.913684 -2.102493 -0.119848 1.938958 -2.081827 -0.064918 1.969239 -2.115189 -0.063300 1.987326 -2.135338 -0.116860 1.957800 -2.170008 -0.169503 1.840127 -2.201161 -0.165281 1.861434 -2.102493 0.119517 1.938958 -2.135338 0.116530 1.957800 -2.237633 0.119520 1.741365 -2.267103 0.116532 1.765143 -2.216638 -0.115125 1.926885 -2.193967 -0.088184 1.960090 -2.281155 -0.103168 2.039532 -2.307720 -0.134737 2.000623 -2.294412 -0.000165 1.725305 -2.313698 -0.000351 1.785097 -2.293289 -0.013098 1.728160 -2.312853 -0.010085 1.787246 -2.267103 -0.116862 1.765142 -2.236914 -0.152661 1.809203 -2.270421 -0.115130 1.848244 -2.293143 -0.088186 1.815081 -2.287317 -0.063301 1.735658 -2.267103 -0.116862 1.765142 -2.293143 -0.088186 1.815081 -2.308358 -0.047872 1.792889 -2.135338 0.116530 1.957800 -2.165458 0.152324 1.913684 -2.216638 0.114424 1.926885 -2.193967 0.087483 1.960090 -2.108112 -0.000165 1.997692 -2.115189 0.062970 1.987326 -2.178801 0.047170 1.982314 -2.173475 -0.000351 1.990116 -2.165458 -0.152654 1.913684 -2.135338 -0.116860 1.957800 -2.193967 -0.088184 1.960090 -2.216638 -0.115125 1.926885 -2.115189 -0.063300 1.987326 -2.178801 -0.047871 1.982314 -2.201161 -0.165281 1.861434 -2.165458 -0.152654 1.913684 -2.216638 -0.115125 1.926885 -2.243511 -0.124629 1.887558 -2.165458 0.152324 1.913684 -2.201161 0.164951 1.861434 -2.243511 0.123928 1.887558 -2.216638 0.114424 1.926885 -2.201161 -0.165281 1.861434 -2.243511 -0.124629 1.887558 -2.236914 0.152330 1.809203 -2.267103 0.116532 1.765143 
						-2.293143 0.087484 1.815081 -2.270421 0.114429 1.848244 -2.263383 0.055437 2.065573 -2.281155 0.102675 2.039532 -2.467065 0.102687 2.166755 -2.449293 0.055449 2.192796 -2.193967 -0.088184 1.960090 -2.178801 -0.047871 1.982314 -2.263383 -0.055930 2.065573 -2.281155 -0.103168 2.039532 -2.173475 -0.000351 1.990116 -2.257143 -0.000246 2.074715 -2.243511 -0.124629 1.887558 -2.339209 -0.145874 1.954540 -2.178801 0.047170 1.982314 -2.193967 0.087483 1.960090 -2.216638 0.114424 1.926885 -2.243511 0.123928 1.887558 -2.339209 0.145381 1.954540 -2.307720 0.134245 2.000623 -2.270421 -0.115130 1.848244 -2.370741 -0.134743 1.908473 -2.270421 0.114429 1.848244 -2.293143 0.087484 1.815081 -2.397367 0.102677 1.869613 -2.370742 0.134250 1.908473 -2.293143 0.087484 1.815081 -2.308358 0.047170 1.792889 -2.415195 0.055438 1.843609 -2.397367 0.102677 1.869613 -2.313698 -0.000351 1.785097 -2.421453 -0.000246 1.834478 -2.312853 -0.010085 1.787246 -2.420463 -0.011653 1.836996 -2.293143 -0.088186 1.815081 -2.397367 -0.103170 1.869613 -2.308358 -0.047872 1.792889 -2.293143 -0.088186 1.815081 -2.397367 -0.103170 1.869613 -2.415195 -0.055931 1.843609 -2.193967 0.087483 1.960090 -2.281155 0.102675 2.039532 -2.728883 0.045506 2.165919 -2.717076 0.059488 2.183116 -2.724576 0.091478 2.172149 -2.742720 0.069971 2.145684 -2.525119 0.145393 2.081763 -2.493629 0.134256 2.127845 -2.525119 -0.145862 2.081763 -2.556651 -0.134731 2.035696 -2.583278 0.102689 1.996836 -2.556652 0.134262 2.035696 -2.601106 0.055450 1.970832 -2.583278 0.102689 1.996836 -2.607363 -0.000235 1.961701 -2.606373 -0.011641 1.964219 -2.583278 -0.103159 1.996836 -2.583278 -0.103159 1.996836 -2.601106 -0.055919 1.970832 -2.467065 0.102687 2.166755 -2.443052 -0.000235 2.201938 -2.467065 -0.103157 2.166755 -2.493629 -0.134726 2.127846 -2.449293 -0.055918 2.192796 
						-2.467065 -0.103157 2.166755 -2.547452 -0.095517 2.049136 -2.566306 -0.073168 2.021633 -2.583278 -0.103159 1.996836 -2.556651 -0.134731 2.035696 -2.471449 0.039214 2.160422 -2.467030 -0.000235 2.166900 -2.443052 -0.000235 2.201938 -2.449293 0.055449 2.192796 -2.471447 -0.039684 2.160421 -2.484033 -0.073164 2.141957 -2.467065 -0.103157 2.166755 -2.449293 -0.055918 2.192796 -2.502826 -0.095512 2.114404 -2.525118 -0.103400 2.081759 -2.525119 -0.145862 2.081763 -2.493629 -0.134726 2.127846 -2.525122 0.102930 2.081762 -2.502829 0.095043 2.114406 -2.493629 0.134256 2.127845 -2.525119 0.145393 2.081763 -2.566308 0.072698 2.021635 -2.547456 0.095047 2.049138 -2.556652 0.134262 2.035696 -2.583278 0.102689 1.996836 -2.578951 0.039215 2.003207 -2.601106 0.055450 1.970832 -2.583356 -0.003053 1.997852 -2.583312 0.000425 1.996847 -2.607363 -0.000235 1.961701 -2.606373 -0.011641 1.964219 -2.484035 0.072694 2.141959 -2.467065 0.102687 2.166755 -2.578896 -0.039829 2.003286 -2.601106 -0.055919 1.970832 -2.669493 -0.024947 2.252831 -2.666728 -0.000224 2.256894 -2.638121 -0.000223 2.237333 -2.640887 -0.024946 2.233271 -2.677379 0.045500 2.241244 -2.669494 0.024499 2.252832 -2.651430 0.037743 2.279249 -2.663544 0.069967 2.261478 -2.689125 -0.059932 2.223994 -2.703081 -0.064872 2.203542 -2.703079 -0.099512 2.203543 -2.681625 -0.091921 2.234961 -2.677378 -0.045948 2.241243 -2.663541 -0.070415 2.261477 -2.669493 -0.024947 2.252831 -2.651429 -0.038191 2.279248 -2.703083 0.064424 2.203543 -2.689127 0.059484 2.223995 -2.681628 0.091473 2.234962 -2.703082 0.099064 2.203546 -2.666728 -0.000224 2.256894 -2.647178 -0.000224 2.285484 -2.728881 -0.045953 2.165918 -2.736742 -0.025168 2.154486 -2.754831 -0.038344 2.128031 -2.742717 -0.070419 2.145683 -2.736826 0.024500 2.154365 -2.754889 0.037744 2.127948 -2.739544 0.000346 2.150407 
						-2.759084 0.000427 2.121830 -2.717074 -0.059935 2.183115 -2.724573 -0.091925 2.172147 -2.566306 -0.073168 2.021633 -2.547452 -0.095517 2.049136 -2.722274 -0.095506 2.168773 -2.741128 -0.073157 2.141270 -2.467030 -0.000235 2.166900 -2.471449 0.039214 2.160422 -2.646271 0.039225 2.280059 -2.641852 -0.000224 2.286537 -2.484033 -0.073164 2.141957 -2.471447 -0.039684 2.160421 -2.646270 -0.039673 2.280058 -2.658855 -0.073153 2.261594 -2.525118 -0.103400 2.081759 -2.502826 -0.095512 2.114404 -2.677648 -0.095501 2.234041 -2.699941 -0.103389 2.201396 -2.502829 0.095043 2.114406 -2.525122 0.102930 2.081762 -2.699944 0.102941 2.201399 -2.677651 0.095053 2.234043 -2.547456 0.095047 2.049138 -2.566308 0.072698 2.021635 -2.741131 0.072709 2.141272 -2.722278 0.095058 2.168775 -2.566308 0.072698 2.021635 -2.578951 0.039215 2.003207 -2.753774 0.039226 2.122844 -2.741131 0.072709 2.141272 -2.484035 0.072694 2.141959 -2.658858 0.072705 2.261596 -2.484033 -0.073164 2.141957 -2.658855 -0.073153 2.261594 -2.484035 0.072694 2.141959 -2.658858 0.072705 2.261596 -2.583312 0.000425 1.996847 -2.758133 0.000436 2.116484 -2.578896 -0.039829 2.003286 -2.566306 -0.073168 2.021633 -2.741128 -0.073157 2.141270 -2.753717 -0.039818 2.122923 -2.583356 -0.003053 1.997852 -2.717074 -0.059935 2.183115 -2.703081 -0.064872 2.203542 -2.674474 -0.064871 2.183981 -2.688468 -0.059934 2.163554 -2.689127 0.059484 2.223995 -2.703083 0.064424 2.203543 -2.674477 0.064425 2.183983 -2.660521 0.059485 2.204434 -2.736742 -0.025168 2.154486 -2.728881 -0.045953 2.165918 -2.700275 -0.045953 2.146357 -2.708136 -0.025167 2.134926 -2.717076 0.059488 2.183116 -2.688470 0.059488 2.163556 -2.677379 0.045500 2.241244 -2.648773 0.045501 2.221684 -2.728883 0.045506 2.165919 -2.736826 0.024500 2.154365 -2.708220 0.024500 2.134805 -2.700277 0.045507 2.146358 
						-2.739544 0.000346 2.150407 -2.710938 0.000347 2.130847 -2.669494 0.024499 2.252832 -2.640888 0.024500 2.233271 -2.728883 0.045506 2.165919 -2.700277 0.045507 2.146358 -2.683936 -0.055849 2.162511 -2.670910 -0.060448 2.181544 -2.657901 -0.055846 2.200588 -2.646955 -0.042822 2.216648 -2.639604 -0.023255 2.227443 -2.637030 -0.000223 2.231229 -2.639605 0.022809 2.227444 -2.646956 0.042376 2.216649 -2.657903 0.055400 2.200589 -2.670913 0.060002 2.181545 -2.683938 0.055403 2.162512 -2.694927 0.042383 2.146492 -2.702322 0.022809 2.135723 -2.704854 0.000338 2.132042 -2.702235 -0.023484 2.135849 -2.694926 -0.042828 2.146492 -2.689125 -0.059932 2.223994 -2.660519 -0.059931 2.204433 -2.677379 0.045500 2.241244 -2.648773 0.045501 2.221684 -2.677378 -0.045948 2.241243 -2.648771 -0.045947 2.221683 -2.677378 -0.045948 2.241243 -2.648771 -0.045947 2.221683 -2.697225 -0.045037 2.145382 -2.685657 -0.058738 2.162235 -2.685657 -0.058738 2.162235 -2.697225 -0.045037 2.145382 -2.700275 -0.045953 2.146357 -2.636318 -0.000223 2.234530 -2.639029 0.024005 2.230550 -2.639029 0.024005 2.230550 -2.636318 -0.000223 2.234530 -2.646756 -0.045032 2.219194 -2.639028 -0.024451 2.230550 -2.639028 -0.024451 2.230550 -2.646756 -0.045032 2.219194 -2.671947 -0.063576 2.182253 -2.658269 -0.058734 2.202293 -2.658269 -0.058734 2.202293 -2.671947 -0.063576 2.182253 -2.658271 0.058289 2.202294 -2.671949 0.063130 2.182254 -2.671949 0.063130 2.182254 -2.658271 0.058289 2.202294 -2.685660 0.058292 2.162236 -2.697227 0.044592 2.145383 -2.697227 0.044592 2.145383 -2.685660 0.058292 2.162236 -2.705009 0.024005 2.134060 -2.705009 0.024005 2.134060 -2.697227 0.044592 2.145383 -2.646758 0.044586 2.219195 -2.646758 0.044586 2.219195 -2.646756 -0.045032 2.219194 -2.646758 0.044586 2.219195 -2.707673 0.000344 2.130182 -2.707673 0.000344 2.130182 
						-2.704924 -0.024674 2.134182 -2.697225 -0.045037 2.145382 -2.704924 -0.024674 2.134182 -2.702235 -0.023484 2.135849 -2.704854 0.000338 2.132042 -2.707673 0.000344 2.130182 -2.704924 -0.024674 2.134182 -2.728881 -0.045953 2.165918 -2.742894 -0.072355 2.143452 -2.724247 -0.094457 2.170650 -2.724247 -0.094457 2.170650 -2.742894 -0.072355 2.143452 -2.651430 0.037743 2.279249 -2.647178 -0.000224 2.285484 -2.644712 -0.000224 2.287118 -2.649082 0.038791 2.280711 -2.649082 0.038791 2.280711 -2.644712 -0.000224 2.287118 -2.661527 -0.072351 2.262449 -2.649080 -0.039239 2.280710 -2.649080 -0.039239 2.280710 -2.661527 -0.072351 2.262449 -2.702160 -0.102253 2.202914 -2.680113 -0.094453 2.235200 -2.680113 -0.094453 2.235200 -2.702160 -0.102253 2.202914 -2.680116 0.094005 2.235202 -2.702163 0.101806 2.202917 -2.702163 0.101806 2.202917 -2.680116 0.094005 2.235202 -2.724251 0.094009 2.170653 -2.742896 0.071907 2.143454 -2.742896 0.071907 2.143454 -2.724251 0.094009 2.170653 -2.755400 0.038792 2.125229 -2.755400 0.038792 2.125229 -2.742896 0.071907 2.143454 -2.661530 0.071903 2.262451 -2.661530 0.071903 2.262451 -2.661527 -0.072351 2.262449 -2.644712 -0.000224 2.287118 -2.649082 0.038791 2.280711 -2.661530 0.071903 2.262451 -2.759712 0.000433 2.118939 -2.759712 0.000433 2.118939 -2.755343 -0.039386 2.125309 -2.742894 -0.072355 2.143452 -2.755343 -0.039386 2.125309 
					</float_array>
					<technique_common>
						<accessor count="5552" offset="0" source="#meshId0-positions-array" stride="3">
							<param name="X" type="float" />
							<param name="Y" type="float" />
							<param name="Z" type="float" />
						</accessor>
					</technique_common>
				</source>
				<source id="meshId0-normals" name="meshId0-normals">
					<float_array id="meshId0-normals-array" count="16656"> 
						-0.110505 0.011454 0.993809 -0.092710 0.029686 0.995250 -0.063667 0.041204 0.997120 -0.075564 0.035882 0.996495 -0.111857 0.010650 0.993667 -0.000001 0.000000 -1.000000 0.000000 0.000000 -1.000000 0.000000 0.000000 -1.000000 0.000000 0.000000 -1.000000 -0.000008 0.129882 0.991529 0.138017 0.184400 0.973112 0.153727 0.086017 0.984362 0.000005 0.130099 0.991501 -0.991450 0.130486 -0.000001 -0.991452 0.130471 -0.000001 -0.991463 0.130387 -0.000002 -0.991467 0.130360 -0.000004 1.000000 0.000000 0.000000 1.000000 0.000000 0.000000 1.000000 0.000000 0.000000 1.000000 0.000000 0.000000 0.000000 0.000000 1.000000 0.000000 0.000000 1.000000 0.000000 0.000000 -1.000000 -0.000005 -0.991371 0.131088 0.000000 -1.000000 -0.000000 0.130888 -0.991397 0.000004 0.098756 -0.990191 0.098843 0.991471 0.130330 -0.000006 0.973016 0.184918 0.138001 0.945628 0.321215 0.051075 0.831416 0.555650 -0.000015 0.866322 0.499486 -0.000014 0.000348 0.134432 0.990923 -0.000000 0.130497 0.991449 -0.000008 0.130275 0.991478 -0.011741 0.140395 0.990026 -0.000000 -0.130497 0.991449 0.000348 -0.134432 0.990923 -0.011741 -0.140395 0.990026 -0.000008 -0.130275 0.991478 -0.000004 -0.129834 0.991536 -0.000009 -0.129901 0.991527 0.000006 -0.130111 0.991499 0.000003 -0.130067 0.991505 0.000184 0.135064 -0.990837 0.000111 0.125119 -0.992142 -0.000076 0.127715 -0.991811 -0.000107 0.117413 -0.993083 0.000050 -0.123919 -0.992292 0.000111 -0.125119 -0.992142 -0.000076 -0.127716 -0.991811 -0.000034 -0.126956 -0.991908 0.333722 0.225009 -0.915424 0.445912 0.392456 -0.804450 0.314514 0.317799 -0.894474 0.366666 0.184369 -0.911901 0.326414 -0.031431 -0.944704 0.990913 -0.134506 0.000179 0.992014 -0.126131 0.000154 0.991820 -0.127641 -0.000103 0.993236 -0.116111 -0.000103 0.000000 -1.000000 0.000000 0.000000 -1.000000 0.000000 
						0.135079 -0.990835 0.000050 0.034187 -0.998813 -0.034699 0.090749 -0.187921 0.977983 0.153721 -0.085859 0.984377 0.000007 -0.129968 0.991518 0.000016 -0.498520 0.866878 0.000025 -0.424702 0.905333 0.000008 -0.130161 0.991493 0.138033 -0.184803 0.973034 0.051118 -0.321002 0.945698 0.000018 -0.555306 0.831646 0.000018 -0.499034 0.866582 0.000000 1.000000 -0.000000 0.000000 1.000000 -0.000000 0.000000 1.000000 0.000000 0.000000 1.000000 0.000000 0.991492 -0.130171 0.000012 0.991480 -0.130257 0.000011 0.991470 -0.130332 -0.000006 0.991477 -0.130279 -0.000007 0.991636 -0.129065 0.000021 0.973191 -0.183895 0.138136 0.984391 -0.085712 0.153714 0.991570 -0.129572 -0.000014 0.991588 0.129430 0.000029 0.991635 0.129071 0.000021 0.991570 0.129572 -0.000014 0.991540 0.129799 -0.000019 0.992014 0.126131 0.000154 0.990913 0.134506 0.000179 0.993236 0.116111 -0.000103 0.991820 0.127641 -0.000103 0.000000 -1.000000 0.000000 0.000000 -1.000000 0.000000 -0.074223 -0.990338 0.117140 0.000000 -1.000000 -0.000000 0.000000 -1.000000 -0.000000 -0.071173 -0.996734 0.038140 -0.074223 0.990338 0.117141 0.000000 1.000000 0.000000 0.000000 1.000000 -0.000000 -0.024125 0.994951 0.097416 0.000005 -0.283272 0.959040 0.000005 -0.283525 0.958965 0.000003 -0.143240 0.989688 0.000003 -0.143107 0.989707 -0.021073 0.120309 0.992513 -0.034815 0.141622 0.989308 -0.531539 -0.122886 0.838073 -0.637130 -0.133029 0.759189 -0.644848 -0.131222 0.752962 -0.531568 -0.122797 0.838067 0.000003 0.143084 0.989711 0.137978 0.197590 0.970526 0.153567 0.098923 0.983174 -0.000003 0.143129 0.989704 0.000000 -1.000000 0.000000 0.000000 -1.000000 0.000000 0.000000 -1.000000 0.000000 0.000000 -1.000000 0.000000 0.908015 -0.418937 -0.000000 0.866264 -0.499586 -0.000007 0.991465 -0.130371 -0.000003 0.984172 -0.086877 0.154460 
						0.977548 -0.189287 0.092571 -0.531164 -0.128222 0.837511 -0.531998 -0.116276 0.838724 0.253957 0.967216 0.000000 0.253957 0.967216 0.000000 0.491262 0.871012 0.000000 0.491262 0.871012 0.000000 0.000000 1.000000 0.000000 0.000000 1.000000 0.000000 0.000000 0.000000 -1.000000 0.000000 0.000000 -1.000000 0.000000 0.000000 -1.000000 0.000000 0.000000 -1.000000 -0.000001 -0.425912 0.904764 -0.000001 -0.499924 0.866069 -0.153748 -0.086496 0.984317 -0.090816 -0.189131 0.977743 1.000000 0.000000 0.000000 1.000000 0.000000 0.000000 0.491262 -0.871012 -0.000000 0.491262 -0.871012 -0.000000 0.253957 -0.967216 0.000000 0.253957 -0.967216 0.000000 -0.991452 -0.130471 -0.000001 -0.991450 -0.130486 -0.000001 -0.991467 -0.130360 -0.000004 -0.991463 -0.130387 -0.000002 0.991471 0.130325 0.000006 0.991481 0.130255 0.000011 0.991465 0.130371 -0.000003 0.000000 -1.000000 0.000000 0.000000 -1.000000 0.000000 0.000000 -1.000000 -0.000000 0.031191 -0.999002 0.031962 -0.000003 0.129956 0.991520 0.000002 0.130144 0.991495 0.332398 -0.017325 -0.942980 0.342221 -0.034998 -0.938967 0.357421 0.164337 -0.919371 1.000000 0.000000 -0.000000 1.000000 0.000000 -0.000001 1.000000 0.000000 -0.000001 1.000000 0.000000 -0.000000 0.000000 0.000000 -1.000000 0.000000 0.000000 -1.000000 0.000000 0.000000 -1.000000 0.000000 0.000000 -1.000000 0.000000 -1.000000 0.000000 0.130801 -0.991409 0.000004 -0.973008 -0.184957 0.138010 -0.945605 -0.321283 0.051078 -0.831333 -0.555775 -0.000011 -0.866271 -0.499575 -0.000010 -0.130584 0.978595 0.159062 -0.138363 0.990381 -0.000829 0.000000 1.000000 0.000000 0.000373 0.990933 0.134354 0.991471 -0.130327 0.000006 0.140856 -0.041051 -0.989179 0.146206 -0.029580 -0.988812 0.146206 -0.029580 -0.988812 0.134672 -0.054240 -0.989405 -0.000022 0.498915 0.866651 -0.000015 0.498762 0.866739 
						-0.000007 0.130052 0.991507 -0.000010 0.130111 0.991499 0.984356 -0.086089 0.153726 0.973029 -0.184850 0.138002 1.000000 -0.000000 0.000000 1.000000 -0.000000 0.000000 1.000000 -0.000000 -0.000000 1.000000 -0.000000 0.000000 1.000000 -0.000000 -0.000000 1.000000 0.000000 0.000000 1.000000 0.000000 0.000000 1.000000 -0.000000 0.000000 1.000000 -0.000000 -0.000000 1.000000 -0.000000 -0.000000 1.000000 0.000000 0.000000 0.910633 -0.413216 0.000000 0.910633 -0.413216 0.000000 0.952274 -0.305244 0.000000 0.952274 -0.305244 0.000000 1.000000 0.000000 0.000000 1.000000 0.000000 0.000000 0.952274 0.305244 0.000000 0.952274 0.305244 0.000000 0.910633 0.413216 0.000000 0.910633 0.413216 0.000000 0.814861 -0.076775 -0.574549 0.824847 -0.079589 -0.559726 0.985468 -0.026287 -0.167815 0.947510 0.026149 -0.318654 0.877056 0.019570 -0.479989 -0.000000 -0.991441 0.130552 0.000000 -1.000000 0.000000 0.000000 -1.000000 0.000000 0.000373 -0.990933 0.134356 0.000000 1.000000 -0.000000 0.000000 1.000000 -0.000000 0.000000 1.000000 0.000000 0.000000 1.000000 -0.000000 0.000050 0.123919 -0.992292 0.160570 0.120431 -0.979650 0.164228 0.126289 -0.978305 -0.000034 0.126956 -0.991908 -0.138363 -0.990381 -0.000829 -0.130584 -0.978594 0.159067 0.000000 -1.000000 0.000000 0.000022 -0.990509 -0.137448 0.028602 -0.987944 -0.152146 0.000000 -1.000000 -0.000000 0.000000 -1.000000 0.000000 0.130733 -0.991418 0.000002 0.000000 -1.000000 0.000000 0.000000 -1.000000 0.000000 -0.076573 -0.996921 -0.016880 -0.047147 -0.998701 -0.019302 -0.010264 -0.999941 -0.003443 0.000009 -0.992899 0.118958 0.000000 -1.000000 -0.000000 0.000000 -1.000000 0.000000 -0.024125 -0.994951 0.097416 -0.134483 -0.000477 0.990916 -0.120358 0.020970 0.992509 -0.141023 0.040483 0.989178 -0.141156 0.014111 0.989887 0.334373 -0.217152 -0.917082 
						0.446418 -0.389663 -0.805527 0.508085 -0.234517 -0.828765 0.357694 -0.159947 -0.920039 -0.984317 0.086494 0.153751 -0.977744 0.189124 0.090818 -0.904769 0.425903 -0.000002 -0.866088 0.499892 -0.000003 0.000000 1.000000 0.000000 0.000000 1.000000 0.000000 -0.130578 0.991438 -0.000000 -0.130567 0.991439 -0.000000 0.000000 1.000000 0.000000 0.000022 0.990509 -0.137448 0.000042 0.990697 -0.136088 0.000000 1.000000 -0.000000 -0.130526 -0.000000 0.991445 -0.129902 0.000003 0.991527 0.000009 0.992899 0.118957 0.000000 1.000000 -0.000000 0.000000 1.000000 -0.000000 0.031191 0.999002 0.031962 0.000000 0.000000 1.000000 0.000000 0.000000 1.000000 0.000000 0.000000 1.000000 0.000042 -0.990697 -0.136088 0.000000 -1.000000 0.000000 -1.000000 0.000000 0.000000 -0.991444 0.000000 0.130533 -0.991444 -0.000000 0.130533 -1.000000 0.000000 0.000000 0.000000 -1.000000 0.000000 0.000000 -1.000000 0.000000 0.981812 -0.000314 -0.189858 0.978894 -0.000905 -0.204369 0.988748 0.000099 -0.149591 0.982436 0.000000 -0.186600 0.988874 -0.000000 -0.148755 0.981812 0.000314 -0.189858 0.988748 -0.000099 -0.149591 0.000000 0.000000 -1.000000 0.088257 -0.000072 -0.996098 0.089919 0.000000 -0.995949 0.000000 0.000000 -1.000000 0.000000 0.000000 -1.000000 0.000000 0.000000 -1.000000 0.000000 0.000000 -1.000000 0.000000 0.000000 -1.000000 0.000000 0.000000 -1.000000 0.000000 0.000000 -1.000000 0.000000 0.000000 -1.000000 0.000000 0.000000 -1.000000 0.000000 0.000000 -1.000000 0.000000 0.000000 -1.000000 0.000000 -1.000000 0.000001 0.000000 -1.000000 -0.000000 0.053456 -0.985727 -0.159642 0.086879 -0.960293 -0.265121 -1.000000 0.000000 0.000000 -0.991444 -0.000000 0.130533 -0.990939 0.000526 0.134310 -1.000000 0.000000 0.000000 -0.531538 0.122886 0.838073 -0.531164 0.128223 0.837510 -0.531999 0.116278 0.838723 
						-0.531569 0.122798 0.838066 0.000000 0.000000 -1.000000 0.081601 0.000356 -0.996665 1.000000 0.000000 0.000000 1.000000 0.000000 0.000000 1.000000 0.000000 0.000000 -0.130526 -0.000000 0.991445 -0.129925 -0.000000 0.991524 -0.130526 0.000000 0.991445 -0.129902 -0.000003 0.991527 -0.134483 0.000477 0.990916 -0.141156 -0.014111 0.989887 0.000000 0.000000 -1.000000 0.000000 0.000000 -1.000000 -0.000001 0.000000 -1.000000 0.000000 0.000000 -1.000000 0.000005 0.000000 -1.000000 0.000006 0.000002 -1.000000 0.137686 0.045066 -0.989450 0.148546 0.000000 -0.988906 0.550083 0.000000 -0.835110 0.550083 0.000000 -0.835110 0.545380 0.131220 -0.827854 0.545757 0.125526 -0.828488 0.000000 0.000000 -1.000000 0.000000 0.000000 -1.000000 -0.128662 -0.000010 -0.991688 -0.128733 0.000000 -0.991679 0.000006 -0.000002 -1.000000 0.137686 -0.045066 -0.989450 0.000000 0.000000 -1.000000 -0.128662 0.000010 -0.991688 -0.000000 0.000000 -1.000000 -0.140354 -0.014969 -0.989988 0.000000 0.000000 1.000000 -0.000000 0.000000 -1.000000 -0.140353 0.014969 -0.989988 1.000000 0.000000 0.000000 1.000000 0.000000 0.000000 0.990630 -0.136572 0.000219 0.991345 -0.131281 0.000117 1.000000 0.000000 0.000000 1.000000 0.000000 0.000000 0.991411 0.130785 0.000008 0.991345 0.131281 0.000117 1.000000 0.000000 0.000000 0.992854 0.119333 0.000014 0.000000 0.000000 1.000000 0.000000 0.000000 1.000000 0.000000 0.000000 1.000000 1.000000 0.000005 0.000000 0.991411 -0.130785 0.000008 -0.000000 0.000000 -1.000000 -0.139286 0.147227 -0.979246 -0.000000 0.000000 -1.000000 -0.000000 0.000000 -1.000000 0.000014 -0.119399 -0.992846 -0.012549 -0.140788 -0.989960 -0.000000 0.000000 -1.000000 -0.000000 0.000000 -1.000000 -0.012549 0.140788 -0.989960 0.000014 0.119399 -0.992846 0.000000 0.000008 -1.000000 -0.000000 0.000008 -1.000000 
						0.000310 0.137334 -0.990525 0.000648 0.136623 -0.990623 0.000000 0.000000 -1.000000 0.000000 0.000000 1.000000 0.000000 0.000000 1.000000 0.000000 0.000000 1.000000 0.000001 -0.000006 -1.000000 0.000005 -0.000004 -1.000000 0.113200 -0.104938 -0.988015 0.039864 -0.147622 -0.988240 -0.000000 0.000008 -1.000000 -0.000000 0.000008 -1.000000 -0.000022 0.138448 -0.990370 -0.000030 0.137654 -0.990480 0.550083 0.000000 -0.835110 0.550084 -0.000001 -0.835109 0.545747 -0.125081 -0.828562 0.545757 -0.125526 -0.828488 0.550084 0.000003 -0.835110 0.550083 0.000001 -0.835110 0.545746 0.125081 -0.828563 0.545413 0.129564 -0.828093 -0.000000 0.000000 -1.000000 -0.023550 -0.141154 -0.989707 -0.000000 -0.000008 -1.000000 -0.000000 -0.000008 -1.000000 0.000310 -0.137333 -0.990525 -0.000030 -0.137654 -0.990480 0.000005 0.000004 -1.000000 0.113200 0.104938 -0.988015 -0.000000 0.000000 -1.000000 -0.023550 0.141154 -0.989707 -0.000001 -0.991353 0.131224 0.000000 -1.000000 0.000000 0.000000 -1.000000 0.000000 -0.000003 -0.991362 0.131153 -0.153748 0.086496 0.984317 -0.138032 0.184929 0.973010 0.000000 0.000000 -1.000000 0.088257 0.000072 -0.996098 0.081601 -0.000356 -0.996665 0.000000 0.000000 -1.000000 0.090766 0.188219 0.977924 0.000019 0.425006 0.905190 0.000012 0.498876 0.866674 0.000000 -1.000000 0.000000 0.000000 -1.000000 0.000000 0.033462 -0.998882 0.033388 0.131997 -0.991250 0.000007 -1.000000 0.000000 0.000000 -0.990939 -0.000526 0.134312 0.000000 0.000000 1.000000 0.000000 0.000000 1.000000 0.000000 0.000000 1.000000 -0.000000 -0.000007 -1.000000 0.000000 -0.000008 -1.000000 -0.000022 -0.138448 -0.990370 -0.000014 -0.139454 -0.990229 -0.098475 -0.990256 0.098467 -0.130567 -0.991439 -0.000000 -0.990379 0.138377 -0.000829 -0.978625 0.130410 0.159018 1.000000 0.000009 0.000000 0.992854 -0.119333 0.000014 
						-0.954300 -0.298851 0.000000 -0.956267 -0.292159 0.014013 -0.995834 -0.088827 0.020613 -0.995470 -0.095076 0.000000 0.000002 0.000006 -1.000000 0.039864 0.147622 -0.988240 1.000000 0.000000 0.000000 0.990630 0.136572 0.000219 0.550084 -0.000003 -0.835109 0.545414 -0.129565 -0.828092 -0.000000 0.000008 -1.000000 0.000000 0.000008 -1.000000 -0.000014 0.140880 -0.990027 -0.000014 0.139454 -0.990229 -0.000000 -0.000008 -1.000000 0.000645 -0.136192 -0.990682 -0.995470 0.095076 0.000000 -0.995834 0.088827 0.020613 -0.956267 0.292159 0.014013 -0.954300 0.298851 0.000000 -0.159834 -0.986628 0.031892 -0.211675 -0.962537 0.169460 -0.279059 -0.951176 0.131873 -0.269228 -0.962759 0.024720 -0.550648 0.296615 0.780260 -0.565900 0.292234 0.770945 -0.584035 0.180748 0.791349 -0.566155 0.189290 0.802270 -0.080034 0.988066 -0.131609 -0.081099 0.996706 0.000000 0.130263 0.991479 0.000003 0.098220 0.990314 -0.098133 -0.161664 -0.986846 -0.000001 -0.272055 -0.962282 -0.000002 0.098221 -0.990314 -0.098133 0.130263 -0.991479 0.000003 -0.081099 -0.996706 0.000000 -0.080034 -0.988066 -0.131609 0.125076 -0.992133 0.005391 -0.081325 -0.996687 0.001553 0.014940 -0.999676 -0.020587 -0.138050 -0.970312 0.198587 -0.140812 -0.969139 0.202339 0.020214 -0.999184 0.034958 -0.161663 0.986846 -0.000001 -0.159834 0.986629 0.031892 -0.090730 0.994961 0.042663 -0.081325 0.996687 0.001553 -0.991077 -0.000000 0.133291 -0.999864 -0.000000 0.016500 -0.988481 -0.078221 0.129566 0.817041 -0.000000 0.576580 0.817041 0.000000 0.576580 0.817041 0.000000 0.576580 0.817041 -0.000000 0.576580 0.000000 -1.000000 -0.000000 0.000000 -1.000000 -0.000000 0.000000 -1.000000 -0.000000 0.000000 -1.000000 -0.000000 -0.988481 0.078221 0.129567 -0.999864 -0.000000 0.016500 -0.991077 0.000000 0.133291 0.000001 1.000000 -0.000000 0.000001 1.000000 -0.000001 
						0.000001 1.000000 -0.000001 0.000001 1.000000 -0.000000 0.020214 0.999184 0.034957 -0.140810 0.969139 0.202339 -0.138048 0.970312 0.198587 0.014940 0.999676 -0.020589 -0.953390 -0.301740 -0.000483 -0.995470 -0.095076 0.000000 -1.000000 0.000000 0.000000 -0.991194 -0.000003 -0.132420 -0.986432 -0.093663 -0.134831 -0.177345 -0.965661 0.189860 -0.090730 -0.994961 0.042663 -0.160560 -0.977399 -0.137522 -0.161663 -0.986846 0.000001 -0.274962 -0.961455 -0.000483 -0.267079 -0.955164 -0.127789 -0.160560 0.977399 -0.137522 -0.161663 0.986846 0.000000 -0.995470 0.095076 0.000000 -1.000000 0.000000 0.000000 -1.000000 0.000000 0.000000 -1.000000 0.000000 0.000000 -1.000000 0.000000 0.000000 -1.000000 0.000000 0.000000 -0.566156 -0.189290 0.802270 -0.584034 -0.180748 0.791350 -0.565900 -0.292234 0.770945 -0.550649 -0.296614 0.780260 -0.000037 0.307361 0.951593 -0.001256 0.302150 0.953259 -0.002588 0.091729 0.995781 0.000000 0.095076 0.995470 0.002665 0.998844 -0.048000 0.000232 0.979250 0.202658 0.239881 0.953214 0.183956 0.257679 0.964817 -0.052237 -0.959659 -0.261202 0.104058 -0.947631 -0.293302 -0.126372 -0.548224 0.289079 0.784782 -0.475256 0.277767 0.834852 -0.408647 0.559320 0.721227 -0.470180 0.565048 0.677975 -0.000000 -0.095076 0.995470 -0.002588 -0.091729 0.995781 -0.001256 -0.302151 0.953259 -0.000038 -0.307362 0.951593 -0.550737 0.296089 0.780397 -0.571933 0.126704 0.810456 -0.565980 0.091125 0.819367 -0.986432 0.093663 -0.134831 -0.953390 0.301740 -0.000483 -0.947630 0.293305 -0.126373 0.495874 -0.866867 -0.051482 0.489431 -0.859378 0.148077 0.239881 -0.953214 0.183957 0.257678 -0.964818 -0.052237 -0.470180 0.565048 0.677975 -0.408647 0.559320 0.721227 -0.258702 0.840982 0.475208 -0.297996 0.844327 0.445320 0.489431 0.859378 0.148075 0.495875 0.866866 -0.051482 0.125076 0.992133 0.005391 
						0.887027 -0.410363 0.211623 0.904520 -0.423785 -0.047433 0.949878 -0.309064 -0.047032 0.929453 -0.298259 0.217162 0.002680 -0.999133 -0.041551 0.000238 -0.978761 0.205004 0.000064 -0.978254 0.207413 0.001298 -0.999372 -0.035400 -0.092305 -0.079735 0.992533 -0.005153 -0.083766 0.996472 -0.007068 -0.000000 0.999975 -0.092124 -0.000011 0.995748 -0.000003 -1.000000 0.000004 -0.000002 -1.000000 0.000002 -0.000002 -1.000000 0.000002 -0.000003 -1.000000 0.000004 -0.000092 0.999455 -0.033004 -0.000109 0.978250 0.207429 0.000064 0.978254 0.207411 0.001298 0.999372 -0.035399 0.030210 -0.070482 0.997055 0.014876 -0.089730 0.995855 0.007982 -0.292354 0.956277 0.016500 -0.247911 0.968642 -0.002563 0.999800 -0.019808 -0.006148 0.975912 0.218077 -0.003137 0.977655 0.210193 -0.001332 0.999585 -0.028785 -0.002423 0.287847 0.957673 -0.087199 0.279197 0.956266 -0.092304 0.079735 0.992533 -0.005153 0.083766 0.996472 -0.000092 -0.999455 -0.033004 -0.000109 -0.978250 0.207429 -0.003137 -0.977655 0.210192 -0.001332 -0.999585 -0.028785 -0.583817 0.276216 0.763454 -0.645556 0.252214 0.720865 -0.701308 0.099113 0.705934 -0.602767 0.159439 0.781825 -0.991203 0.000000 -0.132346 -0.002563 -0.999800 -0.019808 -0.006148 -0.975913 0.218075 -0.020693 -0.973108 0.229420 -0.025412 -0.993250 0.113174 -0.001175 -0.999979 0.006459 -0.006468 -0.861553 0.507626 -0.048767 -0.853922 0.518111 -0.602767 -0.159438 0.781826 -0.701309 -0.099113 0.705933 -0.645557 -0.252213 0.720864 -0.583816 -0.276216 0.763455 0.016304 -0.999680 -0.019357 -0.125182 -0.971918 0.199260 -0.211674 0.962538 0.169456 -0.177345 0.965662 0.189858 -1.000000 0.000000 0.000000 -0.087199 -0.279197 0.956266 -0.002424 -0.287848 0.957673 -0.000002 1.000000 0.000002 -0.000003 1.000000 0.000004 -0.000003 1.000000 0.000004 -0.000002 1.000000 0.000002 0.000001 1.000000 0.000004 
						0.000000 1.000000 0.000002 0.000000 1.000000 0.000002 0.000001 1.000000 0.000004 -0.092124 0.000011 0.995748 -0.007068 0.000000 0.999975 0.017424 -0.001737 0.999847 0.000000 0.000000 1.000000 0.016689 -0.000000 0.999861 0.000000 0.000000 1.000000 0.017424 0.001737 0.999847 0.000000 0.000000 1.000000 0.014876 0.089730 0.995855 -0.571933 -0.126704 0.810456 -0.565980 -0.091126 0.819367 -0.569149 0.000000 0.822234 -0.576580 0.000000 0.817041 -0.576580 0.000000 0.817041 -0.576580 0.000000 0.817041 -0.569149 -0.000000 0.822234 -0.576580 -0.000000 0.817041 -0.565980 0.091125 0.819367 -0.571933 0.126704 0.810456 0.035078 -0.019446 0.999195 0.152983 -0.056588 0.986607 0.159047 0.000000 0.987271 0.033105 -0.000000 0.999452 0.152983 0.056588 0.986607 0.035078 0.019446 0.999195 0.148411 0.187867 0.970917 0.031179 0.045530 0.998476 0.000000 -1.000000 0.000000 0.000000 -1.000000 0.000000 0.016500 0.247912 0.968642 0.007982 0.292354 0.956277 0.030210 0.070482 0.997055 -0.991194 0.000003 -0.132420 -0.959659 0.261201 0.104060 -0.003534 0.000000 0.999994 -0.003534 -0.000000 0.999994 -0.007068 -0.000000 0.999975 -0.003534 0.000000 0.999994 -0.049487 0.000000 -0.998775 -0.049487 0.000000 -0.998775 -0.049487 0.000000 -0.998775 -0.049487 0.000000 -0.998775 0.000001 -1.000000 -0.000001 0.000001 -1.000000 0.000000 0.000001 -1.000000 0.000000 0.000001 -1.000000 -0.000001 0.000000 1.000000 0.000000 0.000000 1.000000 0.000000 0.000000 1.000000 0.000000 0.000000 1.000000 0.000000 0.000000 1.000000 -0.000001 0.000000 1.000000 -0.000001 0.998969 0.000000 -0.045390 0.975025 0.000000 0.222093 0.949878 0.309064 -0.047032 0.929453 0.298259 0.217161 0.904520 0.423785 -0.047433 0.887028 0.410363 0.211621 0.031180 -0.045530 0.998476 0.148408 -0.187868 0.970917 0.000000 1.000000 0.000000 
						0.000000 1.000000 0.000000 -0.049487 0.000000 -0.998775 -0.049487 0.000000 -0.998775 -0.550737 -0.296092 0.780396 -0.761356 -0.004611 -0.648318 -0.761356 -0.004611 -0.648318 -0.761356 -0.004611 -0.648318 -0.761356 -0.004611 -0.648318 0.817041 0.000000 0.576580 0.817041 0.000000 0.576579 0.817041 0.000000 0.576579 0.817041 0.000000 0.576580 0.000000 -1.000000 0.000000 0.000000 -1.000000 0.000000 -0.761356 0.004611 -0.648318 -0.761356 0.004611 -0.648318 -0.761356 0.004611 -0.648318 -0.761356 0.004611 -0.648318 -0.548224 -0.289083 0.784781 -0.125180 0.971919 0.199256 0.016304 0.999680 -0.019358 0.550083 0.000000 -0.835110 0.545380 -0.131220 -0.827854 -0.021073 -0.120307 0.992513 -0.034814 -0.141623 0.989308 -0.130578 -0.991438 -0.000000 0.000000 -1.000000 0.000000 0.991875 -0.127214 0.000109 0.991729 -0.128346 -0.000071 0.000000 1.000000 -0.000000 -0.071173 0.996734 0.038140 0.000184 -0.135064 -0.990837 -0.000107 -0.117413 -0.993083 -0.258919 -0.965899 -0.000000 -0.239427 -0.970833 0.012596 -0.196372 -0.974051 0.112528 -0.550596 0.511738 0.659522 -0.469961 0.479537 0.741067 -0.637130 0.133030 0.759189 -0.000000 0.991441 0.130552 0.991519 0.129962 -0.000370 0.991872 0.127239 -0.000362 1.000000 0.000000 0.000000 1.000000 0.000000 0.000000 0.000000 1.000000 -0.000000 0.000000 1.000000 -0.000000 0.978894 0.000905 -0.204369 0.985468 0.026287 -0.167815 0.828584 0.559864 0.000001 0.866334 0.499465 0.000013 0.987085 0.117180 0.109231 0.966017 0.258477 0.000001 -0.120360 -0.020970 0.992509 -0.141024 -0.040482 0.989178 -0.068272 -0.080611 -0.994405 -0.000000 -0.089367 -0.995999 0.000010 -0.291639 -0.956528 -0.056211 -0.280200 -0.958294 -0.056211 0.280202 -0.958294 0.000010 0.291640 -0.956528 0.000000 0.089367 -0.995999 -0.068272 0.080611 -0.994405 0.000000 1.000000 0.000000 0.000000 1.000000 0.000000 
						0.000000 1.000000 0.000000 0.000000 1.000000 0.000000 0.000000 1.000000 0.000000 -0.074225 0.990359 0.116964 -0.050408 0.988999 0.139066 0.000000 1.000000 0.000000 0.000000 1.000000 -0.000000 0.000002 0.991388 0.130959 0.098928 0.990178 0.098800 0.131259 0.991348 -0.000007 -0.000000 -0.089367 -0.995999 -0.068272 -0.080611 -0.994405 -0.075598 -0.000000 -0.997138 0.000000 0.000000 -1.000000 -0.075598 0.000000 -0.997138 0.000000 0.000000 -1.000000 -0.130661 0.991427 -0.000001 -0.134248 0.987792 0.079017 0.000000 -1.000000 0.000000 -0.050408 -0.989000 0.139063 -0.074224 -0.990358 0.116966 0.000000 -1.000000 0.000000 -0.075598 0.000000 -0.997138 0.000000 0.000000 -1.000000 0.045983 -0.989752 -0.135187 0.000000 -1.000000 0.000000 0.001151 -0.999922 -0.012431 0.049745 -0.987390 -0.150287 0.000000 -1.000000 0.000000 0.000000 -1.000000 0.000000 -0.130686 -0.991424 -0.000001 -0.033182 -0.998898 0.033193 -0.248409 0.968570 -0.012839 -0.281724 0.942660 0.178954 -0.074615 0.988237 0.133495 -0.076573 0.996921 -0.016880 0.000000 1.000000 -0.000000 0.000000 1.000000 -0.000000 0.130723 0.991419 -0.000002 0.033194 0.998897 0.033204 -0.969257 0.065511 -0.237169 -0.995099 0.080312 -0.057692 -0.959575 0.277470 -0.047175 -0.949104 0.239385 -0.204686 0.000000 1.000000 0.000000 0.000000 1.000000 0.000000 -0.216505 0.976199 -0.012683 -0.047147 0.998701 -0.019303 -0.082633 0.996386 -0.019650 -0.956374 -0.292146 -0.000056 -0.956038 -0.293242 0.000220 -0.995999 -0.089367 -0.000000 -0.995999 -0.089367 -0.000000 0.000000 0.000000 1.000000 0.000000 0.000000 1.000000 0.000000 0.000000 1.000000 0.000000 0.000000 1.000000 0.000000 1.000000 -0.000000 0.000001 0.991394 0.130909 0.000000 1.000000 0.000000 0.000000 1.000000 -0.000000 0.000000 -1.000000 0.000000 -0.000010 -0.992903 0.118924 0.000000 1.000000 0.000000 
						0.000000 1.000000 0.000000 0.000000 -1.000000 0.000000 0.000000 -1.000000 -0.000000 0.000000 -1.000000 0.000000 0.000000 -1.000000 0.000000 0.000000 -1.000000 -0.000000 0.000003 -0.991398 0.130885 0.033211 -0.998896 0.033224 0.000000 -1.000000 -0.000000 0.000000 -1.000000 -0.000000 -0.000003 -0.991411 0.130781 -0.934714 -0.307989 0.177350 -0.987113 -0.088113 0.133579 0.000000 1.000000 0.000000 0.000000 1.000000 0.000000 0.131494 -0.991317 -0.000005 0.099085 -0.990150 0.098916 0.000002 -0.991370 0.131094 0.000000 -1.000000 0.000001 0.000000 -1.000000 0.000000 0.000000 0.000000 1.000000 0.130523 -0.000000 0.991445 0.130523 -0.000000 0.991445 0.000000 0.000000 1.000000 0.000000 1.000000 0.000000 0.000000 1.000000 -0.000000 0.000000 1.000000 -0.000000 0.000000 1.000000 0.000000 -0.129344 -0.000000 0.991600 0.000000 0.000000 1.000000 0.000000 0.000000 1.000000 -0.129344 -0.000000 0.991600 0.000000 -1.000000 0.000000 0.000000 -0.089367 -0.995999 0.000009 -0.291808 -0.956477 -0.221456 0.241387 -0.944823 -0.056211 0.280202 -0.958294 -0.068272 0.080611 -0.994405 -0.257389 0.066287 -0.964031 0.000022 0.970565 -0.240839 -0.000000 0.991796 -0.127827 0.000000 0.991797 -0.127827 0.000018 0.970610 -0.240659 -0.000034 0.991068 -0.133361 0.000000 1.000000 0.000000 0.000000 1.000000 0.000000 0.133481 0.991051 -0.000037 0.101303 0.989822 -0.099949 0.014915 -0.100597 -0.994816 0.142394 -0.119677 -0.982548 0.164283 -0.338564 -0.926491 0.034524 -0.311115 -0.949745 0.034524 0.311115 -0.949745 0.164279 0.338566 -0.926491 0.142394 0.119677 -0.982548 0.014915 0.100597 -0.994815 -0.123032 -0.990805 -0.056283 -0.131067 -0.991119 -0.022442 -0.150764 -0.988570 -0.000000 -0.262769 -0.964859 -0.000001 -0.253372 -0.966250 -0.046521 0.000000 -1.000000 0.000000 0.000000 -1.000000 0.000000 1.000000 0.000000 0.000000 
						0.991445 0.000000 -0.130527 0.991445 0.000000 -0.130527 1.000000 0.000000 0.000000 0.991445 0.000000 -0.130527 1.000000 0.000000 0.000000 1.000000 0.000000 0.000000 0.991445 0.000000 -0.130527 -0.027192 0.971694 -0.234672 -0.025156 0.993357 -0.112288 -0.016531 0.997072 -0.074655 0.031265 0.971349 -0.235594 0.064823 0.979447 -0.191001 0.006317 0.999165 -0.040366 0.001010 0.999927 -0.012036 0.049509 0.987495 -0.149676 0.065346 -0.979155 -0.192316 0.006611 -0.999129 -0.041188 -0.016414 -0.997050 -0.074982 0.031514 -0.971188 -0.236223 0.000000 -1.000000 0.000000 0.000000 -1.000000 0.000000 0.000000 1.000000 0.000000 0.000000 1.000000 -0.000000 -0.075598 0.000000 -0.997138 -0.265797 0.000001 -0.964029 0.000000 -1.000000 0.000000 -0.074615 -0.988237 0.133495 -0.281722 -0.942660 0.178954 -0.248409 -0.968570 -0.012839 0.000000 1.000000 -0.000000 -0.000010 0.992903 0.118926 0.100385 0.991046 0.088037 0.130683 0.991424 -0.000001 0.000000 -1.000000 -0.000000 -0.134248 -0.987792 0.079019 -0.130661 -0.991427 -0.000001 -0.257390 -0.066287 -0.964031 -0.221457 -0.241381 -0.944824 -0.218698 0.954578 -0.202365 -0.253371 0.966250 -0.046521 -0.123032 0.990805 -0.056283 -0.066399 0.992321 -0.104353 -0.054746 0.970656 -0.234159 -0.143267 -0.989655 0.007577 -0.127539 -0.990151 0.057749 -0.247064 -0.968563 0.029078 -0.010264 0.999941 -0.003445 0.000000 1.000000 -0.000000 0.000000 1.000000 0.000000 0.133481 -0.991051 -0.000037 0.132766 -0.991147 -0.000024 0.000000 -1.000000 -0.000000 0.000000 -1.000000 -0.000000 0.000000 -1.000000 0.000000 0.000009 0.291808 -0.956477 0.000000 0.089367 -0.995999 -0.130530 0.000000 -0.991444 0.000000 0.000000 -1.000000 0.000000 0.000000 -1.000000 -0.130530 0.000000 -0.991444 -0.033182 0.998898 0.033193 -0.130686 0.991424 -0.000001 0.000000 -0.089367 -0.995999 0.000000 0.000000 -1.000000 
						0.000000 0.000000 -1.000000 0.000000 0.000000 -1.000000 -0.075598 0.000000 -0.997138 -0.265803 0.000000 -0.964027 -0.075598 -0.000000 -0.997138 -0.265797 -0.000001 -0.964029 -0.987113 0.088113 0.133579 -0.995999 0.089367 -0.000000 -1.000000 0.000000 0.000000 -0.991363 0.000001 0.131150 -0.995999 0.089367 -0.000000 -0.995099 0.080312 -0.057692 -0.997947 -0.000000 -0.064045 -1.000000 0.000000 0.000000 -0.997947 0.000000 -0.064045 -1.000000 0.000000 0.000000 -0.997947 0.000000 -0.064045 -1.000000 0.000000 0.000000 -0.995099 -0.080312 -0.057693 -0.995999 -0.089367 0.000000 -1.000000 0.000000 0.000000 -0.991366 -0.000000 0.131126 -1.000000 0.000000 0.000000 -0.991363 -0.000001 0.131150 0.000000 0.000000 -1.000000 0.113632 0.000029 -0.993523 -0.997947 0.000000 -0.064045 -0.969928 -0.000001 -0.243393 -0.969257 -0.065512 -0.237171 -0.995099 -0.080312 -0.057693 -0.997947 0.000000 -0.064045 -0.969927 0.000000 -0.243395 -0.997947 -0.000000 -0.064045 -0.969928 0.000001 -0.243393 0.000000 0.000000 -1.000000 0.114300 0.000000 -0.993446 0.000000 0.000000 -1.000000 0.113632 -0.000029 -0.993523 -0.054746 -0.970655 -0.234160 -0.066399 -0.992321 -0.104352 -0.218700 -0.954578 -0.202365 0.000000 0.000000 -1.000000 -0.130530 0.000000 -0.991444 -0.130530 0.000000 -0.991444 0.000000 0.000000 -1.000000 -0.995999 0.089367 -0.000000 -0.956038 0.293242 0.000220 -0.956374 0.292146 -0.000056 0.000000 0.000000 1.000000 -0.129344 -0.000000 0.991600 -0.129344 -0.000000 0.991600 0.000000 0.000000 1.000000 -0.000003 0.991411 0.130781 -0.949104 -0.239381 -0.204688 -0.959575 -0.277472 -0.047175 -0.969257 -0.065512 -0.237171 0.991686 0.128677 0.000097 0.991603 0.129316 -0.000064 0.000018 -0.970610 -0.240659 0.000000 -0.991796 -0.127827 -0.000000 -0.991796 -0.127827 0.000022 -0.970565 -0.240839 0.000002 0.991408 0.130803 0.000001 0.991403 0.130843 
						0.014915 -0.100597 -0.994816 0.034524 -0.311115 -0.949745 -0.995999 0.089367 0.000000 -0.956397 0.292070 0.000133 -1.000000 0.000000 0.000000 -1.000000 0.000000 0.000000 -1.000000 0.000000 0.000000 0.000000 1.000000 0.000000 0.000000 1.000000 -0.000000 0.000000 1.000000 0.000001 0.000000 1.000000 0.000001 -0.991262 -0.000000 0.131910 -0.986657 -0.000000 0.162814 -0.986657 -0.000000 0.162814 -0.991262 -0.000000 0.131910 -0.956397 -0.292070 0.000133 -0.995999 -0.089367 0.000000 0.000000 -1.000000 -0.000000 0.000001 -0.991384 0.130986 0.000002 -0.991390 0.130940 0.000000 -1.000000 0.000000 -0.112353 -0.987816 0.107688 -0.117735 -0.985799 0.119743 -0.108686 -0.991834 0.066731 -0.218212 -0.975456 0.029489 0.000000 -1.000000 0.000000 0.000000 -1.000000 -0.000000 -0.000003 -0.991331 0.131391 0.000000 -1.000000 0.000000 0.132480 -0.991186 0.000033 0.991686 -0.128677 0.000097 0.991603 -0.129316 -0.000064 -0.082633 -0.996386 -0.019649 -0.216505 -0.976199 -0.012683 -0.841882 0.527409 0.114342 -0.866107 0.499859 -0.000002 -0.707259 0.706955 -0.000002 -0.676514 0.728370 0.108654 0.991875 0.127214 0.000109 0.991729 0.128346 -0.000071 0.000000 -1.000000 0.000000 0.133953 -0.990988 0.000037 0.000000 -1.000000 0.000000 0.000000 -1.000000 0.000000 0.000000 -1.000000 0.000000 0.000000 -1.000000 0.000000 0.000000 -1.000000 0.000000 0.000000 -1.000000 0.000000 0.000000 -1.000000 0.000000 -0.092717 -0.995672 0.006434 -0.075859 -0.997110 -0.004111 -0.000016 -0.990956 -0.134186 0.000000 -1.000000 -0.000000 0.000000 -1.000000 0.000000 0.018262 -0.992498 -0.120887 -0.957229 -0.289331 -0.000001 -0.934714 0.307988 0.177351 0.290967 0.000000 -0.956733 0.147083 0.000000 -0.989124 0.147083 0.000000 -0.989124 0.290967 0.000000 -0.956733 0.000000 0.000000 -1.000000 0.000000 0.000000 -1.000000 0.000000 0.000000 1.000000 
						0.000000 0.000000 1.000000 0.000000 0.000000 1.000000 0.000000 0.000000 1.000000 -1.000000 0.000000 0.000000 -0.994894 -0.000000 0.100926 -0.994894 -0.000000 0.100926 -1.000000 0.000000 0.000000 0.000000 0.000000 1.000000 0.000000 0.000000 1.000000 0.000000 0.000000 1.000000 0.000000 0.000000 1.000000 1.000000 0.000000 0.000000 1.000000 0.000000 0.000000 0.000000 0.000000 1.000000 0.000000 0.000000 1.000000 0.000000 0.000000 1.000000 0.000000 0.000000 1.000000 1.000000 0.000000 0.000000 1.000000 0.000000 0.000000 -0.025156 -0.993357 -0.112288 -0.027193 -0.971694 -0.234672 -0.957229 0.289331 -0.000001 -0.959575 0.277470 -0.047175 0.147084 0.000000 -0.989124 0.000000 0.000000 -1.000000 0.000000 0.000000 -1.000000 0.147084 0.000000 -0.989124 0.000000 0.000000 -1.000000 0.000000 0.000000 -1.000000 0.000000 0.000000 -1.000000 0.000000 0.000000 -1.000000 0.000000 0.000000 1.000000 0.000000 0.000000 1.000000 0.000000 0.000000 1.000000 0.000000 0.000000 1.000000 -1.000000 0.000000 0.000000 -0.995999 -0.089368 -0.000000 -1.000000 0.000000 0.000000 -1.000000 0.000000 0.000000 -0.995999 0.089368 -0.000000 0.991780 -0.127951 0.000129 0.991666 -0.128832 -0.000085 -0.000016 0.990956 -0.134186 0.000000 1.000000 -0.000000 0.000000 1.000000 0.000000 0.290968 0.000000 -0.956733 0.290968 0.000000 -0.956733 0.290968 0.000000 -0.956733 0.290968 0.000000 -0.956733 0.045983 0.989752 -0.135187 0.000000 1.000000 0.000000 0.000000 1.000000 -0.000000 0.018262 0.992498 -0.120887 0.000000 1.000000 0.000001 0.131492 0.991317 -0.000005 -0.098475 0.990256 0.098467 0.034187 0.998813 -0.034699 0.000000 1.000000 0.000000 0.320665 -0.117308 -0.939900 0.160570 -0.120431 -0.979650 0.164228 -0.126289 -0.978305 0.320082 -0.119090 -0.939875 -0.999032 0.000000 -0.043999 -1.000000 0.000000 0.000000 
						-1.000000 0.000000 0.000000 -0.999032 0.000000 -0.043999 0.000000 0.000000 1.000000 -0.195396 -0.000000 0.980724 -0.195443 -0.000000 0.980715 0.000000 0.000000 1.000000 -1.000000 0.000000 0.000000 -1.000000 0.000000 0.000000 -1.000000 0.000000 0.000000 -1.000000 0.000000 0.000000 0.000000 0.000000 -1.000000 0.000000 0.000000 -1.000000 -0.000330 -0.027488 -0.999622 -0.000353 -0.022252 -0.999752 0.000000 0.000000 -1.000000 0.000000 0.000000 -1.000000 0.000000 0.000000 -1.000000 0.000000 0.000000 -1.000000 -0.000003 0.991389 0.130951 -0.000003 0.984658 0.174494 0.320665 0.117307 -0.939900 0.332339 0.019743 -0.942953 0.342118 0.037866 -0.938894 0.320082 0.119090 -0.939875 0.000000 -1.000000 0.000000 -1.000000 0.000000 0.000000 -1.000000 0.000000 0.000000 -1.000000 0.000000 0.000000 -1.000000 0.000000 0.000000 -0.994894 -0.000000 0.100926 -1.000000 0.000000 0.000000 -1.000000 0.000000 0.000000 -0.994894 -0.000000 0.100926 0.000000 0.000000 -1.000000 0.147083 0.000000 -0.989124 0.147083 0.000000 -0.989124 0.000000 0.000000 -1.000000 0.000000 0.000000 -1.000000 0.000000 -0.022743 -0.999741 -1.000000 0.000000 0.000000 -1.000000 0.000000 0.000000 -1.000000 0.000000 0.000000 -1.000000 0.000000 0.000000 -0.980171 0.005567 0.198073 -0.976622 0.152288 0.151718 -1.000000 0.000000 0.000000 -1.000000 0.000000 0.000000 -1.000000 0.000000 0.000000 -0.583018 -0.000000 0.812459 -0.580882 -0.000000 0.813987 -0.580882 -0.000000 0.813987 -0.583018 -0.000000 0.812459 -1.000000 0.000000 0.000000 -1.000000 0.000000 0.000000 -1.000000 0.000000 0.000000 -1.000000 0.000000 0.000000 0.991780 0.127951 0.000129 0.991666 0.128833 -0.000085 -1.000000 0.000000 0.000000 -1.000000 0.000000 0.000000 0.000000 -1.000000 0.000000 0.133113 -0.991101 0.000044 0.101303 -0.989822 -0.099949 0.000000 -1.000000 -0.000000 
						-0.000034 -0.991068 -0.133361 0.290967 0.000000 -0.956733 0.290968 0.000000 -0.956733 0.290968 0.000000 -0.956733 0.290967 0.000000 -0.956733 0.132218 -0.991221 -0.000029 0.000000 -1.000000 0.000000 -0.956962 -0.290212 0.000132 -0.580882 -0.000000 0.813987 -0.583018 -0.000000 0.812459 -0.583018 -0.000000 0.812459 -0.580882 -0.000000 0.813987 -0.262769 0.964859 -0.000001 -0.150764 0.988570 -0.000000 -0.131067 0.991119 -0.022443 0.000000 0.000000 1.000000 0.000000 0.000000 1.000000 0.991445 -0.000000 0.130525 1.000000 0.000000 0.000000 1.000000 0.000000 0.000000 0.991445 -0.000000 0.130525 0.131803 -0.991276 -0.000022 0.000000 -1.000000 0.000001 0.000000 -1.000000 0.000000 -0.986657 -0.000000 0.162814 -0.991262 -0.000000 0.131910 -0.991262 -0.000000 0.131910 -0.986657 -0.000000 0.162814 0.000000 0.000000 1.000000 0.000000 0.000000 1.000000 -0.991445 0.000000 -0.130525 -0.991445 0.000000 -0.130525 0.000000 1.000000 0.000000 0.000000 1.000000 0.000000 0.132218 0.991221 -0.000029 0.132766 0.991147 -0.000024 -0.956962 0.290212 0.000132 1.000000 0.000000 0.000000 1.000000 0.000000 0.000000 0.000000 1.000000 0.000000 0.000000 1.000000 0.000001 0.131803 0.991276 -0.000022 -1.000000 0.000000 0.000000 -1.000000 0.000000 0.000000 -1.000000 0.000000 0.000000 -1.000000 0.000000 0.000000 -1.000000 0.000000 0.000000 -0.980844 0.000000 0.194797 0.000000 0.000000 -1.000000 0.000000 0.000000 -1.000000 0.000000 0.000000 -1.000000 0.000000 0.000000 -1.000000 -0.996128 0.000000 -0.087912 -0.996128 0.000000 -0.087912 0.991445 -0.000000 0.130525 0.991445 -0.000000 0.130525 -0.247064 0.968563 0.029078 -0.127539 0.990151 0.057749 -0.143267 0.989655 0.007575 0.000000 0.000000 1.000000 -0.195376 -0.000000 0.980728 -0.026527 0.993456 -0.111094 0.000000 1.000000 0.000000 -1.000000 0.000000 0.000000 
						-1.000000 0.000000 0.000000 0.000000 0.000000 1.000000 0.000000 0.000000 1.000000 0.000000 0.000000 1.000000 0.000000 0.000000 1.000000 0.000000 0.000000 1.000000 0.000000 0.000000 1.000000 -0.026527 -0.993456 -0.111094 -0.218212 0.975456 0.029489 -0.075859 0.997110 -0.004112 -0.092717 0.995672 0.006433 -0.108687 0.991834 0.066730 -0.117735 0.985799 0.119742 -0.112353 0.987816 0.107688 0.000000 0.000000 -1.000000 0.130523 0.000000 -0.991445 0.130523 0.000000 -0.991445 0.000000 0.000000 -1.000000 0.290968 0.000000 -0.956733 0.290968 0.000000 -0.956733 0.147083 0.000000 -0.989124 0.147083 0.000000 -0.989124 0.000000 -1.000000 -0.000000 0.000000 -1.000000 0.000000 0.000000 -1.000000 0.000000 0.000000 -1.000000 -0.000000 0.000000 1.000000 -0.000000 0.000000 1.000000 -0.000000 0.000000 1.000000 0.000000 0.000000 1.000000 0.000000 0.000000 1.000000 0.000001 0.000000 1.000000 -0.000000 0.000000 1.000000 -0.000000 0.000000 1.000000 -0.000000 0.000000 1.000000 -0.000000 0.000000 1.000000 -0.000000 0.000000 1.000000 0.000000 0.000000 1.000000 0.000000 0.000000 -1.000000 0.000000 0.000000 -1.000000 0.000000 0.000000 -1.000000 -0.000000 0.000000 -1.000000 -0.000000 0.000000 -1.000000 0.000000 0.000000 -1.000000 -0.000000 0.000000 -1.000000 -0.000000 0.000000 -1.000000 -0.000000 0.000000 1.000000 -0.000000 0.000000 1.000000 -0.000000 0.000000 1.000000 -0.000000 0.000000 1.000000 0.000000 0.000000 -1.000000 -0.000000 0.000000 -1.000000 0.000001 0.000000 -1.000000 0.000003 0.000000 -1.000000 -0.000000 0.000000 -1.000000 0.000000 0.000000 1.000000 0.000000 0.000000 1.000000 0.000000 0.000000 -1.000000 -0.000000 0.000000 -1.000000 -0.000000 0.000000 -1.000000 -0.000000 0.000000 -1.000000 -0.000000 0.000000 1.000000 0.000000 0.000000 1.000000 0.000000 0.000000 1.000000 -0.000000 
						0.000000 1.000000 -0.000000 0.000000 1.000000 0.000000 0.000000 1.000000 0.000000 0.000000 1.000000 0.000000 0.000000 1.000000 0.000000 0.000000 -1.000000 0.000000 0.000000 -1.000000 -0.000000 0.000000 -1.000000 -0.000000 0.000000 -1.000000 -0.000000 0.000000 1.000000 0.000000 0.000000 1.000000 0.000000 0.000000 1.000000 0.000000 0.000000 1.000000 0.000000 0.000000 -1.000000 0.000000 0.000000 -1.000000 0.000000 0.000000 -1.000000 0.000000 0.000000 -1.000000 0.000000 0.000000 -1.000000 -0.000000 0.000000 -1.000000 -0.000000 0.000000 -1.000000 -0.000000 0.000000 -1.000000 -0.000000 0.000000 -1.000000 -0.000000 0.000000 -1.000000 0.000001 0.000000 1.000000 0.000000 0.000000 1.000000 0.000000 0.000000 1.000000 0.000000 0.000000 1.000000 0.000000 0.000000 -1.000000 -0.000000 0.000000 -1.000000 -0.000000 0.000000 -1.000000 -0.000000 0.000000 -1.000000 -0.000000 0.000000 -1.000000 0.000000 0.000000 -1.000000 0.000000 0.000000 -1.000000 0.000000 0.000000 -1.000000 0.000000 0.000000 1.000000 0.000000 0.000000 1.000000 0.000000 0.000000 1.000000 0.000000 0.000000 1.000000 0.000000 0.000000 1.000000 0.000000 0.000000 1.000000 0.000000 0.000000 1.000000 0.000000 0.000000 1.000000 0.000000 0.000000 1.000000 0.000000 0.000000 1.000000 0.000000 0.000000 1.000000 -0.000000 0.000000 1.000000 -0.000000 0.000000 1.000000 -0.000000 0.000000 1.000000 -0.000000 0.000000 1.000000 -0.000000 0.000000 1.000000 -0.000000 0.000000 1.000000 0.000000 0.000000 1.000000 0.000000 0.000000 1.000000 0.000000 0.000000 1.000000 -0.000000 0.000000 1.000000 0.000000 0.000000 1.000000 0.000000 0.000000 -1.000000 -0.000000 0.000000 -1.000000 -0.000000 0.000000 1.000000 0.000000 0.000000 1.000000 0.000000 0.000000 -1.000000 -0.000000 0.000000 -1.000000 0.000000 0.000000 -1.000000 0.000000 
						0.000000 -1.000000 -0.000000 0.000000 1.000000 0.000000 0.000000 1.000000 0.000000 0.000000 1.000000 0.000000 0.000000 1.000000 0.000000 0.000000 1.000000 0.000000 0.000000 1.000000 0.000000 0.000000 -1.000000 -0.000000 0.000000 -1.000000 -0.000000 0.000000 1.000000 0.000000 0.000000 -1.000000 -0.000000 0.000000 -1.000000 -0.000000 0.000000 1.000000 0.000000 0.000000 1.000000 -0.000000 0.000000 1.000000 -0.000000 0.000000 1.000000 -0.000000 0.000000 1.000000 -0.000000 0.000000 1.000000 0.000002 -0.947631 -0.293302 -0.126372 -0.837471 -0.263702 -0.478648 -0.760025 -0.514544 -0.396996 -0.819826 -0.564788 -0.094335 -0.488701 -0.194011 -0.850606 -0.466944 -0.481966 -0.741399 -0.139287 -0.147227 -0.979246 -0.181105 -0.501728 -0.845855 -0.181105 -0.501728 -0.845855 -0.239990 -0.845942 -0.476222 -0.492694 -0.775616 -0.394553 -0.466944 -0.481966 -0.741399 -0.541962 -0.835171 -0.093627 -0.819826 -0.564788 -0.094335 -0.760025 -0.514544 -0.396996 -0.492694 -0.775616 -0.394553 -0.920963 0.228640 0.315519 -0.837305 0.470717 0.278111 -0.838513 0.536446 0.095512 -0.792898 0.227681 0.565221 -0.714279 0.467002 0.521263 -0.569050 0.530356 0.628414 -0.569050 0.530356 0.628414 -0.407024 0.830860 0.379477 -0.599595 0.738881 0.307474 -0.714279 0.467002 0.521263 -0.279061 0.951176 0.131867 -0.545430 0.831756 0.103381 -0.838513 0.536446 0.095512 -0.837305 0.470717 0.278111 -0.599595 0.738881 0.307474 -0.267078 0.955165 -0.127789 -0.239987 0.845943 -0.476221 -0.492698 0.775614 -0.394552 -0.541963 0.835171 -0.093627 -0.181105 0.501729 -0.845854 -0.466945 0.481970 -0.741396 -0.139286 0.147227 -0.979246 -0.488701 0.194017 -0.850605 -0.466945 0.481970 -0.741396 -0.181105 0.501729 -0.845854 -0.837469 0.263711 -0.478646 -0.760025 0.514548 -0.396992 -0.947630 0.293305 -0.126373 -0.819825 0.564789 -0.094336 -0.819825 0.564789 -0.094336 
						-0.760025 0.514548 -0.396992 -0.492698 0.775614 -0.394552 -0.838516 -0.536440 0.095508 -0.837311 -0.470707 0.278110 -0.920964 -0.228638 0.315516 -0.545436 -0.831752 0.103385 -0.599596 -0.738876 0.307485 -0.407022 -0.830859 0.379482 -0.599596 -0.738876 0.307485 -0.545436 -0.831752 0.103385 -0.407022 -0.830859 0.379482 -0.569049 -0.530356 0.628415 -0.714280 -0.466996 0.521267 -0.792898 -0.227677 0.565221 -0.000000 0.000000 -1.000000 0.000000 0.000000 -1.000000 0.000000 0.000000 -1.000000 -0.000001 0.000000 -1.000000 -0.000000 0.000000 -1.000000 -0.000001 0.000000 -1.000000 -0.000001 0.000000 -1.000000 0.000000 0.000000 -1.000000 0.000000 0.000000 -1.000000 0.000000 0.000000 -1.000000 0.000000 0.000000 -1.000000 0.000000 0.000000 -1.000000 0.000000 0.000000 -1.000000 1.000000 0.000000 0.000000 1.000000 0.000000 0.000000 1.000000 0.000000 0.000000 1.000000 0.000000 0.000000 1.000000 0.000000 0.000000 1.000000 0.000000 0.000000 1.000000 0.000000 0.000000 1.000000 0.000000 0.000000 1.000000 0.000000 0.000000 1.000000 0.000000 0.000000 1.000000 0.000000 0.000000 1.000000 0.000000 0.000000 0.000000 0.000000 -1.000000 0.000000 0.000000 -1.000000 0.000000 0.000000 -1.000000 0.000000 0.000000 -1.000000 0.000000 0.000000 -1.000000 0.000000 0.000000 -1.000000 1.000000 -0.000001 -0.000000 1.000000 -0.000001 0.000000 1.000000 -0.000010 -0.000000 1.000000 -0.000005 -0.000000 1.000000 0.000000 0.000000 1.000000 0.000000 0.000000 1.000000 0.000012 0.000000 1.000000 0.000024 0.000000 1.000000 0.000002 0.000000 1.000000 0.000001 0.000000 1.000000 -0.000010 0.000000 1.000000 -0.000005 -0.000000 0.000000 0.000000 -1.000000 0.000000 0.000000 -1.000000 0.000000 0.000000 -1.000000 0.000000 0.000000 -1.000000 0.000000 0.000000 -1.000000 0.000000 0.000000 -1.000000 0.550083 0.000001 -0.835110 
						0.550083 0.000000 -0.835110 0.550083 -0.000001 -0.835110 0.550083 0.000000 -0.835110 0.550083 -0.000003 -0.835110 0.550082 0.000000 -0.835111 0.550083 -0.000001 -0.835110 0.550083 -0.000003 -0.835110 0.550083 0.000002 -0.835110 0.550082 0.000004 -0.835111 0.550084 0.000004 -0.835109 0.550083 0.000007 -0.835110 0.000000 -0.000008 -1.000000 0.000000 -0.000008 -1.000000 0.000000 0.000009 -1.000000 0.000000 0.000008 -1.000000 0.000000 0.000017 -1.000000 0.000000 0.000016 -1.000000 0.000000 0.000008 -1.000000 0.000000 0.000008 -1.000000 0.000000 -0.000008 -1.000000 0.000000 -0.000008 -1.000000 0.000000 -0.000016 -1.000000 0.000000 -0.000016 -1.000000 0.550083 0.000000 -0.835110 0.550083 0.000000 -0.835110 0.550081 0.000000 -0.835111 0.550083 0.000000 -0.835110 0.550080 0.000000 -0.835112 0.550083 0.000000 -0.835110 0.000000 0.000008 -1.000000 0.000000 0.000008 -1.000000 0.000000 -0.000008 -1.000000 0.000000 -0.000008 -1.000000 0.000000 -0.000016 -1.000000 0.000000 -0.000016 -1.000000 0.000000 -0.000008 -1.000000 0.000000 -0.000008 -1.000000 0.000000 -0.000008 -1.000000 0.000000 0.000008 -1.000000 0.000000 0.000008 -1.000000 0.000000 0.000016 -1.000000 0.000000 0.000016 -1.000000 0.550083 0.000003 -0.835110 0.550083 -0.000003 -0.835110 0.550083 -0.000006 -0.835110 -0.000000 -0.000007 -1.000000 -0.000000 -0.000007 -1.000000 -0.000000 -0.000007 -1.000000 0.000000 0.000011 -1.000000 0.000000 0.000010 -1.000000 0.000000 0.000022 -1.000000 0.000000 0.000020 -1.000000 -0.000000 0.000008 -1.000000 0.000001 0.000009 -1.000000 0.000000 0.000008 -1.000000 -0.000005 -0.000006 -1.000000 0.000000 -0.000008 -1.000000 -0.000005 -0.000015 -1.000000 0.000000 -0.000016 -1.000000 0.000005 -0.000006 -1.000000 0.000005 -0.000003 -1.000000 -0.000008 0.000004 -1.000000 -0.000012 0.000002 -1.000000 -0.000013 0.000010 -1.000000 
						-0.000016 0.000005 -1.000000 0.000002 0.000000 -1.000000 -0.000016 0.000000 -1.000000 -0.000016 0.000000 -1.000000 0.000005 0.000003 -1.000000 -0.000012 -0.000002 -1.000000 -0.000016 -0.000005 -1.000000 0.000005 0.000006 -1.000000 -0.000008 -0.000004 -1.000000 -0.000013 -0.000010 -1.000000 -0.000001 0.000000 -1.000000 0.000000 0.000000 -1.000000 0.000000 0.000000 -1.000000 -0.000001 0.000000 -1.000000 0.000000 0.000000 -1.000000 0.000000 0.000000 -1.000000 0.000000 0.000000 -1.000000 0.000000 0.000000 -1.000000 0.000000 0.000000 -1.000000 0.000000 0.000000 -1.000000 0.000000 0.000000 -1.000000 0.000000 0.000000 -1.000000 -0.000005 0.000015 -1.000000 -0.000005 0.000006 -1.000000 0.000001 -0.000009 -1.000000 -0.000001 0.000000 -1.000000 -0.000000 0.000000 -1.000000 0.000000 0.000000 -1.000000 -0.986432 -0.093663 -0.134831 -0.861625 -0.082424 -0.500807 -0.508210 -0.050784 -0.859735 -0.140354 -0.014969 -0.989988 -0.269230 0.962759 0.024721 -0.547111 0.836820 0.020058 -0.821483 0.570043 0.014704 -0.821483 0.570043 0.014704 -0.272055 0.962282 -0.000002 -0.274962 0.961455 -0.000483 -0.550647 0.834737 -0.001482 -0.548120 0.836400 -0.000002 -0.819106 0.573641 -0.001482 -0.820853 0.571140 -0.000001 -0.820853 0.571140 -0.000001 -0.819106 0.573641 -0.001482 -0.550647 -0.834737 -0.001482 -0.541962 -0.835171 -0.093627 -0.550647 -0.834737 -0.001482 -0.819105 -0.573641 -0.001482 -0.819826 -0.564788 -0.094335 -0.070620 0.866211 -0.494663 -0.141077 0.852823 -0.502782 -0.043328 0.512730 -0.857456 -0.084432 0.507144 -0.857715 -0.084432 0.507144 -0.857715 -0.043328 0.512730 -0.857456 -0.012549 0.140788 -0.989960 -0.023550 0.141154 -0.989707 -0.547114 -0.836818 0.020058 -0.548120 -0.836400 -0.000002 -0.548120 -0.836400 -0.000002 -0.547114 -0.836818 0.020058 -0.821485 -0.570040 0.014704 -0.820853 -0.571140 -0.000001 0.488148 -0.872745 0.005327 
						0.168088 -0.983025 -0.073537 0.695608 -0.718406 0.004628 0.699596 -0.714533 0.002937 0.695608 -0.718406 0.004628 0.965310 -0.261107 0.000419 0.965586 -0.260085 0.000189 0.965586 0.260085 0.000189 0.965310 0.261107 0.000419 0.695608 0.718406 0.004628 0.699596 0.714533 0.002937 0.488148 0.872745 0.005327 0.695608 0.718406 0.004628 0.168088 0.983025 -0.073538 -0.819825 0.564789 -0.094336 -0.141077 -0.852823 -0.502782 -0.084432 -0.507143 -0.857716 -0.084432 -0.507143 -0.857716 -0.023550 -0.141154 -0.989707 0.332631 0.882520 -0.332437 0.000037 0.708268 -0.705944 -0.043328 0.512730 -0.857456 0.000030 0.259611 -0.965713 0.332631 -0.882520 -0.332437 0.499316 -0.866420 0.000014 0.706261 -0.707951 0.000038 0.706362 -0.707850 0.000020 0.965788 -0.259334 0.000016 0.965767 -0.259412 0.000031 0.965767 0.259412 0.000031 0.965788 0.259334 0.000016 0.706362 0.707850 0.000020 0.706261 0.707951 0.000038 0.499315 0.866421 0.000014 -0.583817 0.276216 0.763454 -0.489601 0.567796 0.661739 -0.510150 0.558859 0.653776 -0.510150 0.558859 0.653776 -0.489601 0.567796 0.661739 -0.333598 0.839295 0.429297 -0.359467 0.835096 0.416412 -0.489600 -0.567797 0.661739 -0.473995 -0.569508 0.671557 -0.333597 -0.839296 0.429297 -0.310945 -0.842128 0.440606 -0.310945 -0.842128 0.440606 -0.333597 -0.839296 0.429297 -0.070620 -0.866211 -0.494663 -0.043328 -0.512730 -0.857456 0.000037 -0.708268 -0.705944 0.000030 -0.259611 -0.965713 -0.043328 -0.512730 -0.857456 -0.012549 -0.140788 -0.989960 0.000014 -0.119399 -0.992846 0.017667 0.192836 0.981072 0.095576 0.218709 0.971098 0.183580 0.561648 0.806753 0.007349 0.514436 0.857498 0.219122 0.849788 0.479423 0.001964 0.848242 0.529606 0.001964 0.848242 0.529606 0.219122 0.849788 0.479423 -0.510149 -0.558861 0.653776 -0.359467 -0.835094 0.416414 -0.359467 -0.835094 0.416414 
						-0.003410 0.586516 0.809931 -0.074426 0.576377 0.813788 -0.074426 0.576377 0.813788 -0.003410 0.586516 0.809931 -0.006468 0.861552 0.507627 -0.048767 0.853922 0.518111 -0.001175 0.999978 0.006459 -0.025412 0.993250 0.113174 -0.020693 0.973108 0.229419 -0.475257 -0.277767 0.834851 -0.470179 -0.565053 0.677973 -0.408649 -0.559322 0.721225 -0.297998 -0.844325 0.445323 -0.258705 -0.840981 0.475207 0.003294 0.586241 0.810130 -0.000161 0.598554 0.801083 -0.000161 0.598554 0.801083 0.003294 0.586241 0.810130 0.000749 0.863731 0.503952 -0.000233 0.866960 0.498377 0.003294 -0.586241 0.810130 0.006972 -0.553171 0.833039 0.006972 -0.553171 0.833039 0.003294 -0.586241 0.810130 0.000749 -0.863731 0.503953 0.001809 -0.856707 0.515800 -0.474250 -0.568812 0.671967 -0.310428 -0.842679 0.439915 -0.310428 -0.842679 0.439915 -0.473996 0.569509 0.671556 -0.473996 0.569509 0.671556 -0.310945 0.842127 0.440607 -0.001820 -0.595993 0.802987 -0.000161 -0.598554 0.801082 -0.000161 -0.598554 0.801082 -0.001820 -0.595993 0.802987 -0.003369 -0.865927 0.500159 -0.000233 -0.866960 0.498377 -0.001820 0.595993 0.802988 -0.001820 0.595993 0.802988 -0.003369 0.865926 0.500160 -0.474251 0.568811 0.671967 -0.474251 0.568811 0.671967 -0.310428 0.842681 0.439912 -0.258705 -0.840981 0.475207 -0.297998 -0.844325 0.445323 -0.105696 -0.970736 0.215638 -0.003410 -0.586516 0.809930 -0.074426 -0.576377 0.813787 0.091757 0.986080 -0.138663 0.101693 0.983674 -0.148475 0.381802 0.720797 -0.578514 0.380721 0.721821 -0.577950 0.380332 0.722442 -0.577430 0.382910 0.719374 -0.579553 0.532785 0.249100 -0.808758 0.532858 0.248018 -0.809042 0.091757 -0.986080 -0.138659 0.051514 -0.988803 -0.140055 0.171157 -0.758995 -0.628197 0.380721 -0.721820 -0.577952 0.380331 -0.722441 -0.577431 0.211868 -0.754510 -0.621149 0.532990 -0.246909 -0.809295 
						0.532859 -0.248018 -0.809042 -0.000330 -0.987630 -0.156803 -0.000183 -0.986863 -0.161559 -0.000216 -0.752680 -0.658387 -0.000207 -0.755839 -0.654758 -0.000207 -0.755838 -0.654758 -0.000216 -0.752679 -0.658387 -0.000059 -0.272686 -0.962103 -0.000043 -0.274227 -0.961665 -0.000022 -0.138448 -0.990370 -0.000030 -0.137654 -0.990480 -0.000330 0.987630 -0.156803 -0.000476 0.989071 -0.147436 -0.000198 0.760978 -0.648777 -0.000207 0.755839 -0.654758 -0.000207 0.755839 -0.654758 -0.000198 0.760833 -0.648947 -0.000027 0.276202 -0.961100 -0.000043 0.274227 -0.961665 0.101692 -0.983674 -0.148473 0.381802 -0.720797 -0.578514 0.385110 -0.716532 -0.581611 0.385110 -0.716532 -0.581611 0.382910 -0.719374 -0.579553 0.532785 -0.249100 -0.808758 0.532877 -0.248865 -0.808770 0.002091 0.986407 -0.164305 -0.000183 0.986863 -0.161559 -0.000216 0.752680 -0.658387 0.001619 0.750712 -0.660628 0.001623 0.750709 -0.660631 -0.000216 0.752680 -0.658387 -0.000059 0.272686 -0.962103 0.000612 0.271668 -0.962391 0.002091 -0.986407 -0.164309 0.004360 -0.985341 -0.170540 0.003450 -0.747558 -0.664187 0.001619 -0.750712 -0.660628 0.001623 -0.750709 -0.660630 0.003451 -0.747739 -0.663984 0.001283 -0.270608 -0.962689 0.000612 -0.271668 -0.962391 0.000310 -0.137333 -0.990525 0.000648 -0.136623 -0.990623 0.051514 0.988803 -0.140055 0.171157 0.758998 -0.628193 0.211868 0.754513 -0.621146 0.532988 0.246908 -0.809296 -0.000476 -0.989071 -0.147436 -0.000198 -0.760976 -0.648780 -0.000198 -0.760832 -0.648949 -0.000027 -0.276202 -0.961100 -0.000027 -0.277145 -0.960828 -0.000014 -0.140880 -0.990027 -0.000014 -0.139454 -0.990229 0.255142 0.948724 -0.186614 0.004354 0.984204 -0.176982 0.003436 0.744622 -0.667477 0.189508 0.707075 -0.681272 0.190485 0.706811 -0.681273 0.003437 0.744839 -0.667236 0.001279 0.269756 -0.962928 0.067593 0.252340 -0.965275 0.000645 0.136191 -0.990682 
						0.889475 -0.420605 -0.178678 0.935326 -0.305445 -0.178516 0.703656 -0.229590 -0.672426 0.534182 -0.493145 -0.686628 0.533612 -0.493762 -0.686627 0.703520 -0.230006 -0.672427 0.252998 -0.082564 -0.963937 0.189150 -0.174729 -0.966277 0.983902 0.000000 -0.178707 0.736977 0.000000 -0.675918 0.736977 0.000000 -0.675918 0.263428 0.000000 -0.964679 0.935326 0.305445 -0.178516 0.703656 0.229590 -0.672426 0.703520 0.230006 -0.672427 0.252998 0.082564 -0.963937 0.889475 0.420605 -0.178678 0.534182 0.493145 -0.686628 0.533612 0.493762 -0.686627 0.189150 0.174729 -0.966277 0.789966 -0.254627 0.557780 0.645265 -0.587352 0.488519 0.645265 -0.587352 0.488519 0.789966 -0.254627 0.557780 0.465515 -0.157004 0.871003 0.408333 -0.429349 0.805558 0.825448 -0.000000 0.564478 0.825448 -0.000000 0.564478 0.484768 0.000000 0.874643 0.789966 0.254628 0.557779 0.789966 0.254628 0.557779 0.465514 0.157004 0.871003 0.645265 0.587352 0.488518 0.645265 0.587352 0.488518 0.408333 0.429348 0.805559 -0.140353 0.014969 -0.989988 -0.128662 0.000010 -0.991688 -0.495079 0.000023 -0.868848 -0.508209 0.050784 -0.859735 -0.701723 0.000024 -0.712450 -0.861626 0.082424 -0.500807 -0.964930 0.000007 -0.262508 -0.991194 0.000003 -0.132420 -0.986432 0.093663 -0.134831 -0.128733 0.000000 -0.991679 -0.495266 0.000000 -0.868741 -0.701929 0.000000 -0.712247 -0.964969 0.000000 -0.262364 -0.991203 0.000000 -0.132346 -0.128662 -0.000010 -0.991688 -0.495079 -0.000023 -0.868848 -0.701723 -0.000024 -0.712450 -0.964930 -0.000007 -0.262508 -0.991194 -0.000003 -0.132420 -0.938298 -0.075362 0.337517 -0.941187 -0.000001 0.337885 -0.822785 -0.075681 0.563291 -0.826308 -0.000001 0.563218 -0.748444 -0.000001 0.663198 0.817041 0.000000 0.576579 0.817041 0.000000 0.576579 0.000000 -1.000000 -0.000001 0.000000 -1.000000 -0.000001 0.000001 1.000000 0.000000 
						0.000001 1.000000 0.000000 0.000000 1.000000 0.000000 0.000000 1.000000 0.000000 0.000000 1.000000 0.000000 0.000000 1.000000 0.000000 0.000001 -1.000000 0.000001 0.000001 -1.000000 0.000001 0.000000 -1.000000 0.000000 0.000000 -1.000000 0.000000 -0.941187 0.000001 0.337885 -0.938298 0.075362 0.337518 -0.826308 0.000001 0.563218 -0.822785 0.075681 0.563292 -0.748444 0.000001 0.663198 0.645265 -0.587352 0.488519 0.219122 -0.849787 0.479424 0.408333 -0.429349 0.805558 0.183579 -0.561649 0.806752 0.183579 -0.561649 0.806752 0.095573 -0.218709 0.971098 0.190485 0.706811 -0.681273 0.189508 0.707075 -0.681272 0.489232 0.852990 -0.181823 0.183580 0.561648 0.806753 0.408333 0.429348 0.805559 0.645265 0.587352 0.488518 0.067593 -0.252340 -0.965275 0.190485 -0.706811 -0.681274 0.189508 -0.707075 -0.681272 0.255140 -0.948725 -0.186614 0.489228 -0.852992 -0.181823 0.550083 0.000000 -0.835110 0.550081 0.000000 -0.835111 0.550080 0.000000 -0.835112 0.385110 0.716532 -0.581611 0.385110 0.716532 -0.581611 0.532877 0.248865 -0.808770 -0.139287 -0.147227 -0.979246 -0.845036 0.496589 0.198277 -0.666648 0.424930 0.612384 -0.819542 0.139658 0.555740 -0.845036 0.496589 0.198277 -0.496593 0.845031 0.198287 -0.424967 0.666599 0.612412 -0.666648 0.424930 0.612384 -0.140159 0.819382 0.555849 -0.140159 0.819382 0.555849 -0.084437 0.451822 0.888103 -0.234291 0.365057 0.901022 -0.424967 0.666599 0.612412 -0.056698 0.091238 0.994214 -0.091260 0.056691 0.994212 -0.365121 0.234256 0.901005 -0.451978 0.084044 0.888061 -0.451978 0.084044 0.888061 -0.365121 0.234256 0.901005 -0.666648 0.424930 0.612384 -0.978626 -0.130404 0.159015 -0.819544 -0.139655 0.555737 -0.666651 -0.424929 0.612383 -0.845040 -0.496582 0.198278 -0.451979 -0.084043 0.888061 -0.365124 -0.234260 0.901003 -0.091260 -0.056692 0.994212 
						-0.365124 -0.234260 0.901003 -0.451979 -0.084043 0.888061 -0.056697 -0.091239 0.994214 -0.234291 -0.365063 0.901020 -0.084437 -0.451822 0.888103 -0.140156 -0.819382 0.555851 -0.424966 -0.666599 0.612412 -0.496593 -0.845030 0.198293 -0.424966 -0.666599 0.612412 -0.140156 -0.819382 0.555851 -0.496593 -0.845030 0.198293 -0.424966 -0.666599 0.612412 -0.234291 -0.365063 0.901020 -0.482963 -0.138047 0.864691 -0.386032 -0.261462 0.884657 -0.115453 -0.079284 0.990144 -0.482963 -0.138047 0.864691 -0.807802 -0.239789 0.538476 -0.652238 -0.454994 0.606272 -0.386032 -0.261462 0.884657 -0.796799 -0.566679 0.209729 -0.543196 -0.812801 0.210459 -0.430079 -0.668238 0.607034 -0.213719 -0.814592 0.539225 -0.430079 -0.668238 0.607034 -0.543196 -0.812801 0.210459 -0.213719 -0.814592 0.539225 -0.121034 -0.487008 0.864970 -0.243088 -0.397683 0.884735 -0.430079 -0.668238 0.607034 -0.072393 -0.119580 0.990182 -0.243088 -0.397683 0.884735 -0.826179 0.533934 -0.179841 -0.752531 0.481176 -0.449629 -0.833422 0.216867 -0.508308 -0.826179 0.533934 -0.179841 -0.516076 0.837567 -0.179298 -0.461789 0.765556 -0.447967 -0.752531 0.481176 -0.449629 -0.195344 0.841889 -0.503055 -0.196505 0.538291 -0.819530 -0.463990 0.482915 -0.742635 -0.522263 0.217746 -0.824517 -0.463990 0.482915 -0.742635 -0.196505 0.538291 -0.819530 -0.461789 0.765556 -0.447967 0.039479 -0.873269 -0.485636 0.108956 -0.807676 -0.579472 0.131242 -0.907308 -0.399459 0.143316 -0.584855 -0.798377 0.402585 -0.439987 -0.802706 0.467023 -0.265770 -0.843360 0.402585 -0.439987 -0.802706 0.143316 -0.584855 -0.798377 0.729656 -0.175004 -0.661042 0.370224 0.038032 -0.928164 0.367948 0.147158 -0.918128 0.691187 0.107387 -0.714653 0.507738 0.237978 -0.827991 0.701667 -0.240450 -0.670706 0.477161 -0.413124 -0.775659 0.676498 -0.342953 -0.651716 -0.196498 -0.538289 -0.819532 -0.463987 -0.482912 -0.742639 
						-0.522262 -0.217741 -0.824519 -0.196498 -0.538289 -0.819532 -0.195338 -0.841893 -0.503050 -0.461779 -0.765561 -0.447969 -0.463987 -0.482912 -0.742639 -0.516070 -0.837570 -0.179298 -0.826176 -0.533937 -0.179843 -0.752533 -0.481174 -0.449628 -0.949104 -0.239381 -0.204688 -0.833420 -0.216860 -0.508313 -0.752533 -0.481174 -0.449628 -0.826176 -0.533937 -0.179843 -0.461779 -0.765561 -0.447969 0.824847 0.079588 -0.559726 0.814866 0.076767 -0.574543 0.877057 -0.019571 -0.479987 0.947512 -0.026148 -0.318650 0.467020 0.265770 -0.843361 0.402577 0.440002 -0.802702 0.729673 0.174995 -0.661024 0.143299 0.584862 -0.798375 0.143299 0.584862 -0.798375 0.039465 0.873272 -0.485633 0.108918 0.807689 -0.579461 0.402577 0.440002 -0.802702 0.130957 0.907645 -0.398787 0.476543 0.416542 -0.774209 0.701586 0.242042 -0.670219 0.676517 0.342946 -0.651700 -0.115453 0.079284 0.990144 -0.386034 0.261461 0.884656 -0.482962 0.138047 0.864691 -0.072395 0.119580 0.990182 -0.243091 0.397681 0.884736 -0.121035 0.487009 0.864970 -0.213720 0.814593 0.539224 -0.430081 0.668238 0.607032 -0.543196 0.812802 0.210456 -0.430081 0.668238 0.607032 -0.213720 0.814593 0.539224 -0.796798 0.566681 0.209727 -0.652239 0.454994 0.606271 -0.807802 0.239788 0.538477 -0.652239 0.454994 0.606271 -0.796798 0.566681 0.209727 -0.482962 0.138047 0.864691 -0.386034 0.261461 0.884656 -0.652239 0.454994 0.606271 -0.506856 -0.862027 -0.002578 -0.506856 -0.862027 -0.002578 -0.862028 -0.506854 -0.002578 -0.990380 -0.138370 -0.000829 -0.124279 0.895503 0.427351 -0.146873 0.961639 0.231688 -0.390579 0.684062 0.616042 -0.319953 0.606192 0.728122 -0.469961 0.479537 0.741067 -0.319953 0.606192 0.728122 -0.124279 -0.895503 0.427351 0.000020 -0.883455 0.468517 -0.319952 -0.606191 0.728123 0.000021 -0.740690 0.671847 -0.000003 -0.143243 0.989688 -0.000003 -0.143117 0.989706 
						-0.506856 0.862027 -0.002578 -0.862025 0.506859 -0.002578 -0.862025 0.506859 -0.002578 -0.000000 -0.965912 0.258870 -0.131672 -0.982511 0.131662 -0.000002 -0.707019 0.707194 -0.000001 -0.707025 0.707189 -0.000001 -0.499924 0.866069 -0.000001 -0.425912 0.904764 -0.138032 -0.184928 0.973010 -0.000000 0.965912 0.258870 0.001148 0.864126 0.503274 -0.000001 0.707025 0.707189 -0.000001 0.499924 0.866069 0.001122 0.503516 0.863985 0.001122 0.503516 0.863985 -0.000001 0.499924 0.866069 -0.000004 0.965679 0.259737 -0.000007 0.965710 0.259622 -0.000023 0.705901 0.708310 -0.000015 0.705760 0.708451 0.000004 0.130206 0.991487 0.000006 0.130242 0.991482 0.001148 -0.864126 0.503275 -0.084437 -0.451822 0.888103 0.001122 -0.503517 0.863985 0.001122 -0.503517 0.863985 0.974727 0.122322 -0.186932 0.975487 0.024757 -0.218658 0.915941 -0.001783 -0.401309 0.906111 -0.002622 -0.423031 0.351427 0.012430 -0.936133 0.312905 -0.230686 -0.921344 0.166811 -0.844416 -0.509054 0.211172 -0.735186 -0.644133 0.211172 -0.735186 -0.644133 0.000050 -0.123919 -0.992292 0.160570 -0.120431 -0.979650 0.143686 -0.466177 -0.872945 0.000117 -0.482316 -0.875997 0.000117 -0.482316 -0.875997 0.143686 -0.466177 -0.872945 0.130183 -0.680016 -0.721548 0.000126 -0.687555 -0.726133 0.000044 -0.962216 -0.272287 0.041735 -0.961051 -0.273202 0.143686 0.466177 -0.872945 0.286846 0.463789 -0.838224 0.286846 0.463789 -0.838224 0.143686 0.466177 -0.872945 0.130183 0.680016 -0.721548 0.241855 0.666566 -0.705121 0.093622 0.957846 -0.271599 0.041736 0.961050 -0.273204 0.028602 0.987944 -0.152147 0.047278 0.989421 -0.137155 -0.000005 0.965585 0.260087 0.070346 0.995048 0.070227 0.132601 0.982290 0.132375 -0.000005 0.965585 0.260087 -0.000018 0.705246 0.708962 -0.000030 0.705066 0.709142 -0.000029 0.554157 0.832412 -0.000018 0.498298 0.867006 
						0.973136 0.184198 0.138120 0.984373 0.085902 0.153723 0.000389 0.542044 -0.840350 0.000250 0.485686 -0.874133 0.000250 0.485686 -0.874133 0.000389 0.542044 -0.840350 0.000399 0.693623 -0.720338 0.000263 0.691373 -0.722497 0.000082 0.962960 -0.269646 0.137462 0.981121 -0.136039 0.135079 0.990835 0.000050 0.267681 0.963507 0.000099 0.719784 0.694197 0.000351 0.721545 0.692367 0.000376 0.840702 0.541498 0.000370 0.872687 0.488279 0.000339 0.872687 0.488279 0.000339 0.840702 0.541498 0.000370 0.840702 -0.541498 0.000370 0.872687 -0.488280 0.000339 0.872687 -0.488280 0.000339 0.840702 -0.541498 0.000370 0.721545 -0.692367 0.000376 0.719784 -0.694198 0.000351 0.267683 -0.963507 0.000099 0.137463 -0.981120 -0.136039 0.113942 0.968571 0.221104 0.000020 0.883455 0.468517 0.000021 0.740326 0.672248 0.000021 0.740689 0.671849 0.984173 0.086877 0.154455 0.304054 -0.354814 -0.884114 0.286846 -0.463789 -0.838224 0.286846 -0.463789 -0.838224 0.304054 -0.354814 -0.884114 0.265394 -0.569043 -0.778303 0.241856 -0.666565 -0.705122 0.093622 -0.957847 -0.271596 0.106182 -0.942414 -0.317147 0.047278 -0.989421 -0.137154 0.975488 -0.024756 -0.218657 0.326250 0.045674 -0.944179 0.303772 0.357046 -0.883312 0.264938 0.571063 -0.776978 0.315119 0.200025 -0.927734 0.159110 0.859584 -0.485592 0.105903 0.942729 -0.316302 0.053313 0.985804 -0.159209 0.089969 0.957361 -0.274526 0.130799 0.991409 0.000004 0.098680 0.990208 0.098747 0.131948 0.982423 0.132039 0.259351 0.965783 0.000008 0.707877 0.706335 0.000026 0.707981 0.706231 0.000028 0.905036 0.425335 0.000025 0.866435 0.499290 0.000025 0.984346 0.086193 0.153735 0.130733 0.991418 0.000002 0.259222 0.965818 0.000004 0.707692 0.706521 0.000013 0.866334 0.499465 0.000013 0.866435 0.499290 0.000025 0.866435 -0.499289 0.000025 
						0.866334 -0.499466 0.000013 0.866334 -0.499466 0.000013 0.866435 -0.499289 0.000025 0.707883 -0.706330 0.000026 0.707694 -0.706519 0.000013 0.259222 -0.965818 0.000004 0.259354 -0.965782 0.000008 0.866566 -0.499063 0.000027 0.866566 -0.499063 0.000027 0.708129 -0.706083 0.000028 0.259524 -0.965737 0.000008 0.131634 0.991298 0.000009 0.260978 0.965345 0.000018 0.709805 0.704398 0.000064 0.710256 0.703943 0.000065 0.867689 0.497107 0.000063 0.832824 0.553538 0.000063 0.051130 0.320282 0.945941 -0.000030 -0.498567 0.866851 -0.000029 -0.424888 0.905246 0.090729 -0.188204 0.977930 0.153721 -0.086018 0.984363 -0.000013 -0.129979 0.991517 0.905132 -0.425131 0.000027 0.708268 -0.705944 0.000029 0.132049 -0.982392 0.132167 -0.000010 -0.965641 0.259881 -0.000032 -0.705513 0.708697 -0.000031 -0.705636 0.708574 -0.000029 -0.424888 0.905246 -0.000030 -0.498567 0.866851 -0.000006 -0.965598 0.260039 -0.000003 -0.965561 0.260178 -0.000009 -0.705122 0.709086 -0.000021 -0.705326 0.708883 -0.000020 -0.498364 0.866968 -0.000009 -0.498181 0.867073 -0.000009 -0.498181 0.867073 -0.000020 -0.498364 0.866968 0.133953 0.990988 0.000037 0.265491 0.964113 0.000074 0.716703 0.697378 0.000252 0.871068 0.491161 0.000242 0.871068 0.491161 0.000242 0.871068 -0.491161 0.000242 0.871068 -0.491161 0.000242 0.716703 -0.697378 0.000252 0.265492 -0.964113 0.000074 -0.852163 0.508656 0.122828 -0.866231 0.499643 -0.000005 -0.980383 0.136229 0.142444 -0.196372 0.974051 0.112527 -0.239426 0.970833 0.012596 -0.258919 0.965899 -0.000000 -0.644848 0.131221 0.752962 -0.146873 -0.961639 0.231687 -0.124279 -0.895503 0.427351 -0.390579 -0.684062 0.616042 -0.469961 -0.479536 0.741068 -0.319952 -0.606191 0.728123 -0.531539 -0.122886 0.838073 -0.531164 -0.128222 0.837511 -0.084437 0.451822 0.888103 -0.864201 -0.001602 0.503143 
						-0.866024 -0.000000 0.500003 -0.503665 -0.001552 0.863898 -0.707112 -0.000000 0.707101 -0.258819 0.000000 0.965926 -0.503665 -0.001552 0.863898 -0.866024 -0.000000 0.500002 -0.707112 -0.000000 0.707101 -0.258819 0.000000 0.965926 -0.866024 -0.000000 0.500003 -0.707112 -0.000000 0.707101 -0.258819 0.000000 0.965926 -0.864201 0.001601 0.503144 -0.503664 0.001552 0.863898 -0.503664 0.001552 0.863898 0.927803 -0.000617 -0.373070 0.521352 -0.000593 -0.853342 0.554635 -0.000578 -0.832094 0.373088 -0.000369 -0.927796 0.348456 0.000051 -0.937325 0.930269 0.000000 -0.366879 0.561994 0.000000 -0.827141 0.378750 0.000000 -0.925499 0.927803 0.000617 -0.373070 0.554635 0.000578 -0.832094 0.373088 0.000369 -0.927796 0.915941 0.001783 -0.401309 0.521352 0.000593 -0.853341 0.348456 -0.000051 -0.937325 0.987085 -0.117181 0.109235 0.828584 -0.559864 0.000001 0.707612 -0.706601 0.000001 0.113941 -0.968571 0.221106 0.707611 0.706602 0.000001 0.828584 0.559864 0.000001 0.000005 0.283315 0.959027 0.000005 0.283014 0.959116 0.050536 0.344474 0.937434 0.366903 -0.180556 -0.912569 0.351440 -0.009627 -0.936161 0.079827 -0.000855 -0.996808 0.079827 0.000855 -0.996808 -0.464843 -0.715356 0.521714 -0.550595 -0.511738 0.659522 -0.676514 -0.728370 0.108654 -0.707259 -0.706955 -0.000002 -0.866107 -0.499859 -0.000002 -0.841883 -0.527407 0.114343 -0.981071 -0.138879 0.134951 -0.980383 -0.136229 0.142443 -0.131672 0.982511 0.131662 -0.000002 0.707019 0.707194 -0.000001 0.425912 0.904764 -0.973008 0.184955 0.138010 -0.866107 0.499859 -0.000002 -0.866088 0.499892 -0.000003 -0.707226 0.706987 -0.000003 -0.258899 0.965904 -0.000001 -0.258899 -0.965904 -0.000001 -0.707226 -0.706987 -0.000003 -0.866088 -0.499892 -0.000003 -0.000001 0.425912 0.904764 -0.090816 0.189130 0.977744 -0.904769 0.425903 -0.000002 -0.707211 0.707003 -0.000003 
						-0.981071 0.138882 0.134951 -0.464844 0.715356 0.521715 -0.550596 0.511738 0.659522 -0.145598 0.967299 0.207689 -0.707211 -0.707003 -0.000003 -0.904769 -0.425903 -0.000002 -0.984317 -0.086491 0.153751 -0.145598 -0.967298 0.207692 -0.531568 -0.122797 0.838067 -0.644848 -0.131222 0.752962 -0.563828 -0.496214 0.660204 -0.470180 -0.479188 0.741154 -0.637130 -0.133029 0.759189 -0.321799 0.566546 0.758598 -0.470180 0.479187 0.741154 -0.470180 0.479187 0.741154 -0.321799 0.566546 0.758598 -0.157731 0.856521 0.491420 -0.390582 0.684407 0.615656 -0.147361 0.961464 0.232102 0.090763 0.213549 0.972707 -0.000006 0.283024 0.959113 -0.000007 0.283224 0.959054 -0.000022 -0.740618 0.671926 -0.321799 -0.566552 0.758593 -0.157731 -0.856525 0.491411 -0.000022 -0.883464 0.468498 -0.537729 -0.843117 -0.000847 -0.537729 -0.843117 -0.000847 -0.818577 -0.574397 0.000354 -0.051103 0.321224 0.945623 -0.000015 0.555669 0.831403 -0.000017 0.499345 0.866403 -0.000014 -0.555669 0.831403 -0.000017 -0.499345 0.866403 -0.000018 -0.706395 0.707817 -0.000015 -0.706487 0.707726 -0.131815 -0.982465 0.131859 -0.000005 -0.965793 0.259316 -0.040347 0.510594 0.858875 -0.000018 0.706395 0.707818 -0.065769 0.864514 0.498287 -0.065769 0.864514 0.498287 -0.000005 0.965793 0.259316 0.000013 0.499257 0.866454 0.000009 0.499165 0.866507 0.000009 0.706200 0.708012 0.000013 0.706316 0.707896 0.000004 0.965776 0.259376 0.000002 0.965760 0.259436 -0.040347 -0.510593 0.858875 -0.040347 -0.510593 0.858875 -0.121034 -0.487008 0.864970 -0.065769 -0.864513 0.498288 -0.542783 0.838698 -0.044408 -0.825074 0.563247 -0.044787 -0.825074 0.563247 -0.044787 -0.052585 -0.847068 -0.528877 -0.053471 -0.570526 -0.819537 -0.053471 -0.570526 -0.819537 0.123551 -0.932085 -0.340517 0.310882 -0.527498 -0.790631 0.315443 -0.508606 -0.801134 0.370154 -0.016907 -0.928816 
						0.315100 0.411901 -0.855014 0.049570 -0.962414 -0.267025 -0.000033 -0.963988 -0.265946 -0.000088 -0.696709 -0.717353 0.110462 -0.690603 -0.714749 0.145039 -0.495496 -0.856415 -0.000081 -0.490532 -0.871423 -0.000081 -0.490532 -0.871423 0.145039 -0.495496 -0.856415 0.164228 -0.126289 -0.978305 -0.000034 -0.126956 -0.991908 0.000049 0.848609 -0.529020 -0.052585 0.847067 -0.528879 0.000037 0.575770 -0.817612 -0.053471 0.570526 -0.819537 -0.053471 0.570526 -0.819537 0.000037 0.575770 -0.817612 0.000049 -0.848609 -0.529020 0.000040 -0.848870 -0.528602 0.000037 -0.575770 -0.817612 0.000030 -0.576170 -0.817330 0.000030 -0.576170 -0.817330 0.000037 -0.575770 -0.817612 0.000030 0.576170 -0.817330 0.000030 0.576170 -0.817330 0.000040 0.848870 -0.528602 0.049570 0.962414 -0.267025 0.091151 0.959104 -0.267977 0.238246 0.672678 -0.700530 0.110462 0.690604 -0.714748 0.145039 0.495496 -0.856415 0.284503 0.468913 -0.836169 0.284503 0.468913 -0.836169 0.145039 0.495496 -0.856415 0.977976 0.187976 0.090711 0.867126 0.498088 -0.000042 0.905368 0.424628 -0.000042 0.000020 0.705766 0.708445 0.000012 0.705880 0.708331 0.000004 0.965699 0.259663 0.132282 0.982369 0.132110 0.133662 0.981727 -0.135448 -0.000066 0.964429 -0.264342 -0.000188 0.699034 -0.715089 -0.000289 0.700389 -0.713761 -0.000259 0.422060 -0.906568 -0.000175 0.492614 -0.870248 -0.000175 0.492614 -0.870248 -0.000259 0.422060 -0.906568 0.908466 0.417959 -0.000248 0.870395 0.492353 -0.000231 0.870395 0.492353 -0.000231 0.908466 0.417959 -0.000248 0.716504 0.697583 -0.000272 0.715398 0.698717 -0.000243 0.264572 0.964366 -0.000074 0.133662 -0.981727 -0.135448 0.264572 -0.964366 -0.000074 0.715398 -0.698717 -0.000243 0.716504 -0.697583 -0.000272 0.908466 -0.417959 -0.000248 0.870395 -0.492354 -0.000231 0.870395 -0.492354 -0.000231 0.908466 -0.417959 -0.000248 
						0.977548 0.189288 0.092568 0.866264 0.499586 -0.000007 0.908015 0.418937 -0.000000 -0.000023 0.740599 0.671947 -0.000022 0.740321 0.672253 0.054809 0.884233 0.463819 -0.000022 0.883458 0.468509 0.102732 -0.950709 -0.292571 0.091151 -0.959104 -0.267977 0.238246 -0.672678 -0.700530 0.262625 -0.637207 -0.724565 0.315534 -0.409498 -0.856008 0.284503 -0.468913 -0.836169 0.284503 -0.468913 -0.836169 0.315534 -0.409498 -0.856008 0.102332 0.951047 -0.291612 0.122907 0.932737 -0.338963 0.309828 0.531745 -0.788197 0.262183 0.638578 -0.723518 0.315100 0.411901 -0.855014 0.314463 0.512744 -0.798878 0.691253 -0.104864 -0.714964 0.866322 0.499486 -0.000014 0.831416 0.555650 -0.000015 0.707730 0.706483 -0.000015 0.707666 0.706547 -0.000014 0.259203 0.965823 -0.000004 0.131862 0.982453 0.131900 0.866264 0.499586 -0.000007 0.707560 0.706654 -0.000007 0.259125 0.965844 -0.000002 0.130683 -0.991424 -0.000001 0.130723 -0.991419 -0.000002 0.259202 -0.965823 -0.000005 0.259125 -0.965844 -0.000002 0.707560 -0.706653 -0.000007 0.707665 -0.706548 -0.000015 0.866321 -0.499488 -0.000014 0.866264 -0.499586 -0.000007 0.866321 -0.499488 -0.000014 0.130778 -0.991412 -0.000002 0.259309 -0.965794 -0.000005 0.707818 -0.706394 -0.000016 0.866402 -0.499348 -0.000016 0.866402 -0.499348 -0.000016 -0.516705 -0.856162 -0.001659 -0.516705 -0.856162 -0.001659 -0.814721 -0.579853 -0.000487 -0.537729 0.843117 -0.000846 -0.818576 0.574398 0.000354 -0.818576 0.574398 0.000354 0.905368 0.424628 -0.000042 0.867126 0.498088 -0.000042 0.709187 0.705020 -0.000044 0.708906 0.705303 -0.000045 0.260246 0.965542 -0.000013 0.131926 -0.982434 0.131978 0.707908 -0.706304 -0.000017 0.831542 -0.555462 -0.000017 0.831542 -0.555462 -0.000017 0.945668 -0.321097 0.051083 0.000018 -0.499034 0.866582 0.000018 -0.555306 0.831646 0.000019 -0.706132 0.708080 
						0.000019 -0.706075 0.708138 0.000005 -0.965732 0.259542 0.000012 -0.498913 0.866652 0.000006 -0.498793 0.866721 0.000006 -0.498793 0.866721 0.000012 -0.498913 0.866652 0.000012 -0.705922 0.708289 0.000006 -0.705790 0.708421 0.000002 -0.965685 0.259715 0.000003 -0.965709 0.259625 -0.544682 0.838643 -0.000002 -0.823269 0.567651 -0.000002 -0.823269 0.567651 -0.000002 -0.825074 0.563247 -0.044787 0.869348 0.494200 -0.000159 0.869348 0.494200 -0.000159 0.713419 0.700738 -0.000165 0.263182 0.964746 -0.000048 0.263182 -0.964746 -0.000048 0.713419 -0.700738 -0.000165 0.869348 -0.494200 -0.000159 0.869348 -0.494200 -0.000159 -0.542783 -0.838698 -0.044408 -0.516070 -0.837570 -0.179298 -0.542783 -0.838698 -0.044408 -0.825072 -0.563250 -0.044787 -0.826176 -0.533937 -0.179843 -0.509436 0.858691 0.055892 -0.707491 0.706722 -0.000005 -0.866231 0.499643 -0.000005 -0.852163 0.508656 0.122828 -0.232093 0.963841 0.130929 -0.327584 0.848462 0.415693 -0.259082 0.965855 -0.000001 -0.531998 -0.116276 0.838724 -0.321799 -0.566552 0.758593 -0.390585 -0.684407 0.615654 -0.157731 -0.856525 0.491411 -0.147360 -0.961464 0.232104 -0.008280 -0.850918 -0.525232 0.026282 -0.588228 -0.808268 0.026282 -0.588228 -0.808268 0.026282 0.588227 -0.808269 0.026282 0.588227 -0.808269 -0.008279 0.850917 -0.525234 -0.053471 0.570526 -0.819537 -0.000017 -0.499345 0.866403 -0.557903 0.000001 -0.829906 -0.554494 0.063541 -0.829758 -0.842615 0.000002 -0.538516 -0.840997 0.063074 -0.537351 -0.557907 0.000000 -0.829904 -0.842613 0.000000 -0.538519 -0.557903 -0.000001 -0.829906 -0.842615 -0.000002 -0.538516 -0.554495 -0.063541 -0.829758 -0.840997 -0.063074 -0.537351 -0.510936 0.047967 0.858279 -0.498357 0.000007 0.866972 -0.498357 0.000007 0.866972 -0.510936 0.047967 0.858279 -0.863690 0.077709 0.497996 -0.705315 0.000007 0.708894 -0.965599 0.000002 0.260034 
						-0.498420 -0.000000 0.866936 -0.498420 -0.000000 0.866936 -0.705384 -0.000000 0.708826 -0.965612 0.000000 0.259988 -0.498358 -0.000007 0.866972 -0.498358 -0.000007 0.866972 -0.705315 -0.000007 0.708894 -0.965599 -0.000002 0.260034 -0.510936 -0.047967 0.858279 -0.510936 -0.047967 0.858279 -0.863690 -0.077709 0.497996 0.453290 0.000140 -0.891363 0.462283 -0.117586 -0.878902 0.654215 0.000213 -0.756309 0.955220 0.000197 -0.295898 0.455203 0.000000 -0.890388 0.656440 0.000000 -0.754378 0.955720 0.000000 -0.294278 0.453290 -0.000140 -0.891363 0.654215 -0.000213 -0.756309 0.955220 -0.000197 -0.295898 0.462283 0.117585 -0.878901 0.100385 -0.991046 0.088036 0.054808 -0.884240 0.463806 0.707518 -0.706695 -0.000000 0.908015 -0.418937 -0.000000 -0.000006 -0.283284 0.959036 -0.000006 -0.283530 0.958963 0.908015 0.418937 -0.000000 0.707516 0.706697 -0.000000 -0.866231 -0.499643 -0.000005 -0.852164 -0.508657 0.122822 -0.327583 -0.848461 0.415695 -0.232087 -0.963844 0.130921 -0.509433 -0.858694 0.055881 -0.259082 -0.965855 -0.000001 0.026282 -0.588228 -0.808268 -0.866271 0.499575 -0.000010 -0.831333 0.555775 -0.000011 -0.945605 0.321281 0.051078 -0.000015 0.706486 0.707727 -0.131815 0.982465 0.131859 -0.259130 0.965843 -0.000002 -0.707564 0.706649 -0.000010 -0.866271 0.499575 -0.000010 -0.707564 -0.706649 -0.000010 -0.707491 -0.706722 -0.000005 -0.259130 -0.965843 -0.000002 -0.707608 0.706605 -0.000011 -0.831333 0.555775 -0.000011 -0.563828 0.496218 0.660201 -0.563828 0.496218 0.660201 -0.051103 -0.321222 0.945624 -0.000014 -0.555669 0.831403 -0.707609 -0.706605 -0.000011 -0.509433 -0.858694 0.055881 -0.327583 -0.848461 0.415695 0.131999 0.991250 0.000007 0.261688 0.965153 0.000014 0.711283 0.702906 0.000048 0.868231 0.496160 0.000046 0.867689 0.497107 0.000063 0.868231 0.496160 0.000046 0.138024 -0.184161 0.973157 
						-0.000011 -0.129676 0.991556 0.833424 -0.552634 0.000062 0.868228 -0.496165 0.000046 0.711266 -0.702923 0.000047 0.710674 -0.703522 0.000063 0.132916 -0.982215 0.132619 0.261685 -0.965153 0.000013 -0.517597 -0.855615 0.003928 -0.517597 -0.855615 0.003928 -0.814991 -0.579472 0.001152 -0.516705 0.856162 -0.001659 -0.814721 0.579853 -0.000487 -0.814721 0.579853 -0.000487 0.867475 0.497481 -0.000030 0.867475 0.497481 -0.000030 0.709850 0.704353 -0.000031 0.260700 0.965420 -0.000009 0.260704 -0.965419 -0.000009 0.132492 -0.982319 0.132266 0.709477 -0.704729 -0.000044 0.709855 -0.704348 -0.000032 0.867476 -0.497479 -0.000031 0.905564 -0.424209 -0.000041 0.133113 0.991101 0.000044 0.263857 0.964562 0.000086 0.714387 0.699751 0.000297 0.869882 0.493259 0.000286 0.869882 0.493259 0.000286 0.869882 -0.493260 0.000286 0.869882 -0.493260 0.000286 0.714387 -0.699751 0.000297 0.263857 -0.964562 0.000086 -0.535795 0.844339 0.003885 -0.820557 0.571563 0.001140 -0.820557 0.571563 0.001140 0.868562 0.495580 -0.000188 0.868562 0.495580 -0.000188 0.711887 0.702294 -0.000195 0.262115 0.965037 -0.000057 0.262115 -0.965037 -0.000057 0.711887 -0.702294 -0.000195 0.868562 -0.495580 -0.000188 0.868562 -0.495580 -0.000188 -0.544682 -0.838643 -0.000002 -0.544682 -0.838643 -0.000002 -0.823269 -0.567651 -0.000002 0.000184 -0.135064 -0.990837 0.000111 -0.125119 -0.992142 0.000250 -0.485686 -0.874133 0.000389 -0.542044 -0.840350 0.000389 -0.542044 -0.840350 0.000250 -0.485686 -0.874133 0.000262 -0.691373 -0.722497 0.000399 -0.693623 -0.720338 0.000082 -0.962960 -0.269646 -0.000002 0.965626 0.259935 -0.000002 0.965626 0.259935 -0.000007 0.705480 0.708730 -0.000007 0.498506 0.866886 0.000117 0.482315 -0.875998 0.000117 0.482315 -0.875998 0.000126 0.687554 -0.726133 0.000044 0.962216 -0.272287 -0.000007 -0.965473 0.260505 
						-0.000039 -0.704404 0.709799 -0.000024 -0.704642 0.709563 -0.000024 -0.497749 0.867321 -0.000039 -0.553461 0.832875 0.946252 -0.319339 0.051280 0.868228 -0.496165 0.000046 0.833424 -0.552634 0.000062 -0.000066 -0.964429 -0.264342 -0.000289 -0.700389 -0.713761 -0.000188 -0.699034 -0.715089 -0.000175 -0.492614 -0.870248 -0.000259 -0.422060 -0.906568 -0.000259 -0.422060 -0.906568 -0.000175 -0.492614 -0.870248 -0.000076 -0.127716 -0.991811 -0.000107 -0.117413 -0.993083 0.000004 0.499003 0.866600 0.000004 0.706023 0.708188 0.000001 0.965726 0.259564 -0.000033 0.963988 -0.265946 -0.000088 0.696711 -0.717352 -0.000081 0.490532 -0.871423 -0.000081 0.490532 -0.871423 0.905564 -0.424209 -0.000041 0.867476 -0.497479 -0.000031 0.978049 -0.187607 0.090688 0.000025 -0.424702 0.905333 0.000016 -0.498520 0.866878 0.000016 -0.705487 0.708723 0.000027 -0.705339 0.708870 0.000005 -0.965629 0.259925 -0.535795 -0.844339 0.003885 -0.535795 -0.844339 0.003885 -0.820557 -0.571563 0.001140 0.132480 0.991186 0.000033 0.262624 0.964898 0.000065 0.712623 0.701547 0.000224 0.868905 0.494978 0.000215 0.868905 0.494978 0.000215 0.868905 -0.494978 0.000215 0.868905 -0.494978 0.000215 0.712622 -0.701548 0.000224 0.262624 -0.964898 0.000065 -0.517597 0.855615 0.003928 -0.814991 0.579472 0.001152 -0.814991 0.579472 0.001152 0.867917 0.496710 -0.000141 0.867917 0.496710 -0.000141 0.710730 0.703465 -0.000146 0.261306 0.965256 -0.000043 0.261306 -0.965256 -0.000043 0.710730 -0.703465 -0.000146 0.867917 -0.496710 -0.000141 0.867917 -0.496710 -0.000141 0.973136 0.184198 0.138120 0.736630 0.603435 0.305357 0.946066 0.319895 0.051245 0.305009 0.603361 0.736835 0.382493 -0.030421 0.923457 0.923447 -0.030439 0.382517 0.382681 0.000000 0.923880 0.923878 0.000000 0.382688 0.832824 0.553538 0.000063 0.946066 0.319895 0.051245 
						0.305101 -0.602942 0.737139 0.051155 -0.319856 0.946084 0.736890 -0.603055 0.305478 0.973191 -0.183895 0.138136 0.946252 -0.319339 0.051280 0.923442 0.030647 0.382512 0.382492 0.030623 0.923451 0.382681 -0.000000 0.923880 0.923879 -0.000000 0.382685 -0.000039 -0.553461 0.832875 -0.000024 -0.497749 0.867321 0.923467 0.030311 0.382479 0.977896 -0.188355 0.090781 0.382499 0.030323 0.923458 0.304942 -0.604246 0.736137 0.736216 -0.604190 0.304860 0.973029 -0.184850 0.138002 0.945668 -0.321097 0.051083 0.382668 -0.000000 0.923886 0.923886 -0.000000 0.382668 0.905132 -0.425131 0.000027 0.153727 0.086141 0.984351 0.382498 -0.030186 0.923463 0.090751 0.188442 0.977882 0.923466 -0.030181 0.382492 0.977857 0.188553 0.090797 0.973016 0.184918 0.138001 0.736112 0.604333 0.304830 0.945628 0.321215 0.051075 0.304932 0.604335 0.736068 0.138031 0.184875 0.973020 0.051109 0.321136 0.945653 0.923884 -0.000000 0.382673 0.382671 -0.000000 0.923885 0.905036 0.425335 0.000025 -0.382504 0.029797 0.923473 -0.923468 0.029811 0.382516 -0.977745 -0.189119 0.090819 -0.923469 -0.029800 0.382515 -0.382504 -0.029799 0.923473 -0.736060 -0.604390 0.304843 -0.304913 -0.604441 0.735989 -0.304913 0.604451 0.735980 -0.736068 0.604377 0.304847 -0.923877 -0.000000 0.382690 -0.382684 -0.000000 0.923879 -0.923877 -0.000000 0.382690 -0.382684 -0.000000 0.923879 -0.159340 0.983120 0.089921 -0.462299 0.848506 0.257520 -0.587979 0.742254 0.321464 -0.584260 0.742022 0.328700 -0.841882 0.527409 0.114342 -0.839899 0.284321 0.462310 -0.865020 0.146590 0.479846 -0.550596 0.511738 0.659522 -0.637130 0.133030 0.759189 -0.866796 0.141026 0.478306 -0.837710 0.284619 0.466084 -0.644848 0.131221 0.752962 -0.563828 0.496218 0.660201 -0.587922 0.742317 0.321423 -0.159343 -0.983119 0.089930 -0.462299 -0.848510 0.257506 
						-0.584260 -0.742022 0.328700 -0.587979 -0.742254 0.321464 -0.865020 -0.146588 0.479846 -0.839900 -0.284317 0.462311 -0.837710 -0.284619 0.466083 -0.866796 -0.141026 0.478306 -0.462299 -0.848510 0.257506 -0.587926 -0.742314 0.321422 0.137980 -0.197591 0.970525 0.300786 -0.618214 0.726181 0.050535 -0.344475 0.937434 0.731349 -0.611030 0.302938 0.731349 -0.611030 0.302938 0.731349 -0.611030 0.302938 0.731350 0.611030 0.302934 0.731350 0.611030 0.302934 0.731350 0.611030 0.302934 0.300788 0.618208 0.726186 0.923566 0.025886 0.382565 0.382619 0.018802 0.923715 0.153570 -0.098929 0.983173 0.090763 -0.213563 0.972704 0.382614 -0.018801 0.923717 0.923571 -0.025885 0.382554 0.923875 -0.000000 0.382695 0.382681 -0.000000 0.923880 0.923880 0.000000 0.382682 0.382676 -0.000000 0.923883 0.966017 -0.258479 0.000001 0.828584 -0.559864 0.000001 0.961147 -0.169615 -0.217776 0.974728 -0.122316 -0.186933 0.668582 -0.543960 -0.507056 0.684634 -0.628115 -0.369796 0.668577 0.543961 -0.507062 0.684618 0.628122 -0.369812 0.961145 0.169621 -0.217780 0.765268 0.179326 -0.618229 0.765267 -0.179328 -0.618229 0.906111 0.002622 -0.423031 -0.086215 -0.993600 -0.072979 -0.086215 -0.993600 -0.072979 -0.086214 0.993600 -0.072981 -0.086214 0.993600 -0.072981 -0.049562 -0.998633 -0.016629 -0.049562 -0.998633 -0.016629 -0.049562 0.998633 -0.016633 -0.049562 0.998633 -0.016633 0.000000 -1.000000 0.000000 0.000000 -1.000000 0.000000 0.000000 -1.000000 -0.000000 0.000000 1.000000 0.000000 0.000000 1.000000 0.000000 0.000000 -1.000000 0.000001 0.000000 -1.000000 0.000003 0.000000 -1.000000 0.000003 0.000000 1.000000 0.000003 0.000000 1.000000 0.000003 -0.117866 -0.992024 0.044671 -0.113686 -0.987228 0.111606 -0.113686 0.987228 0.111606 -0.117867 0.992024 0.044668 -0.136210 -0.985149 0.104541 -0.118872 -0.992160 0.038583 
						-0.118874 0.992160 0.038576 -0.136210 0.985149 0.104541 0.000000 -1.000000 0.000000 0.000000 -1.000000 0.000014 0.000000 1.000000 0.000007 0.000000 1.000000 0.000000 0.000000 -1.000000 0.000005 0.000000 -1.000000 0.000003 0.000000 1.000000 0.000003 0.000000 1.000000 0.000005 -0.926347 0.000000 0.376671 -0.926347 0.000000 0.376671 -0.766720 -0.000000 0.641981 -0.766720 -0.000000 0.641981 -0.580882 -0.000000 0.813987 -0.580882 -0.000000 0.813987 -0.934673 -0.000000 0.355509 -0.934673 -0.000000 0.355509 -0.773790 -0.000000 0.633442 -0.773790 -0.000000 0.633442 -0.583018 -0.000000 0.812459 -0.583018 -0.000000 0.812459 0.866026 0.000000 -0.499998 0.866026 0.000000 -0.499998 0.707111 0.000000 -0.707103 0.707111 0.000000 -0.707103 0.258814 0.000000 -0.965927 0.258814 0.000000 -0.965927 -0.853680 -0.000000 0.520797 -0.853680 -0.000000 0.520797 -0.491620 -0.000000 0.870810 -0.491620 -0.000000 0.870810 -0.491620 -0.000000 0.870810 -0.491620 -0.000000 0.870810 0.258814 0.000000 0.965927 0.258814 0.000000 0.965927 0.707107 0.000000 0.707106 0.707107 0.000000 0.707106 0.707107 0.000000 0.707106 0.707107 0.000000 0.707106 0.965926 -0.000000 0.258817 0.965926 -0.000000 0.258817 0.965926 -0.000000 0.258817 0.965926 -0.000000 0.258817 0.707107 0.000000 0.707106 0.707107 0.000000 0.707106 0.707107 0.000000 0.707106 0.707107 0.000000 0.707106 0.258814 0.000000 0.965927 0.258814 0.000000 0.965927 0.130523 -0.000000 0.991445 0.130523 -0.000000 0.991445 -0.130530 0.000000 -0.991444 -0.130530 0.000000 -0.991444 -0.500001 0.000000 -0.866025 -0.500001 0.000000 -0.866025 -0.707104 0.000000 -0.707110 -0.707104 0.000000 -0.707110 -0.965926 0.000000 -0.258817 -0.965926 0.000000 -0.258817 -0.991445 0.000000 -0.130525 -0.991445 0.000000 -0.130525 0.866026 0.000000 -0.499998 0.866026 0.000000 -0.499998 
						0.707111 0.000000 -0.707103 0.707111 0.000000 -0.707103 0.258814 0.000000 -0.965927 0.258814 0.000000 -0.965927 0.130523 0.000000 -0.991445 0.130523 0.000000 -0.991445 -0.130530 0.000000 -0.991444 -0.130530 0.000000 -0.991444 -0.500001 0.000000 -0.866025 -0.500001 0.000000 -0.866025 -0.707104 0.000000 -0.707110 -0.707104 0.000000 -0.707110 -0.965926 0.000000 -0.258817 -0.965926 0.000000 -0.258817 -0.991445 0.000000 -0.130525 -0.991445 0.000000 -0.130525 -0.583018 -0.000000 0.812459 -0.583018 -0.000000 0.812459 -0.773790 -0.000000 0.633442 -0.773790 -0.000000 0.633442 -0.934673 -0.000000 0.355509 -0.934673 -0.000000 0.355509 -0.580882 -0.000000 0.813987 -0.580882 -0.000000 0.813987 -0.766720 -0.000000 0.641981 -0.766720 -0.000000 0.641981 -0.926347 0.000000 0.376671 -0.926347 0.000000 0.376671 -0.491620 -0.000000 0.870810 -0.491620 -0.000000 0.870810 -0.491620 -0.000000 0.870810 -0.491620 -0.000000 0.870810 -0.853680 -0.000000 0.520797 -0.853680 -0.000000 0.520797 -0.991445 0.000000 -0.130525 -0.991445 0.000000 -0.130525 0.000000 1.000000 0.000000 0.000000 1.000000 0.000000 -1.000000 0.000000 0.000000 -1.000000 0.000000 0.000000 0.000000 1.000000 0.000000 -1.000000 0.000000 0.000000 -1.000000 0.000000 0.000000 0.000000 0.000000 -1.000000 0.000000 0.000000 -1.000000 0.000000 1.000000 0.000000 0.000000 1.000000 0.000000 0.121231 -0.992624 -0.000461 0.146235 -0.989250 -0.000557 0.000000 1.000000 0.000000 0.000000 1.000000 0.000000 0.000000 1.000000 0.000000 0.000000 1.000000 0.000000 -0.194787 -0.027018 0.980473 0.000000 -0.027634 0.999618 -0.065029 0.000000 0.997883 -0.065029 0.000000 0.997883 0.010903 0.008376 -0.999906 0.027425 0.021068 -0.999402 0.146231 0.989250 -0.000559 0.121228 0.992625 -0.000463 1.000000 0.000000 0.000000 1.000000 0.000000 0.000000 0.991875 -0.127217 -0.000360 
						0.991522 -0.129940 -0.000368 -0.285998 0.000000 0.958230 -0.288120 -0.000000 0.957594 -0.288120 -0.000000 0.957594 -0.285998 0.000000 0.958230 0.146205 0.029582 -0.988812 0.140855 0.041053 -0.989179 0.134673 0.054241 -0.989404 0.146205 0.029582 -0.988812 -1.000000 -0.000002 -0.000000 -1.000000 -0.000004 -0.000000 -0.979416 -0.201642 0.009177 -0.976585 -0.153630 0.150595 -0.160009 0.000000 -0.987116 -0.080264 0.000000 -0.996774 -0.080392 0.026353 -0.996415 -0.148201 0.036482 -0.988284 -0.080264 0.000000 -0.996774 0.000000 0.000000 -1.000000 -0.000015 0.026615 -0.999646 -0.080392 0.026353 -0.996415 -0.999976 -0.006287 0.002859 -1.000000 -0.000000 -0.000000 -1.000000 -0.000000 -0.000000 -0.999979 -0.005884 0.002676 -0.993496 0.039957 -0.106627 -0.998737 0.012800 -0.048587 -0.998275 0.016436 -0.056363 -0.993496 0.039957 -0.106627 0.000000 0.000000 1.000000 0.000000 0.000000 1.000000 0.000000 0.000000 1.000000 0.000000 0.000000 1.000000 -1.000000 0.000000 0.000000 -1.000000 0.000000 0.000000 0.000000 0.000000 1.000000 0.000000 0.000000 1.000000 -0.006749 -0.005715 0.999961 -0.006622 -0.015266 0.999862 0.001584 -0.004505 0.999989 -0.283874 0.000000 0.958861 -0.143440 -0.000000 0.989659 -0.143440 -0.000000 0.989659 -0.283874 0.000000 0.958861 0.000000 -1.000000 -0.000000 0.000000 1.000000 0.000000 0.000000 1.000000 0.000000 1.000000 0.000000 0.000000 1.000000 0.000000 0.000000 1.000000 0.000000 0.000000 1.000000 0.000000 0.000000 1.000000 0.000000 0.000000 1.000000 0.000000 0.000000 -0.110505 -0.011454 0.993810 -0.065029 0.000000 0.997883 -0.065029 0.000000 0.997883 -0.111857 -0.010650 0.993667 0.000000 1.000000 0.000000 0.000000 1.000000 -0.000000 0.000000 0.000000 -1.000000 0.000000 0.000000 -1.000000 -0.999976 0.006377 0.002765 -0.999729 -0.003708 -0.022975 -0.999654 -0.005311 -0.025749 
						-0.999979 0.005996 0.002600 0.001583 0.004505 0.999989 0.004113 0.024688 0.999687 -0.005230 0.032083 0.999471 -0.006628 0.015267 0.999861 -0.998737 0.012800 -0.048587 -0.998275 0.016436 -0.056363 -0.000041 0.000000 1.000000 -0.143440 0.000000 0.989659 -0.143440 0.000000 0.989659 -0.000041 0.000000 1.000000 0.000000 0.000000 -1.000000 0.000000 0.000000 -1.000000 0.000000 0.000000 -1.000000 0.000000 0.000000 -1.000000 0.000000 0.000000 -1.000000 0.000000 -1.000000 0.000003 0.000000 -1.000000 0.000000 -0.283874 0.000000 0.958861 -0.283874 0.000000 0.958861 -0.092713 -0.029687 0.995250 -0.075565 -0.035882 0.996495 -0.063666 -0.041204 0.997120 -1.000000 0.000000 0.000000 -1.000000 0.000000 0.000000 -0.288120 -0.000000 0.957594 -0.285998 0.000000 0.958230 -0.285998 0.000000 0.958230 -0.288120 -0.000000 0.957594 -0.000041 0.000000 1.000000 -0.000048 0.000000 1.000000 -0.000048 0.000000 1.000000 -0.000041 0.000000 1.000000 -0.000000 0.000000 1.000000 0.000000 0.000000 1.000000 0.000000 0.000000 1.000000 -0.000000 0.000000 1.000000 -0.998414 -0.020684 -0.052352 -0.998414 -0.020684 -0.052352 -0.000048 0.000000 1.000000 -0.000048 0.000000 1.000000 0.000000 0.000000 -1.000000 0.000000 0.000000 -1.000000 0.262625 -0.637207 -0.724565 0.315534 -0.409498 -0.856008 -0.000023 -0.740337 0.672235 0.000000 1.000000 0.000000 0.000000 1.000000 -0.000000 0.209683 0.739584 -0.639569 0.209683 0.739584 -0.639569 0.315001 -0.313480 -0.895826 0.368217 -0.140731 -0.919027 0.000000 1.000000 -0.000000 0.000000 -1.000000 0.000000 0.265394 -0.569043 -0.778303 0.000021 -0.740328 0.672246 -0.000027 0.277145 -0.960828 -0.105694 0.970737 0.215636 -0.074426 -0.576377 0.813787 -0.003410 -0.586516 0.809930 0.000000 -0.000008 -1.000000 0.000000 -0.000016 -1.000000 0.000000 0.000008 -1.000000 -0.487014 0.084109 0.869335 
						-0.484152 0.000018 0.874984 -0.487014 0.084109 0.869335 -0.999975 0.000000 -0.007068 -0.999975 0.000000 -0.007068 -0.999975 0.000000 -0.007068 -0.999975 0.000000 -0.007068 -0.487014 -0.084109 0.869335 -0.000014 -0.140880 -0.990027 0.000005 -0.283015 0.959116 -0.000006 -0.283041 0.959108 0.000003 0.143240 0.989688 -0.000004 0.143233 0.989689 0.000005 0.283524 0.958965 -0.000007 0.283512 0.958969 0.076948 0.993629 -0.082342 0.086225 0.992918 -0.081719 0.245922 0.966677 -0.071121 0.234381 0.969483 -0.071892 0.000000 0.165531 -0.986205 0.000000 0.165531 -0.986205 0.000000 0.083052 -0.996545 0.000000 0.083052 -0.996545 0.000000 -0.083052 -0.996545 0.000000 -0.083052 -0.996545 0.000000 -0.165531 -0.986205 0.000000 -0.165531 -0.986205 0.976570 0.203123 -0.071072 0.975453 0.208502 -0.070832 0.995055 0.060247 -0.078968 0.995120 0.059052 -0.079054 0.000000 -0.083052 -0.996545 0.000000 -0.083052 -0.996545 0.000000 -0.165531 -0.986205 0.000000 -0.165531 -0.986205 0.995120 -0.059052 -0.079054 0.995055 -0.060247 -0.078968 0.975453 -0.208502 -0.070832 0.976571 -0.203123 -0.071072 0.000000 -0.083052 -0.996545 0.000000 -0.083052 -0.996545 0.000000 0.000000 -1.000000 0.000000 0.000000 -1.000000 0.000000 0.000000 -1.000000 0.000000 0.000000 -1.000000 0.000000 0.000000 -1.000000 0.000000 0.000000 -1.000000 0.000000 0.083052 -0.996545 0.000000 0.083052 -0.996545 0.000002 -0.996152 -0.087641 0.000002 -0.996152 -0.087641 0.006758 -0.996020 -0.088870 0.007512 -0.996003 -0.089007 0.996535 0.000000 -0.083169 0.996535 0.000000 -0.083169 0.996535 0.000000 -0.083169 0.996535 0.000000 -0.083169 0.996535 0.000000 -0.083169 0.996535 0.000000 -0.083169 0.080013 -0.074411 -0.994012 0.000000 -0.083052 -0.996545 0.000000 0.000000 -1.000000 0.089268 0.000000 -0.996008 0.000000 0.000000 -1.000000 0.089268 0.000000 -0.996008 
						0.000000 0.000000 -1.000000 0.089268 0.000000 -0.996008 0.080013 0.074411 -0.994013 0.000000 0.165531 -0.986205 0.000000 0.165531 -0.986205 0.000000 0.083052 -0.996545 0.000000 0.000000 -1.000000 0.000000 0.000000 -1.000000 0.000000 0.000000 -1.000000 0.000000 -0.083052 -0.996545 0.000000 -0.083052 -0.996545 0.000000 -0.165531 -0.986205 0.000000 0.165531 -0.986205 0.177822 0.000000 -0.984063 0.160375 0.064455 -0.984949 0.177822 0.000000 -0.984063 0.177822 0.000000 -0.984063 0.160375 -0.064455 -0.984949 0.080013 -0.074411 -0.994012 0.069260 -0.149235 -0.986373 0.069260 0.149235 -0.986373 0.000000 0.000000 -1.000000 0.000000 0.000000 -1.000000 0.000000 0.000000 -1.000000 0.000000 0.000000 -1.000000 -0.001518 0.170930 -0.985282 -0.000759 0.168231 -0.985747 -0.000381 0.084418 -0.996430 -0.000759 0.085495 -0.996338 0.000000 -0.083052 -0.996545 -0.000806 -0.085938 -0.996300 0.000000 0.000000 -1.000000 0.000000 0.000000 -1.000000 -0.001605 -0.088525 -0.996073 -0.000806 -0.085938 -0.996300 -0.001607 -0.171243 -0.985228 -0.003209 -0.176932 -0.984218 0.022822 0.989069 -0.145676 0.019201 0.992672 -0.119305 0.019212 0.992662 -0.119385 0.022822 0.989069 -0.145676 0.141420 -0.131359 -0.981196 0.141420 -0.131359 -0.981196 0.141420 -0.131359 -0.981196 0.141420 -0.131359 -0.981196 0.141420 -0.131359 -0.981196 0.069260 -0.149235 -0.986373 0.002582 0.996181 -0.087278 0.002864 0.996183 -0.087239 0.000002 0.996153 -0.087637 0.000002 0.996153 -0.087637 -0.006752 0.005716 0.999961 0.002582 -0.996181 -0.087278 0.002864 -0.996183 -0.087239 0.000002 -0.996153 -0.087637 0.000002 -0.996152 -0.087637 0.000002 0.996152 -0.087641 0.000002 0.996152 -0.087641 0.141419 0.131359 -0.981196 0.141419 0.131359 -0.981196 0.141419 0.131359 -0.981196 0.141419 0.131359 -0.981196 0.141419 0.131359 -0.981196 0.076948 -0.993629 -0.082342 
						0.086225 -0.992918 -0.081719 0.015521 0.995511 -0.093369 0.006758 0.996020 -0.088870 0.007512 0.996003 -0.089007 0.015587 0.995472 -0.093766 0.015587 -0.995472 -0.093766 0.015521 -0.995511 -0.093370 0.019616 -0.992940 -0.116980 0.019623 -0.992936 -0.117018 0.000000 0.000000 -1.000000 0.000000 0.000000 -1.000000 -0.001605 -0.088525 -0.996073 0.000000 0.000000 -1.000000 0.023741 -0.989787 -0.140560 0.023741 -0.989787 -0.140560 -0.005818 0.050489 0.998708 -0.011092 0.045654 0.998896 -0.030447 0.062870 0.997557 -0.024608 0.053471 0.998266 -0.030447 -0.062871 0.997557 -0.024603 -0.053472 0.998266 -0.005820 -0.050489 0.998708 -0.011086 -0.045654 0.998896 0.004113 -0.024688 0.999687 -0.005225 -0.032083 0.999472 0.896474 0.438023 -0.066860 0.895473 0.440067 -0.066850 0.715864 0.695125 -0.065882 0.720171 0.690661 -0.065886 0.720171 0.690661 -0.065886 0.715864 0.695125 -0.065882 0.464269 0.883222 -0.066128 0.477522 0.876130 -0.066104 0.245922 -0.966677 -0.071121 0.234381 -0.969483 -0.071892 0.464269 -0.883222 -0.066128 0.477522 -0.876130 -0.066103 0.715864 -0.695124 -0.065882 0.720171 -0.690661 -0.065886 0.720171 -0.690661 -0.065886 0.715864 -0.695124 -0.065882 0.896474 -0.438024 -0.066860 0.895473 -0.440067 -0.066850 -0.000023 0.705994 0.708218 -0.000022 0.425152 0.905122 0.000000 -1.000000 0.000000 0.000000 -1.000000 0.000000 0.145039 -0.495496 -0.856415 0.262183 0.638578 -0.723518 0.315100 0.411901 -0.855014 0.000013 0.555537 0.831491 0.000013 0.706361 0.707852 0.143686 -0.466177 -0.872945 0.303772 0.357046 -0.883312 0.264938 0.571063 -0.776978 0.069871 0.997556 0.000000 0.069871 0.997556 0.000000 0.184284 0.982873 -0.000028 0.194475 0.980907 -0.000036 0.000000 0.000000 -1.000000 0.000000 -0.022743 -0.999741 0.192574 -0.981282 0.001206 0.190649 -0.981655 0.002562 0.065574 -0.997841 0.003788 
						0.067487 -0.997718 0.002102 0.069871 0.997556 0.000000 0.194469 0.980909 -0.000033 0.067955 0.997688 0.000736 0.069871 0.997556 0.000000 0.194475 0.980907 -0.000220 0.192765 0.981245 0.000543 0.194504 -0.980902 -0.000034 0.069872 -0.997556 -0.000000 0.192779 -0.981242 0.000542 0.194494 -0.980904 -0.000221 0.069872 -0.997556 0.000000 0.067955 -0.997688 0.000736 0.066038 0.997816 0.001471 0.179404 0.983774 0.001382 0.999596 -0.028428 -0.000473 0.999572 -0.029220 -0.000947 1.000000 0.000000 0.000000 1.000000 0.000000 0.000000 1.000000 0.000000 0.000000 1.000000 0.000000 0.000000 1.000000 0.000000 0.000000 1.000000 0.000000 0.000000 0.999572 0.029220 -0.000947 0.999596 0.028428 -0.000473 0.999618 -0.027634 0.000000 1.000000 0.000000 0.000000 1.000000 0.000000 0.000000 1.000000 0.000000 0.000000 0.999618 0.027634 0.000000 -1.000000 0.000000 0.000000 -0.980845 -0.000000 0.194788 0.000000 0.027634 0.999618 -0.194657 0.027019 0.980499 -1.000000 -0.000000 -0.000000 -1.000000 0.000000 0.000000 -0.980193 -0.005564 0.197966 -0.980853 -0.000001 0.194752 -1.000000 0.000000 0.000000 -0.979444 0.201428 0.010772 0.999618 -0.027634 -0.000000 0.999618 -0.027634 -0.000000 1.000000 0.000000 0.000000 1.000000 0.000000 0.000000 1.000000 0.000000 0.000000 1.000000 0.000000 0.000000 1.000000 0.000000 0.000000 1.000000 0.000000 0.000000 0.999618 0.027634 -0.000000 0.999618 0.027634 -0.000000 0.999618 -0.027635 -0.000000 0.983607 -0.180323 -0.000028 0.983625 -0.180228 -0.000033 -1.000000 -0.000000 -0.000000 -1.000000 0.000000 0.000000 -1.000000 0.000000 0.000000 -1.000000 -0.000000 -0.000000 -1.000000 0.000000 0.000000 -1.000000 -0.000000 0.000000 -0.000353 -0.022252 -0.999752 -0.000330 -0.027488 -0.999622 -0.000502 -0.040989 -0.999159 -0.000706 -0.044493 -0.999009 -1.000000 -0.000003 0.000000 
						-1.000000 -0.000002 0.000000 -1.000000 -0.000002 -0.000000 -1.000000 -0.000003 0.000000 -0.000000 0.000000 -1.000000 -0.000000 0.000000 -1.000000 -0.000000 0.000000 -1.000000 -0.000000 0.000000 -1.000000 -0.000000 0.000000 -1.000000 -0.000000 0.017806 -0.999842 0.983614 0.180285 -0.000038 0.983367 0.181632 -0.000033 0.983351 0.181708 -0.001463 0.983602 0.180354 -0.000217 1.000000 0.000000 0.000000 0.999618 0.027635 -0.000000 1.000000 0.000000 0.000000 1.000000 0.000000 0.000000 0.194599 -0.980883 -0.000185 0.069872 -0.997556 0.000001 0.069871 0.997556 -0.000000 0.194570 0.980889 -0.000183 0.982703 0.185167 -0.002656 0.983617 0.180268 -0.000033 1.000000 0.000000 0.000000 0.999618 0.027634 -0.000000 1.000000 0.000000 0.000000 1.000000 0.000000 0.000000 0.999618 -0.027634 -0.000000 0.194418 -0.980919 -0.000249 0.069872 -0.997556 0.000001 0.044431 -0.000189 -0.999012 0.040716 -0.000006 -0.999171 0.040742 -0.000010 -0.999170 0.044431 -0.000189 -0.999012 -1.000000 -0.000000 -0.000000 -1.000000 0.000000 0.000000 -1.000000 0.000000 0.000000 -1.000000 -0.000000 -0.000000 -0.043055 0.067123 -0.996815 -0.097451 0.062378 -0.993284 -0.098086 0.062247 -0.993229 -0.043152 0.067126 -0.996811 0.035425 -0.005018 -0.999360 0.040704 0.000014 -0.999171 0.040731 0.000018 -0.999170 0.035488 -0.004905 -0.999358 0.179414 -0.983773 0.001382 0.066038 -0.997816 0.001471 0.000000 -0.998966 0.045473 0.000000 -0.998966 0.045473 -0.170706 -0.984303 0.044806 -0.192745 -0.980234 0.044620 -1.000000 0.000000 0.000000 -1.000000 0.000000 0.000000 0.999618 -0.027634 -0.000000 1.000000 0.000000 0.000000 1.000000 0.000000 0.000000 1.000000 0.000000 0.000000 0.999618 0.027634 -0.000000 0.069871 0.997556 -0.000000 0.194397 0.980923 -0.000248 0.983598 0.180374 -0.000181 0.983603 -0.180346 -0.000182 0.983624 0.180233 -0.000245 
						0.983628 -0.180213 -0.000246 0.983605 -0.180338 -0.000217 0.983587 -0.180434 -0.000011 0.983353 -0.181697 -0.001463 0.045473 0.000000 -0.998966 0.045473 0.000000 -0.998966 0.000000 0.026711 -0.999643 0.000000 0.053402 -0.998573 0.000000 0.053402 -0.998573 -0.000330 -0.027488 -0.999622 0.005136 -0.035828 -0.999345 0.005014 -0.035895 -0.999343 -0.000502 -0.040989 -0.999159 -0.000029 0.053211 -0.998583 -0.080258 0.052619 -0.995384 -0.000706 -0.044493 -0.999009 0.000000 -0.045473 -0.998966 0.004609 0.049149 -0.998781 0.005044 0.048779 -0.998797 0.044431 0.000189 -0.999012 0.044431 0.000189 -0.999012 0.982705 -0.185160 -0.002656 0.028360 -0.016890 -0.999455 0.028426 -0.016784 -0.999455 -0.051562 0.039408 0.997892 -0.029124 0.031133 0.999091 -0.029113 -0.031133 0.999091 -0.051556 -0.039409 0.997892 0.106258 -0.060743 -0.992481 0.111452 -0.061749 -0.991850 0.068771 -0.046239 -0.996560 0.058765 -0.040672 -0.997443 0.027438 -0.021069 -0.999401 0.010908 -0.008376 -0.999905 0.068772 0.046239 -0.996560 0.058760 0.040672 -0.997443 0.106266 0.060744 -0.992480 0.111458 0.061749 -0.991849 0.863542 0.504275 -0.001164 0.875282 0.483612 -0.001129 0.875282 0.483612 -0.001129 0.863542 0.504275 -0.001164 0.712162 0.702014 -0.001493 0.712162 0.702014 -0.001493 0.262370 0.964967 -0.001002 0.262370 0.964967 -0.001002 0.262377 -0.964965 -0.000999 0.262377 -0.964965 -0.000999 0.712172 -0.702003 -0.001483 0.712172 -0.702003 -0.001483 0.863557 -0.504250 -0.001156 0.875296 -0.483585 -0.001121 0.875296 -0.483585 -0.001121 0.863557 -0.504250 -0.001156 -0.037367 0.025138 0.998985 -0.080248 0.040938 0.995934 -0.080252 -0.040940 0.995934 -0.037360 -0.025137 0.998986 0.031470 0.016186 -0.999374 0.004609 0.049149 -0.998781 0.005044 0.048779 -0.998797 0.031630 0.015803 -0.999375 0.016863 -0.028675 -0.999447 0.016749 -0.028749 -0.999446 
						-0.080258 0.052619 -0.995384 -0.142610 0.054284 -0.988289 -1.000000 0.000000 0.000000 -1.000000 0.000000 0.000000 0.848874 0.528589 -0.002454 0.855501 0.517799 -0.001638 0.855501 0.517799 -0.001638 0.848874 0.528589 -0.002454 0.509916 0.860224 -0.000020 0.527261 0.849703 -0.000457 0.509953 -0.860202 -0.000021 0.527299 -0.849679 -0.000458 0.848896 -0.528555 -0.002456 0.855522 -0.517763 -0.001639 0.855522 -0.517763 -0.001639 0.848896 -0.528555 -0.002456 0.856232 0.516592 -0.000102 0.851406 0.524507 -0.000088 0.851406 0.524507 -0.000088 0.856232 0.516592 -0.000102 0.528580 0.848884 -0.000101 0.514756 0.857336 -0.000083 0.527496 -0.849557 0.000336 0.526348 -0.850268 0.000835 0.856001 -0.516974 0.000012 0.855695 -0.517480 0.000157 0.855695 -0.517480 0.000157 0.856001 -0.516974 0.000012 0.856165 0.516703 -0.000596 0.856165 0.516703 -0.000596 0.528508 0.848928 -0.000599 0.528554 -0.848899 -0.000601 0.856191 -0.516659 -0.000597 0.856191 -0.516659 -0.000597 0.856241 0.516576 -0.000090 0.856241 0.516576 -0.000090 0.528580 0.848883 -0.000090 0.528672 -0.848826 -0.000092 0.856299 -0.516480 -0.000092 0.856299 -0.516480 -0.000092 0.856232 0.516591 -0.000672 0.856232 0.516591 -0.000672 0.528503 0.848931 -0.000675 0.528559 -0.848896 -0.000681 0.856265 -0.516536 -0.000677 0.856265 -0.516536 -0.000677 0.856197 0.516650 -0.000497 0.856197 0.516650 -0.000497 0.528628 0.848853 -0.000498 0.528703 -0.848807 -0.000503 0.856241 -0.516576 -0.000501 0.856241 -0.516576 -0.000501 -0.922871 -0.384711 0.017510 -0.955630 -0.209018 0.207562 -0.380287 -0.923912 0.042056 -0.380287 -0.923912 0.042056 -0.383098 0.025700 0.923350 -0.383222 -0.000000 0.923656 -0.924109 -0.000000 0.382130 -0.924065 0.010395 0.382094 -0.383258 -0.000000 0.923641 -0.924115 -0.000001 0.382113 -0.383348 -0.000001 0.923604 -0.924143 -0.000001 0.382045 
						-0.383346 -0.025697 0.923247 -0.924146 -0.010390 0.381898 -0.172161 0.054422 0.983564 -0.382731 0.051041 0.922449 -0.955551 0.208609 0.208335 -0.172282 -0.054421 0.983543 -0.383039 -0.051035 0.922321 -0.923699 0.382573 0.020459 -0.382225 0.922751 0.049346 -0.382225 0.922751 0.049346 -0.171870 0.983714 0.052607 -0.193571 0.979686 0.052391 0.000000 0.998573 0.053402 0.000000 0.998573 0.053402 0.000000 -0.055247 0.998473 0.000000 0.055247 0.998473 0.000000 -0.045473 -0.998966 -0.000001 -0.991345 0.131283 0.000000 -1.000000 -0.000000 -0.000003 -0.965530 0.260294 -0.000009 -0.704951 0.709256 -0.000009 -0.498024 0.867163 -0.000009 -0.498024 0.867163 -0.000004 -0.129775 0.991543 0.000003 -0.130029 0.991510 0.000006 -0.498692 0.866779 0.000006 -0.498692 0.866779 0.000006 -0.705680 0.708531 0.000002 -0.965665 0.259789 0.000001 -0.991379 0.131024 0.000000 -1.000000 0.000000 0.000000 -1.000000 -0.000000 0.000000 -1.000000 -0.000000 0.000000 -1.000000 -0.000000 0.000000 -1.000000 -0.000000 0.000000 -1.000000 0.000000 0.000000 -1.000000 0.000000 0.000000 -1.000000 -0.000000 0.000000 -1.000000 -0.000000 0.000000 -1.000000 -0.000000 0.000000 -1.000000 -0.000000 0.000000 0.000000 -1.000000 0.000000 0.000000 -1.000000 0.000000 -0.015161 -0.999885 0.000000 0.000000 -1.000000 0.000000 0.000000 -1.000000 0.000000 0.000000 -1.000000 -0.000002 0.965650 0.259845 -0.000002 0.965650 0.259845 -0.000007 0.705608 0.708602 -0.000007 0.498624 0.866818 -0.000003 0.130001 0.991514 0.000002 0.130173 0.991491 0.000004 0.499076 0.866558 0.000004 0.706101 0.708111 0.000001 0.965742 0.259503 0.000001 0.991399 0.130877 0.000000 0.000000 -1.000000 0.000003 0.066173 0.997808 0.000006 0.066175 0.997808 0.000007 0.132026 0.991246 0.000000 0.132013 0.991248 0.000000 -0.132737 0.991151 0.000000 -0.132737 0.991151 
						0.000003 -0.066531 0.997784 0.000003 -0.066538 0.997784 0.000000 0.991660 0.128879 0.000000 0.991660 0.128879 -0.000005 0.991663 0.128861 -0.000005 0.991663 0.128861 0.034570 0.992402 0.118081 0.030223 0.992368 0.119548 0.182593 0.977636 0.104345 0.197008 0.974934 0.103394 0.004560 0.991802 0.127701 0.005668 0.991832 0.127424 0.178666 -0.979009 0.098076 0.173022 -0.979997 0.098328 0.022073 -0.993914 0.107928 0.022301 -0.993914 0.107879 0.000326 -0.993654 0.112484 0.000327 -0.993653 0.112484 0.980348 0.171480 0.097530 0.981112 0.166941 0.097728 0.994032 0.019583 0.107316 0.994033 0.019755 0.107274 0.000032 -0.132640 0.991164 0.000045 -0.066528 0.997784 0.000075 0.066196 0.997807 0.000091 0.131979 0.991252 0.061305 0.055917 0.996552 0.122978 0.045724 0.991355 0.099788 0.090572 0.990878 0.099788 0.090572 0.990878 0.099788 0.090572 0.990878 0.099788 0.090572 0.990878 0.049914 0.111464 0.992514 0.049662 -0.111998 0.992467 0.099438 -0.090992 0.990875 0.099438 -0.090992 0.990875 0.099438 -0.090992 0.990875 0.099438 -0.090992 0.990875 0.124966 -0.048625 0.990969 0.061149 -0.057466 0.996473 0.000048 0.000021 1.000000 0.000088 0.000015 1.000000 0.133299 0.012965 0.990991 0.152638 -0.012082 0.988208 0.000091 -0.000016 1.000000 0.000054 -0.000019 1.000000 0.994033 -0.019614 0.107306 0.994034 -0.019787 0.107263 0.993705 -0.000080 0.112028 0.993701 -0.000117 0.112064 0.993709 -0.000003 0.111997 0.993709 -0.000003 0.111997 0.993706 0.000080 0.112020 0.993702 0.000117 0.112052 0.000012 -0.000022 1.000000 0.000007 -0.000031 1.000000 0.000003 0.000035 1.000000 0.000011 0.000027 1.000000 0.000000 -0.993659 0.112434 0.000000 -0.993659 0.112434 0.158112 -0.008118 0.987388 0.191904 0.001426 0.981413 0.190924 0.003773 0.981597 0.199637 -0.017210 0.979719 
						0.153222 0.005169 0.988178 0.183277 0.021995 0.982815 0.980838 -0.168661 0.097524 0.979913 -0.174086 0.097281 0.856149 0.508365 0.092595 0.855833 0.508897 0.092593 0.855833 0.508897 0.092593 0.856149 0.508365 0.092595 0.538192 0.837538 0.094231 0.525607 0.845474 0.094395 0.522113 -0.847887 0.092115 0.517812 -0.850517 0.092151 0.850425 -0.518040 0.091714 0.852919 -0.513919 0.091740 0.852919 -0.513919 0.091740 0.850425 -0.518040 0.091714 0.000000 -0.993659 0.112434 0.000000 -0.993659 0.112434 0.000000 -0.993659 0.112434 0.000000 -0.993659 0.112434 0.000006 0.066175 0.997808 0.000010 0.000039 1.000000 0.000005 0.000030 1.000000 0.000005 -0.000033 1.000000 0.000008 -0.000040 1.000000 0.000005 -0.066540 0.997784 0.000004 -0.000001 1.000000 0.000004 -0.000004 1.000000 0.000005 0.000017 1.000000 0.000004 -0.000021 1.000000 0.000002 -0.000040 1.000000 -0.000002 0.000040 1.000000 0.000000 0.991660 0.128879 0.000000 0.991660 0.128879 0.000000 -0.132737 0.991151 0.000000 0.132013 0.991248 0.000000 -0.045473 -0.998966 0.593016 0.805189 0.001224 0.810374 0.585913 0.000178 0.808212 0.588892 0.000203 0.590939 0.806715 0.001224 0.964163 -0.265312 -0.000050 0.998959 0.045616 -0.000052 0.988513 0.045186 0.144226 0.958695 -0.253018 0.129944 0.935971 0.352078 -0.000048 0.931436 0.339686 0.130539 -0.781363 -0.624076 0.000040 -0.550271 -0.834986 0.000028 -0.541471 -0.831300 0.125498 -0.775943 -0.619987 0.116314 -0.964163 0.265311 0.000050 -0.998959 -0.045616 0.000052 -0.988522 -0.046294 0.143811 -0.958958 0.253084 0.127863 -0.935971 -0.352078 0.000048 -0.930886 -0.340355 0.132701 0.265310 0.964163 -0.000013 -0.045618 0.998959 0.000003 -0.047511 0.988440 0.143973 0.255032 0.958204 0.129626 -0.550271 -0.834986 0.000028 -0.265314 -0.964162 0.000013 -0.258442 -0.955762 0.140450 
						-0.541471 -0.831300 0.125498 0.352076 -0.935971 -0.000019 0.624076 -0.781364 -0.000033 0.616929 -0.778421 0.116009 0.342111 -0.930126 0.133513 -0.624079 0.781361 0.000033 -0.834987 0.550269 0.000044 -0.826006 0.551038 0.118617 -0.616188 0.776428 0.132179 -0.834987 0.550269 0.000044 -0.826006 0.551038 0.118617 -0.352081 0.935970 0.000019 -0.345633 0.927534 0.142189 0.781362 0.624078 -0.000040 0.550268 0.834988 -0.000028 0.542532 0.833023 0.108310 0.779289 0.617574 0.106353 0.045614 -0.998959 -0.000003 0.043919 -0.988424 0.145221 0.834986 -0.550271 -0.000044 0.829971 -0.546751 0.110504 0.834986 -0.550271 -0.000044 0.829971 -0.546751 0.110504 0.781362 0.624078 -0.000040 0.779289 0.617574 0.106353 -0.002929 0.128612 0.991691 0.050707 0.142502 0.988495 0.154152 0.502411 0.850776 -0.017512 0.480779 0.876667 0.226844 0.840712 0.491677 -0.038174 0.662504 0.748085 -0.038197 0.956721 0.288490 0.226844 0.840712 0.491677 0.301160 -0.811067 0.501471 0.046424 -0.955507 0.291293 0.026091 -0.659860 0.750935 0.301160 -0.811067 0.501471 0.192820 -0.475577 0.858281 0.024013 -0.477001 0.878574 0.059412 -0.131852 0.989487 0.007268 -0.126887 0.991891 0.104769 0.140835 0.984474 0.133265 0.115165 0.984366 0.247711 0.185927 0.950826 0.156633 0.259453 0.952969 0.450858 0.631700 0.630621 0.595882 0.501255 0.627429 0.709061 0.561412 0.426672 0.492080 0.755361 0.432765 0.492080 0.755361 0.432765 0.709061 0.561412 0.426672 0.750529 -0.494399 0.438494 0.553512 -0.697842 0.454578 0.553512 -0.697842 0.454578 0.750529 -0.494399 0.438494 0.635716 -0.420029 0.647643 0.482385 -0.572854 0.662679 0.172111 -0.227860 0.958362 0.251387 -0.165164 0.953690 0.139103 -0.092030 0.985992 0.105580 -0.122061 0.986891 0.146278 -0.053638 0.987788 0.505739 -0.158131 0.848070 0.840355 -0.225919 0.492712 
						0.840355 -0.225919 0.492712 0.750529 -0.494399 0.438494 0.139354 0.065604 0.988067 0.127703 0.005769 0.991796 0.479256 0.021792 0.877404 0.487043 0.201933 0.849713 0.662449 0.030408 0.748489 0.815430 0.301411 0.494192 0.815430 0.301411 0.494192 0.956193 0.043551 0.289481 -0.263964 -0.922928 0.280226 -0.479568 -0.734184 0.480613 -0.479568 -0.734184 0.480613 -0.163870 -0.652052 0.740254 -0.137574 -0.471776 0.870919 -0.300509 -0.438624 0.846938 -0.040258 -0.127243 0.991054 -0.089257 -0.121961 0.988513 -0.738057 0.491678 0.462086 -0.539768 0.678907 0.497730 -0.539768 0.678907 0.497730 -0.738057 0.491678 0.462086 -0.637397 0.387912 0.665769 -0.323273 0.396241 0.859353 -0.225458 0.161837 0.960717 -0.138600 0.081509 0.986989 -0.090975 0.107623 0.990021 -0.695687 -0.555870 0.455003 -0.812456 -0.300756 0.499460 -0.582333 -0.463962 0.667553 -0.480493 -0.197807 0.854400 -0.480493 -0.197807 0.854400 -0.223532 -0.179085 0.958103 -0.124178 -0.098842 0.987325 -0.135561 -0.062885 0.988771 -0.956616 -0.041113 0.288438 -0.843374 0.226492 0.487258 -0.663523 -0.034206 0.747373 -0.480659 -0.019956 0.876681 -0.511296 0.159884 0.844401 -0.511296 0.159884 0.844401 -0.480659 -0.019956 0.876681 -0.128291 -0.004532 0.991726 -0.148917 0.054816 0.987329 -0.049117 0.121159 0.991417 -0.175702 0.453095 0.873976 -0.225424 0.629007 0.743999 -0.343676 0.894955 0.284502 0.154152 0.502411 0.850776 0.450858 0.631700 0.630621 0.709061 0.561412 0.426672 -0.479568 -0.734184 0.480613 -0.300509 -0.438624 0.846938 -0.738057 0.491678 0.462086 -0.637397 0.387912 0.665769 0.314100 0.949389 0.001011 0.311563 0.950225 0.001007 0.964163 0.265312 0.000050 0.998959 -0.045616 0.000052 0.988512 -0.045187 -0.144227 0.958695 0.253019 -0.129944 0.935970 -0.352079 0.000048 0.931436 -0.339686 -0.130540 -0.781363 0.624076 -0.000040 
						-0.550271 0.834986 -0.000028 -0.541471 0.831300 -0.125499 -0.775944 0.619986 -0.116314 -0.964163 -0.265312 -0.000051 -0.998959 0.045616 -0.000052 -0.988522 0.046294 -0.143811 -0.958957 -0.253086 -0.127864 -0.935971 0.352078 -0.000048 -0.930886 0.340355 -0.132700 0.265310 -0.964163 0.000013 -0.045618 -0.998959 -0.000003 -0.047512 -0.988440 -0.143973 0.255032 -0.958204 -0.129626 -0.265314 0.964162 -0.000013 -0.258441 0.955763 -0.140450 0.352077 0.935971 0.000019 0.624076 0.781363 0.000033 0.616927 0.778423 -0.116010 0.342110 0.930126 -0.133513 -0.624079 -0.781361 -0.000033 -0.834987 -0.550269 -0.000044 -0.826005 -0.551040 -0.118618 -0.616187 -0.776429 -0.132181 -0.352080 -0.935970 -0.000019 -0.624079 -0.781361 -0.000033 -0.616187 -0.776429 -0.132181 -0.345632 -0.927535 -0.142190 0.781362 -0.624078 0.000040 0.550268 -0.834988 0.000028 0.542534 -0.833022 -0.108309 0.779290 -0.617572 -0.106352 -0.781363 0.624076 -0.000040 -0.775944 0.619986 -0.116314 0.045613 0.998959 0.000003 0.043919 0.988424 -0.145220 0.834986 0.550271 0.000044 0.829970 0.546753 -0.110505 0.834986 0.550271 0.000044 0.829970 0.546753 -0.110505 0.781362 -0.624078 0.000040 0.779290 -0.617572 -0.106352 -0.002931 -0.128613 -0.991691 0.050705 -0.142500 -0.988495 0.154149 -0.502409 -0.850778 -0.017513 -0.480779 -0.876667 -0.017513 -0.480779 -0.876667 0.154149 -0.502409 -0.850778 0.226844 -0.840711 -0.491677 -0.038174 -0.662504 -0.748085 -0.038199 -0.956721 -0.288489 0.301158 0.811068 -0.501470 0.046425 0.955507 -0.291292 0.026090 0.659860 -0.750936 0.301158 0.811068 -0.501470 0.192822 0.475578 -0.858280 0.024013 0.477000 -0.878575 0.024013 0.477000 -0.878575 0.192822 0.475578 -0.858280 0.059414 0.131851 -0.989487 0.007268 0.126886 -0.991891 0.104762 -0.140833 -0.984475 0.133260 -0.115165 -0.984367 0.247703 -0.185926 -0.950829 0.156623 -0.259449 -0.952972 
						0.450854 -0.631699 -0.630624 0.595880 -0.501255 -0.627432 0.709062 -0.561410 -0.426672 0.492081 -0.755361 -0.432766 0.492081 -0.755361 -0.432766 0.709062 -0.561410 -0.426672 0.616927 0.778423 -0.116010 0.750527 0.494399 -0.438495 0.553511 0.697843 -0.454578 0.635717 0.420027 -0.647643 0.482389 0.572852 -0.662677 0.172110 0.227862 -0.958362 0.251382 0.165166 -0.953691 0.139101 0.092032 -0.985992 0.105578 0.122061 -0.986891 0.146277 0.053639 -0.987788 0.505736 0.158132 -0.848072 0.840355 0.225919 -0.492710 0.139354 -0.065604 -0.988067 0.127700 -0.005769 -0.991796 0.479258 -0.021792 -0.877403 0.487043 -0.201932 -0.849713 0.662457 -0.030408 -0.748482 0.815432 -0.301408 -0.494189 0.956192 -0.043552 -0.289482 -0.263963 0.922929 -0.280226 -0.479568 0.734184 -0.480612 -0.479568 0.734184 -0.480612 -0.163872 0.652052 -0.740253 -0.137575 0.471775 -0.870920 -0.300507 0.438623 -0.846939 -0.040257 0.127238 -0.991055 -0.089256 0.121959 -0.988514 -0.616187 -0.776429 -0.132181 -0.826005 -0.551040 -0.118618 -0.738056 -0.491681 -0.462087 -0.539768 -0.678907 -0.497730 -0.637397 -0.387914 -0.665768 -0.323275 -0.396242 -0.859352 -0.225461 -0.161836 -0.960717 -0.138598 -0.081508 -0.986989 -0.090976 -0.107625 -0.990020 -0.930886 0.340355 -0.132700 -0.775944 0.619986 -0.116314 -0.695687 0.555871 -0.455002 -0.812458 0.300756 -0.499459 -0.582333 0.463965 -0.667552 -0.480493 0.197807 -0.854400 -0.223529 0.179084 -0.958104 -0.124178 0.098841 -0.987325 -0.135560 0.062884 -0.988772 -0.958957 -0.253086 -0.127864 -0.988522 0.046294 -0.143811 -0.956615 0.041112 -0.288439 -0.843373 -0.226494 -0.487261 -0.663524 0.034206 -0.747373 -0.480658 0.019956 -0.876681 -0.511297 -0.159884 -0.844401 -0.128287 0.004532 -0.991727 -0.148913 -0.054815 -0.987330 -0.049117 -0.121162 -0.991417 -0.002931 -0.128613 -0.991691 -0.017513 -0.480779 -0.876667 -0.175704 -0.453095 -0.873975 
						-0.175704 -0.453095 -0.873975 -0.225427 -0.629007 -0.743998 -0.343674 -0.894956 -0.284504 -0.163872 0.652052 -0.740253 -0.137575 0.471775 -0.870920 0.024013 0.477000 -0.878575 0.007268 0.126886 -0.991891 0.450854 -0.631699 -0.630624 0.553511 0.697843 -0.454578 0.301158 0.811068 -0.501470 0.192822 0.475578 -0.858280 -0.695687 0.555871 -0.455002 -0.539768 -0.678907 -0.497730 -0.225427 -0.629007 -0.743998 -0.000030 -0.000002 1.000000 -0.000030 -0.000002 1.000000 -0.000030 -0.000002 1.000000 -0.000030 -0.000002 1.000000 -0.000030 -0.000002 1.000000 -0.000030 -0.000002 1.000000 -0.000030 -0.000002 1.000000 -0.000030 -0.000002 1.000000 -0.000030 -0.000002 1.000000 -0.000030 -0.000002 1.000000 -0.000030 -0.000002 1.000000 -0.000030 -0.000002 1.000000 -0.000030 -0.000002 1.000000 -0.000030 -0.000002 1.000000 -0.000030 -0.000002 1.000000 -0.000030 -0.000002 1.000000 -0.000030 -0.000002 1.000000 -0.000030 -0.000002 1.000000 -0.000030 -0.000002 1.000000 -0.000030 -0.000002 1.000000 0.000024 -0.000002 1.000000 0.000033 -0.000005 1.000000 0.000033 0.000002 1.000000 0.000023 -0.000002 1.000000 0.000042 -0.000009 1.000000 0.000031 -0.000001 1.000000 0.000031 -0.000003 1.000000 0.000041 0.000007 1.000000 0.000027 -0.000009 1.000000 0.000027 0.000004 1.000000 0.000029 -0.000002 1.000000 0.000026 -0.000001 1.000000 0.000026 0.000001 1.000000 0.000029 -0.000000 1.000000 0.000027 -0.000004 1.000000 0.000029 -0.000003 1.000000 0.000032 -0.000007 1.000000 0.000030 -0.000001 1.000000 0.000031 0.000005 1.000000 0.000026 -0.000003 1.000000 0.000024 -0.000001 -1.000000 0.000035 0.000003 -1.000000 0.000030 -0.000006 -1.000000 0.000022 -0.000001 -1.000000 0.000043 0.000008 -1.000000 0.000034 0.000001 -1.000000 0.000033 0.000003 -1.000000 0.000041 -0.000009 -1.000000 0.000028 0.000009 -1.000000 0.000030 -0.000005 -1.000000 
						0.000031 0.000002 -1.000000 0.000024 -0.000001 -1.000000 0.000027 -0.000001 -1.000000 -0.089256 0.121959 -0.988514 -0.040257 0.127238 -0.991055 0.000035 0.000000 -1.000000 0.000028 0.000002 -1.000000 -0.090976 -0.107625 -0.990020 -0.138598 -0.081508 -0.986989 0.000026 0.000003 -1.000000 0.000027 0.000006 -1.000000 -0.135560 0.062884 -0.988772 -0.124178 0.098841 -0.987325 0.000036 0.000001 -1.000000 0.000041 -0.000004 -1.000000 -0.148913 -0.054815 -0.987330 -0.128287 0.004532 -0.991727 0.000025 -0.000001 -1.000000 -0.049117 -0.121162 -0.991417 0.810374 0.585913 0.000178 0.950638 0.310300 -0.000717 0.949751 0.313006 -0.000719 0.808212 0.588892 0.000203 0.999999 -0.001433 0.000005 0.999999 0.001435 -0.000005 0.949751 -0.313007 0.000719 0.950638 -0.310301 0.000717 0.808210 -0.588894 -0.000203 0.810373 -0.585914 -0.000178 0.808210 -0.588894 -0.000203 0.590939 -0.806715 -0.001224 0.593016 -0.805189 -0.001224 0.810373 -0.585914 -0.000178 0.311563 -0.950225 -0.001007 0.314100 -0.949389 -0.001011 0.000832 -1.000000 -0.000273 0.003451 -0.999994 -0.000281 -0.309933 -0.950758 0.000605 -0.307476 -0.951555 0.000599 -0.590907 -0.806739 0.001303 -0.588942 -0.808174 0.001298 -0.590907 -0.806739 0.001303 -0.809540 -0.587065 0.000245 -0.807130 -0.590373 0.000281 -0.588942 -0.808174 0.001298 -0.950124 -0.311872 -0.001029 -0.949279 -0.314435 -0.001030 -0.999999 0.001179 0.000007 -0.999999 -0.001180 -0.000007 -0.949279 0.314435 0.001030 -0.950123 0.311872 0.001029 -0.807130 0.590374 -0.000281 -0.809540 0.587065 -0.000245 -0.807130 0.590374 -0.000281 -0.588942 0.808174 -0.001298 -0.590907 0.806739 -0.001303 -0.809540 0.587065 -0.000245 -0.307477 0.951555 -0.000599 -0.309934 0.950758 -0.000605 0.003450 0.999994 0.000281 0.000831 1.000000 0.000273 0.001283 0.270608 -0.962689 0.003450 0.747560 -0.664185 0.003451 0.747741 -0.663982 
						0.002680 0.999133 -0.041551 0.004360 0.985341 -0.170540 0.067593 -0.252340 -0.965275 0.001279 -0.269756 -0.962928 0.000645 -0.136192 -0.990682 0.039864 -0.147622 -0.988240 0.189508 -0.707075 -0.681272 0.003436 -0.744621 -0.667479 0.003437 -0.744837 -0.667238 0.190485 -0.706811 -0.681274 0.002665 -0.998844 -0.047998 0.004354 -0.984205 -0.176979 0.001964 -0.848242 0.529606 0.000232 -0.979250 0.202656 0.007349 -0.514434 0.857498 0.001964 -0.848242 0.529606 0.219122 -0.849787 0.479424 0.017667 -0.192835 0.981072 0.001809 0.856707 0.515799 0.000238 0.978761 0.205003 0.006972 0.553172 0.833038 0.007349 0.514436 0.857498 0.006972 0.553172 0.833038 0.000000 -0.000008 -1.000000 0.000000 -0.000016 -1.000000 0.000000 0.000008 -1.000000 0.000000 0.000008 -1.000000 0.000000 0.000016 -1.000000 0.000000 -0.000008 -1.000000 0.035364 -0.011124 0.999313 0.035364 0.011124 0.999313 -0.999460 -0.000000 0.032872 -0.982855 -0.181525 0.032326 -0.982855 -0.181525 0.032326 -0.999460 -0.000000 0.032872 0.999460 0.000000 -0.032872 0.999460 -0.000114 -0.032872 0.999460 -0.000114 -0.032872 0.999460 0.000000 -0.032872 0.000648 -0.136623 -0.990623 0.000000 0.000000 -1.000000 0.000000 0.000000 -1.000000 0.000000 0.000000 -1.000000 0.000000 0.000000 -1.000000 0.000000 0.000000 -1.000000 0.000000 0.000000 -1.000000 0.000000 0.000000 -1.000000 0.000000 1.000000 0.000000 0.000000 1.000000 0.000000 0.000000 -1.000000 0.000000 0.000000 -1.000000 0.000000 0.000000 0.000000 -1.000000 0.000000 0.000000 -1.000000 0.000000 0.000000 -1.000000 0.033374 -0.000000 0.999443 0.007349 -0.514434 0.857498 0.032871 -0.000000 0.999460 0.032871 -0.000000 0.999460 0.032871 -0.001990 0.999458 0.032871 -0.001990 0.999458 0.032871 0.001990 0.999458 0.032871 0.001990 0.999458 0.999460 0.000114 -0.032872 0.999460 0.000114 -0.032872 
						-0.982855 0.181525 0.032326 -0.982855 0.181525 0.032326 0.023537 -0.999723 -0.000774 0.023537 -0.999723 -0.000774 0.023537 -0.999723 -0.000774 0.023537 -0.999723 -0.000774 0.023537 0.999723 -0.000774 0.023537 0.999723 -0.000774 0.023537 0.999723 -0.000774 0.023537 0.999723 -0.000774 -0.500000 0.866026 0.000000 -0.495624 0.858447 0.132007 -0.000000 0.991249 0.132004 -0.258820 0.965926 0.000000 0.866026 0.499999 0.000000 0.858447 0.495625 0.132003 0.991249 0.000001 0.132007 1.000000 0.000000 0.000000 0.858448 -0.495623 0.132003 0.965926 -0.258818 0.000000 0.707106 -0.707107 0.000000 0.858448 -0.495623 0.132003 0.495626 -0.858447 0.132000 0.499999 -0.866026 -0.000000 0.000000 -0.991249 0.132003 0.000000 -1.000000 0.000000 -0.495624 -0.858447 0.132006 -0.499999 -0.866026 0.000000 -0.499999 -0.866026 0.000000 -0.495624 -0.858447 0.132006 -0.858446 -0.495626 0.132007 -0.707106 -0.707107 0.000000 -0.965926 -0.258819 -0.000000 -0.991249 -0.000001 0.132006 -0.965926 -0.258819 -0.000000 -0.965926 0.258819 0.000000 -0.858447 0.495625 0.132007 -0.965926 0.258819 0.000000 -0.707106 0.707107 0.000000 -0.858447 0.495625 0.132007 0.258819 0.965926 0.000000 0.495625 0.858447 0.132000 0.258819 0.965926 0.000000 0.707107 0.707106 0.000000 0.858447 0.495625 0.132003 0.866026 0.499999 0.000000 0.000001 0.000000 -1.000000 0.000001 0.000000 -1.000000 0.000001 0.000000 -1.000000 0.000001 0.000000 -1.000000 0.000001 0.000000 -1.000000 0.000001 0.000000 -1.000000 0.000001 0.000000 -1.000000 0.000001 0.000000 -1.000000 0.000001 0.000000 -1.000000 0.000001 0.000000 -1.000000 0.000001 0.000000 -1.000000 0.000001 0.000000 -1.000000 0.000000 0.963613 0.267300 0.481811 0.834514 0.267292 0.347371 0.601662 0.719261 -0.000002 0.694739 0.719262 -0.000001 0.519652 0.854378 0.259825 0.450032 0.854378 
						-0.000000 0.146890 0.989153 0.073443 0.127210 0.989153 0.834513 0.481809 0.267298 0.601668 0.347367 0.719258 0.450032 0.259825 0.854378 0.127205 0.073445 0.989154 0.834513 0.481809 0.267298 0.963611 0.000002 0.267307 0.694740 -0.000001 0.719261 0.519655 -0.000001 0.854376 0.146896 0.000000 0.989152 0.834516 -0.481804 0.267297 0.601659 -0.347370 0.719264 0.450036 -0.259826 0.854376 0.127219 -0.073445 0.989152 0.834516 -0.481804 0.267297 0.481813 -0.834512 0.267292 0.347367 -0.601664 0.719261 0.259824 -0.450032 0.854378 0.073444 -0.127210 0.989153 0.000000 -0.963614 0.267299 0.000000 -0.694740 0.719261 -0.000001 -0.519652 0.854378 -0.000001 -0.146890 0.989153 -0.481808 -0.834512 0.267304 -0.347367 -0.601663 0.719262 -0.259826 -0.450033 0.854378 -0.073446 -0.127211 0.989153 -0.481808 -0.834512 0.267304 -0.834511 -0.481808 0.267307 -0.601664 -0.347370 0.719260 -0.347367 -0.601663 0.719262 -0.259826 -0.450033 0.854378 -0.450035 -0.259827 0.854376 -0.450035 -0.259827 0.854376 -0.127214 -0.073446 0.989152 -0.963612 -0.000002 0.267304 -0.694743 0.000000 0.719258 -0.519654 0.000000 0.854377 -0.519654 0.000000 0.854377 -0.146889 0.000000 0.989153 -0.834512 0.481806 0.267305 -0.601664 0.347371 0.719259 -0.450034 0.259827 0.854377 -0.450034 0.259827 0.854377 -0.127211 0.073446 0.989153 -0.834512 0.481806 0.267305 -0.481808 0.834511 0.267305 -0.347370 0.601663 0.719261 -0.601664 0.347371 0.719259 -0.259830 0.450033 0.854377 -0.073449 0.127212 0.989152 -0.064649 0.970436 0.232538 -0.064651 -0.970436 0.232539 -0.295955 -0.000029 0.955202 -0.297944 -0.080818 0.951156 -0.484152 -0.000018 0.874984 -0.487014 -0.084109 0.869335 0.832417 0.000000 0.554150 0.832417 0.000000 0.554150 0.832417 0.000000 0.554150 0.832417 0.000000 0.554150 -0.999975 0.000000 -0.007068 -0.999975 0.000000 -0.007068 
						0.000001 -1.000000 0.000004 -0.000001 -1.000000 0.000006 -0.000001 -1.000000 0.000006 0.000001 -1.000000 0.000004 0.832417 0.000000 0.554150 0.832417 0.000000 0.554150 -0.297944 0.080818 0.951156 -0.295955 0.000029 0.955202 -0.484152 0.000018 0.874984 -0.247385 0.569081 0.784186 -0.289110 0.278034 0.916031 -0.157247 0.847381 0.507167 -0.247385 0.569081 0.784186 -0.475257 -0.277767 0.834851 -0.408649 -0.559322 0.721225 -0.247388 -0.569081 0.784185 -0.289111 -0.278033 0.916031 -0.408649 -0.559322 0.721225 -0.157250 -0.847381 0.507166 -0.247388 -0.569081 0.784185 -0.484152 -0.000018 0.874984 -0.554507 -0.000000 0.832179 -0.486416 -0.000006 0.873727 -0.486407 -0.000000 0.873732 -0.554507 -0.000000 0.832179 -0.089409 -0.000004 0.995995 -0.006600 -0.000000 0.999978 -0.006601 -0.000000 0.999978 -0.089410 0.000000 0.995995 -0.006601 0.000000 0.999978 -0.089409 0.000004 0.995995 -0.486416 0.000006 0.873727 -0.554507 0.000000 0.832179 -0.295825 -0.000000 0.955242 -0.295829 -0.000009 0.955241 -0.486407 -0.000000 0.873732 -0.486416 -0.000006 0.873727 -0.295829 0.000009 0.955241 -0.486416 0.000006 0.873727 -0.000001 1.000000 0.000006 -0.000001 1.000000 0.000006 0.000000 -1.000000 0.000002 0.000000 -1.000000 0.000002 -0.990475 0.000000 0.137696 -0.998747 -0.000000 0.050033 -0.998747 -0.000000 0.050033 -0.990475 -0.000000 0.137695 -0.990475 0.000000 0.137695 -0.998747 -0.000000 0.050033 -0.622269 0.001716 0.782802 -0.601233 0.004019 0.799064 -0.600968 0.004017 0.799263 -0.614506 0.004127 0.788902 -0.632917 -0.003003 0.774214 0.000053 -1.000000 0.000040 0.305840 -0.923856 0.230113 0.305536 -0.923710 0.231099 -0.000277 -1.000000 0.000209 -0.581364 0.001533 0.813642 -0.577552 -0.001162 0.816353 -0.587508 0.003908 0.809208 -0.565007 0.707141 -0.425110 -0.738246 0.382707 -0.555453 -0.746234 0.381677 -0.545397 
						-0.570013 0.706154 -0.420038 0.799080 -0.000000 0.601224 0.738262 0.382659 0.555465 0.735684 0.382307 0.559116 0.795987 -0.000000 0.605314 -0.600968 -0.004017 0.799263 -0.587509 -0.003908 0.809209 -0.577552 0.001162 0.816353 -0.581364 -0.001532 0.813642 -0.601233 -0.004019 0.799064 -0.632917 0.003003 0.774214 -0.614506 -0.004127 0.788902 -0.622269 -0.001716 0.782801 -0.305749 0.923903 -0.230044 -0.565007 0.707141 -0.425110 -0.570013 0.706154 -0.420038 -0.307748 0.923559 -0.228756 -0.574457 0.002046 0.818533 -0.575860 0.000583 0.817548 -0.571550 0.000000 0.820567 -0.571550 0.000000 0.820567 -0.571542 0.005072 0.820557 -0.574457 -0.002045 0.818532 -0.571543 -0.005071 0.820557 -0.575861 -0.000583 0.817547 -0.939769 -0.000001 0.341811 -0.939769 0.000000 0.341811 -0.827892 -0.000122 0.560887 -0.827892 -0.000000 0.560887 -0.674137 -0.001301 0.738605 -0.700101 -0.000000 0.714044 -0.939769 0.000001 0.341811 -0.827892 0.000122 0.560887 -0.674138 0.001300 0.738604 0.000000 1.000000 0.000000 0.000000 1.000000 0.000000 -0.643663 -0.000000 0.765309 -0.643644 0.007520 0.765288 -0.629275 0.000477 0.777183 -0.643644 -0.007520 0.765288 -0.643644 -0.007520 0.765288 -0.629274 -0.000477 0.777184 -0.645556 0.252214 0.720865 -0.569050 0.530356 0.628414 -0.565900 0.292234 0.770945 -0.584035 0.180748 0.791349 0.000000 -1.000000 0.000000 0.000000 -1.000000 0.000000 -0.305749 -0.923903 -0.230044 -0.307748 -0.923559 -0.228755 0.305840 0.923856 0.230113 0.000053 1.000000 0.000040 -0.000277 1.000000 0.000209 0.305536 0.923711 0.231099 0.565061 -0.707074 0.425150 0.738261 -0.382660 0.555466 0.735684 -0.382308 0.559116 0.563694 -0.706681 0.427611 0.738262 0.382659 0.555465 0.565062 0.707073 0.425150 0.563694 0.706680 0.427612 0.735684 0.382307 0.559116 -0.565009 -0.707140 -0.425109 -0.570014 -0.706152 -0.420039 
						0.738261 -0.382660 0.555466 0.735684 -0.382308 0.559116 -0.738246 -0.382707 -0.555453 -0.565009 -0.707140 -0.425109 -0.570014 -0.706152 -0.420039 -0.746179 -0.381676 -0.545473 -0.783726 -0.195089 -0.589672 -0.793045 -0.194826 -0.577168 -0.799081 0.000000 -0.601224 -0.808572 0.000007 -0.588397 -0.727615 0.384559 -0.568059 -0.552933 0.709653 -0.436643 0.771644 0.000000 0.636055 0.713650 -0.381176 0.587714 0.003417 0.999989 0.003140 0.299233 0.922296 0.244601 -0.552933 0.709653 -0.436643 -0.295664 0.925587 -0.236372 0.548126 -0.704936 0.450136 0.299233 -0.922296 0.244601 -0.552936 -0.709651 -0.436643 -0.727539 -0.384558 -0.568157 -0.790012 0.000007 -0.613092 -0.295664 -0.925587 -0.236371 -0.552936 -0.709651 -0.436643 0.548126 0.704936 0.450137 0.713650 0.381177 0.587715 0.713650 -0.381176 0.587714 0.003417 -0.999989 0.003140 -0.774564 -0.194959 -0.601699 0.713650 0.381177 0.587715 0.001340 0.999998 0.001726 0.284214 0.922995 0.259429 -0.753267 0.000007 -0.657715 -0.694479 0.382782 -0.609243 0.680714 -0.381691 0.625253 0.522337 -0.705755 0.478617 0.522338 0.705754 0.478618 -0.284233 0.924455 -0.254154 0.284213 -0.922995 0.259428 0.001340 -0.999998 0.001726 -0.284233 -0.924455 -0.254154 -0.694407 -0.382785 -0.609324 -0.738734 -0.194819 -0.645227 0.680714 0.381691 0.625252 0.680714 0.381691 0.625252 0.736203 -0.000000 0.676760 -0.529085 0.707580 -0.468401 0.680714 -0.381691 0.625253 -0.529086 -0.707580 -0.468400 -0.529085 0.707580 -0.468401 -0.529086 -0.707580 -0.468400 0.002977 0.999990 0.003187 0.271536 0.922444 0.274526 0.002978 -0.999990 0.003187 -0.267983 -0.925567 -0.267416 -0.657956 -0.384731 -0.647361 -0.700145 -0.195071 -0.686836 0.522338 0.705754 0.478618 0.497856 0.705185 0.504830 0.648525 0.381367 0.658767 0.701340 -0.000000 0.712826 -0.658007 0.384730 -0.647310 -0.500499 0.709763 -0.495719 
						0.648525 -0.381368 0.658767 -0.500499 0.709763 -0.495719 -0.267983 0.925567 -0.267416 0.497856 -0.705186 0.504829 0.271536 -0.922444 0.274526 0.522337 -0.705755 0.478617 0.497856 -0.705186 0.504829 -0.500499 -0.709763 -0.495719 -0.500499 -0.709763 -0.495719 -0.714110 0.000008 -0.700034 0.497856 0.705185 0.504830 0.480633 0.707139 0.518601 0.627999 0.382707 0.677608 0.260090 -0.923903 0.280635 -0.000046 -1.000000 -0.000050 -0.628011 0.382659 -0.677624 -0.480678 0.707074 -0.518648 0.628000 -0.382708 0.677606 0.480633 -0.707139 0.518600 0.679750 0.000000 0.733444 -0.260169 -0.923855 -0.280720 -0.480679 -0.707073 -0.518647 -0.480678 0.707074 -0.518648 -0.260169 0.923855 -0.280720 0.480633 -0.707139 0.518600 -0.000046 1.000000 -0.000051 0.260089 0.923904 0.280635 -0.480679 -0.707073 -0.518647 -0.628015 -0.382659 -0.677620 -0.679747 0.000004 -0.733446 0.480633 0.707139 0.518601 -0.666690 -0.195084 -0.719352 0.272236 0.923645 0.269753 0.012007 0.999866 -0.011096 -0.142040 0.981050 0.131778 0.113652 0.905975 0.407791 0.733270 0.000232 -0.679937 0.733158 0.000165 -0.680058 0.655030 -0.209521 -0.725973 0.605052 -0.160255 -0.779891 0.733434 0.000000 -0.679761 0.733385 0.000167 -0.679814 0.856793 0.087017 -0.508265 0.868584 0.000001 -0.495542 0.733110 -0.000002 -0.680110 0.713993 -0.226964 -0.662345 0.492219 0.706826 0.508053 0.329060 0.693190 0.641255 -0.617204 -0.382566 -0.687533 -0.469343 -0.706828 -0.529255 -0.614495 -0.693210 -0.376638 -0.759378 -0.375112 -0.531635 0.638887 0.382556 0.667439 0.492219 0.706826 0.508053 0.329060 0.693190 0.641255 0.472689 0.375087 0.797418 -0.655940 -0.195035 -0.729181 -0.795221 -0.191417 -0.575312 -0.617213 0.382563 -0.687527 -0.669094 -0.000000 -0.743178 -0.810208 0.000001 -0.586142 -0.759385 0.375111 -0.531627 -0.469347 0.706824 -0.529257 -0.614496 0.693208 -0.376639 
						-0.248340 0.923650 -0.291888 -0.397950 0.906004 -0.144193 0.638888 -0.382554 0.667439 0.690483 0.000000 0.723348 0.523225 0.000000 0.852194 0.472689 -0.375087 0.797418 -0.469347 0.706824 -0.529257 -0.614496 0.693208 -0.376639 -0.469343 -0.706828 -0.529255 -0.248335 -0.923651 -0.291888 -0.397949 -0.906005 -0.144192 -0.614495 -0.693210 -0.376638 0.012008 -0.999866 -0.011099 -0.142039 -0.981050 0.131779 0.272235 -0.923646 0.269753 0.492217 -0.706826 0.508054 0.329058 -0.693191 0.641254 0.113651 -0.905975 0.407790 0.733386 -0.000167 -0.679813 0.856793 -0.087017 -0.508266 0.733158 -0.000165 -0.680058 0.733270 -0.000231 -0.679937 0.605050 0.160256 -0.779893 0.655031 0.209521 -0.725972 0.733382 0.000165 -0.679816 0.571676 -0.086716 -0.815884 0.733158 -0.000168 -0.680058 0.733273 -0.000234 -0.679935 0.823235 -0.160685 -0.544485 0.773054 -0.209834 -0.598630 0.733435 0.000099 -0.679759 0.579999 -0.040180 -0.813626 0.733157 0.000165 -0.680059 0.733110 -0.000000 -0.680110 0.713995 0.226956 -0.662346 0.773054 0.209826 -0.598632 -0.260439 -0.923604 -0.281296 0.000125 -1.000000 0.000135 -0.141973 -0.981061 0.131765 -0.397604 -0.906141 -0.144290 0.733271 0.000234 -0.679936 0.823236 0.160684 -0.544485 0.733382 -0.000163 -0.679817 0.733436 0.000003 -0.679759 0.559969 0.000002 -0.828514 0.571679 0.086717 -0.815882 0.492217 -0.706826 0.508054 0.329058 -0.693191 0.641254 0.627750 0.382382 0.678022 0.480820 0.706478 0.519326 0.329464 0.693085 0.641160 0.473583 0.375127 0.796868 0.260592 -0.923510 0.281461 0.480820 -0.706479 0.519326 0.329466 -0.693083 0.641161 0.113545 -0.906016 0.407728 0.000125 1.000000 0.000135 -0.260439 0.923604 -0.281296 -0.397601 0.906142 -0.144291 -0.141977 0.981060 0.131770 -0.480755 0.706576 -0.519255 -0.613913 0.693224 -0.377560 0.627750 -0.382382 0.678022 0.679380 -0.000000 0.733787 
						0.524262 0.000000 0.851557 0.473588 -0.375126 0.796866 0.260592 0.923510 0.281461 0.113542 0.906016 0.407729 -0.666341 -0.194976 -0.719704 -0.627723 -0.382478 -0.677993 -0.758169 -0.375250 -0.533262 -0.834056 -0.188370 -0.518525 0.054375 0.303231 0.951364 -0.057480 0.562480 0.824810 -0.059414 0.565482 0.822618 0.053870 0.305100 0.950795 0.480820 0.706478 0.519326 0.329464 0.693085 0.641160 -0.480755 -0.706575 -0.519256 -0.613921 -0.693219 -0.377555 -0.627723 0.382479 -0.677993 -0.666341 0.194975 -0.719704 -0.844851 0.069402 -0.530481 -0.758164 0.375252 -0.533267 0.480820 -0.706479 0.519326 0.329466 -0.693083 0.641161 -0.480755 0.706576 -0.519255 -0.613913 0.693224 -0.377560 -0.480755 -0.706575 -0.519256 -0.613921 -0.693219 -0.377555 0.672770 0.397363 -0.624085 0.776221 0.367198 -0.512490 0.419324 0.899980 0.119173 0.166132 0.973996 -0.154052 0.166139 -0.973995 -0.154053 0.419324 -0.899981 0.119173 0.776218 -0.367211 -0.512486 0.672766 -0.397376 -0.624082 0.638888 -0.382554 0.667439 0.633978 -0.688764 0.351675 0.777047 -0.372864 0.507121 0.922570 -0.152216 -0.354535 0.863908 -0.281157 -0.417868 0.827374 0.000000 0.561652 0.777046 0.372866 0.507120 0.922571 0.152216 -0.354532 0.943174 0.000002 -0.332300 -0.302696 -0.688727 -0.658810 -0.087086 -0.899953 -0.427201 0.569416 -0.366914 -0.735622 0.481910 -0.280761 -0.830022 0.481906 0.280763 -0.830023 0.569418 0.366914 -0.735620 -0.087094 0.899952 -0.427201 -0.302701 0.688723 -0.658811 -0.302701 0.688723 -0.658811 -0.446884 0.372846 -0.813192 0.423381 0.151943 -0.893119 -0.497491 -0.000001 -0.867469 -0.488393 -0.190250 -0.851632 0.401572 -0.078729 -0.912437 0.402834 0.000002 -0.915273 0.863910 0.281156 -0.417865 0.633979 0.688764 0.351673 0.777047 -0.372864 0.507121 0.638887 0.382556 0.667439 0.777046 0.372866 0.507120 -0.446873 -0.372850 -0.813196 
						-0.302696 -0.688727 -0.658810 0.423374 -0.151941 -0.893123 -0.761204 -0.122102 0.636914 -0.790526 -0.094239 0.605134 -0.790069 -0.094891 0.605629 -0.760437 -0.122534 0.637747 -0.525179 -0.850975 0.005288 -0.728313 -0.651053 -0.213753 -0.649448 0.048075 0.758884 -0.643032 -0.000050 0.765839 -0.643032 0.000035 0.765839 -0.649352 0.047724 0.758989 0.292778 0.352246 0.888934 0.340372 0.000001 0.940291 -0.649291 -0.048259 0.759007 -0.667212 -0.089961 0.739415 -0.666791 -0.089289 0.739876 -0.649156 -0.047758 0.759154 0.292789 -0.352245 0.888931 0.157501 -0.650850 0.742689 -0.694411 -0.119007 0.709669 -0.727374 -0.130553 0.673708 -0.726493 -0.130500 0.674668 -0.693679 -0.118503 0.710469 -0.045240 -0.850806 0.523529 -0.285105 -0.921305 0.264408 -0.285113 0.921301 0.264415 -0.045249 0.850805 0.523530 -0.693919 0.117935 0.710330 -0.726563 0.129795 0.674729 -0.727434 0.129847 0.673780 -0.694603 0.118403 0.709583 -0.728299 0.651066 -0.213763 -0.525173 0.850979 0.005285 -0.760311 0.121916 0.638015 -0.789834 0.094547 0.605990 -0.790356 0.093808 0.605424 -0.761116 0.121465 0.637141 -0.810431 0.051049 0.583606 -0.810257 0.051632 0.583796 -0.863852 0.352415 -0.359949 -0.728299 0.651066 -0.213763 -0.817456 -0.026834 0.575366 -0.817710 -0.000065 0.575631 -0.817709 0.000034 0.575631 -0.817460 -0.026835 0.575360 -0.896526 -0.180240 -0.404667 -0.911449 -0.000006 -0.411412 0.157495 0.650855 0.742686 -0.667084 0.088996 0.739647 -0.667447 0.089570 0.739251 0.157501 -0.650850 0.742689 0.157495 0.650855 0.742686 -0.810559 -0.051260 0.583410 -0.810436 -0.051678 0.583543 -0.728313 -0.651053 -0.213753 -0.863860 -0.352408 -0.359935 0.733164 0.000027 -0.680052 0.732814 0.000694 -0.680429 0.732814 0.000694 -0.680429 0.733164 0.000027 -0.680052 -0.732977 -0.001041 0.680252 -0.732818 -0.000680 0.680424 -0.732818 -0.000680 0.680424 
						-0.732977 -0.001041 0.680252 0.733754 0.000290 -0.679415 0.733754 0.000290 -0.679415 0.733754 0.000290 -0.679415 0.733754 0.000290 -0.679415 0.733619 -0.000027 -0.679561 0.733619 -0.000027 -0.679561 -0.733158 0.000041 0.680058 -0.732813 0.000694 0.680429 -0.732813 0.000694 0.680429 -0.733158 0.000041 0.680058 0.733860 -0.000048 -0.679301 0.733780 0.000048 -0.679387 0.733780 0.000048 -0.679387 0.733860 -0.000048 -0.679301 0.732970 0.001054 -0.680260 0.733526 0.000617 -0.679661 0.733526 0.000617 -0.679661 0.732970 0.001054 -0.680260 -0.733163 -0.000041 0.680053 -0.733163 -0.000041 0.680053 0.733859 0.000048 -0.679302 0.733859 0.000048 -0.679302 -0.733786 -0.000051 0.679381 -0.733860 0.000075 0.679301 -0.733860 0.000075 0.679301 -0.733786 -0.000051 0.679381 0.732817 -0.000708 -0.680425 0.733163 -0.000054 -0.680053 0.733163 -0.000054 -0.680053 0.732817 -0.000708 -0.680425 -0.733773 0.000051 0.679395 -0.733762 0.000000 0.679407 -0.733762 0.000000 0.679407 -0.733773 0.000051 0.679395 0.732980 -0.001061 -0.680250 0.732979 -0.001061 -0.680250 0.088368 -0.991405 0.096476 0.088368 -0.991405 0.096476 0.088368 -0.991405 0.096476 0.088368 -0.991405 0.096476 -0.733607 -0.000000 0.679574 -0.733860 -0.000061 0.679301 -0.733860 -0.000061 0.679301 -0.733607 -0.000000 0.679574 0.733787 -0.000003 -0.679380 0.733786 -0.000051 -0.679381 0.733786 -0.000051 -0.679381 0.733787 -0.000003 -0.679380 -0.733603 0.000014 0.679578 -0.733603 0.000014 0.679578 0.733612 0.000013 -0.679568 0.733612 0.000013 -0.679568 -0.627863 -0.381982 -0.678143 -0.480761 -0.706568 -0.519259 -0.480949 -0.706291 -0.519462 -0.627909 -0.381820 -0.678192 0.000126 -1.000000 0.000131 0.260596 -0.923509 0.281461 0.260558 -0.923532 0.281421 -0.000030 -1.000000 -0.000037 -0.480763 0.706567 -0.519260 -0.627104 0.382635 -0.678477 -0.627149 0.382473 -0.678527 
						-0.480951 0.706289 -0.519463 0.480825 -0.706475 0.519327 0.627750 -0.382381 0.678023 0.627747 -0.382392 0.678020 0.480840 -0.706453 0.519343 0.679379 -0.000000 0.733788 0.627751 0.382383 0.678021 0.627748 0.382394 0.678017 0.679379 -0.000000 0.733788 -0.679229 -0.003301 -0.733919 -0.677779 -0.066485 -0.732254 -0.480761 -0.706568 -0.519259 -0.260444 -0.923600 -0.281304 -0.260690 -0.923450 -0.281570 -0.480949 -0.706291 -0.519462 0.480823 0.706476 0.519328 0.260596 0.923509 0.281462 0.260558 0.923532 0.281421 0.480838 0.706454 0.519344 -0.666589 -0.196191 -0.719144 -0.666471 -0.196130 -0.719270 0.000125 1.000000 0.000130 -0.000030 1.000000 -0.000038 -0.260447 0.923599 -0.281305 -0.480763 0.706567 -0.519260 -0.480951 0.706289 -0.519463 -0.260693 0.923448 -0.281571 0.480825 -0.706475 0.519327 0.480840 -0.706453 0.519343 0.480823 0.706476 0.519328 0.480838 0.706454 0.519344 -0.666235 -0.196006 -0.719522 -0.666235 -0.196006 -0.719522 -0.733544 0.000622 0.679641 -0.733744 -0.000007 0.679426 -0.733744 -0.000007 0.679426 -0.733544 0.000622 0.679641 0.733564 -0.000627 -0.679620 0.733564 -0.000627 -0.679620 0.733704 0.000295 -0.679469 0.733704 0.000295 -0.679469 -0.733546 -0.000617 0.679639 -0.733546 -0.000617 0.679639 0.733768 -0.000302 -0.679400 0.733768 -0.000302 -0.679400 -0.732974 0.001054 0.680256 -0.732974 0.001054 0.680256 -0.132459 0.980809 -0.143068 -0.132459 0.980809 -0.143068 -0.132459 0.980809 -0.143068 -0.132459 0.980809 -0.143068 -0.733746 -0.000307 0.679424 -0.733746 -0.000307 0.679424 0.680122 -0.000002 0.733099 0.628426 0.382433 0.677367 0.626916 0.382210 0.678890 0.678323 -0.000001 0.734764 -0.812647 0.581678 -0.035432 -0.932568 0.316848 -0.172985 -0.933419 0.313793 -0.173964 -0.815290 0.577774 -0.038461 -0.226525 0.740289 0.632976 -0.230147 0.742680 0.628855 -0.429147 0.808649 0.402392 
						-0.635347 0.753882 0.167323 -0.639516 0.751394 0.162563 -0.433700 0.808785 0.397203 -0.961980 -0.162196 -0.219745 -0.932289 -0.316798 -0.174573 -0.932904 -0.314598 -0.175267 -0.961980 -0.162196 -0.219744 -0.426821 -0.810935 0.400260 -0.223782 -0.742160 0.631760 -0.227638 -0.744717 0.627357 -0.431399 -0.811071 0.395042 -0.223782 -0.742160 0.631760 -0.055004 -0.563392 0.824356 -0.057243 -0.566896 0.821798 -0.227638 -0.744717 0.627357 -0.974978 0.000227 -0.222300 -0.974978 -0.000281 -0.222301 0.055850 -0.303201 0.951289 0.055139 -0.305886 0.950470 0.093982 0.000209 0.995574 0.093983 -0.000261 0.995574 -0.811864 -0.582607 -0.038025 -0.633804 -0.755780 0.164590 -0.637764 -0.753413 0.160082 -0.814187 -0.579177 -0.040667 -0.633804 -0.755780 0.164590 -0.637764 -0.753413 0.160082 -0.932289 -0.316798 -0.174573 -0.932904 -0.314598 -0.175267 -0.812647 0.581678 -0.035432 -0.815290 0.577774 -0.038461 -0.226525 0.740289 0.632976 -0.230147 0.742680 0.628855 0.260624 0.923439 0.281667 -0.000028 1.000000 0.000134 0.001830 0.999996 0.002379 0.255026 0.922435 0.289958 -0.667072 -0.194980 -0.719026 -0.628421 -0.382444 -0.677366 -0.630630 -0.382149 -0.675476 -0.669618 -0.194912 -0.716674 0.260812 -0.923550 0.281128 0.481318 -0.706525 0.518801 0.480498 -0.706268 0.519911 0.260622 -0.923439 0.281667 0.481318 -0.706525 0.518801 0.628424 -0.382433 0.677368 0.626916 -0.382211 0.678890 0.480498 -0.706268 0.519911 0.000041 -1.000000 0.000046 -0.000029 -1.000000 0.000134 0.481318 0.706525 0.518802 0.480498 0.706268 0.519911 0.260815 0.923549 0.281128 0.000042 1.000000 0.000046 -0.260812 -0.923551 -0.281123 -0.261379 -0.923440 -0.280963 -0.260812 0.923551 -0.281124 -0.481343 0.706489 -0.518828 -0.482770 0.706182 -0.517920 -0.261379 0.923439 -0.280964 -0.481343 0.706489 -0.518828 -0.628422 0.382445 -0.677364 -0.630642 0.382150 -0.675464 
						-0.482770 0.706182 -0.517920 -0.680125 -0.000005 -0.733096 -0.682722 -0.000001 -0.730678 -0.481340 -0.706491 -0.518828 -0.482768 -0.706183 -0.517920 -0.481340 -0.706491 -0.518828 -0.482768 -0.706183 -0.517920 0.481318 0.706525 0.518802 0.480498 0.706268 0.519911 -0.669811 0.000001 -0.742532 -0.656874 -0.194865 -0.728385 -0.623329 -0.194844 -0.757296 -0.635645 0.000002 -0.771982 0.001829 -0.999996 0.002379 -0.253582 -0.924488 -0.284636 -0.471454 0.707656 -0.526264 -0.253583 0.924488 -0.284637 -0.617915 0.383175 -0.686555 -0.471454 0.707656 -0.526264 -0.471455 -0.707655 -0.526265 -0.471455 -0.707655 -0.526265 -0.617880 -0.383172 -0.686588 0.467654 0.704902 0.533304 0.608844 0.381267 0.695661 0.658349 -0.000000 0.752713 0.467654 -0.704901 0.533305 0.255027 -0.922434 0.289959 0.608844 -0.381268 0.695661 0.467654 -0.704901 0.533305 0.467654 0.704902 0.533304 0.573989 -0.381241 0.724701 0.620593 -0.000001 0.784133 0.601020 -0.000000 0.799234 0.556159 -0.380187 0.739016 -0.239802 -0.924545 -0.296161 -0.446521 -0.707759 -0.547445 -0.446521 -0.707759 -0.547445 -0.585956 -0.383262 -0.713978 0.240664 0.922400 0.302090 0.441034 0.704861 0.555571 0.573991 0.381241 0.724700 0.441035 -0.704862 0.555570 0.240664 -0.922401 0.302089 0.441035 -0.704862 0.555570 0.001745 -0.999995 0.002595 0.441034 0.704861 0.555571 0.001744 0.999995 0.002595 -0.446520 0.707760 -0.547444 -0.239804 0.924544 -0.296163 -0.586008 0.383266 -0.713934 -0.446520 0.707760 -0.547444 0.234730 -0.921261 0.310128 0.003659 -0.999979 0.005376 0.428069 0.703331 0.567523 0.556161 0.380186 0.739015 0.003659 0.999979 0.005375 0.234731 0.921261 0.310129 -0.230646 -0.925831 -0.299399 -0.431885 0.709776 -0.556501 -0.230646 0.925830 -0.299402 -0.568203 0.384828 -0.727361 -0.431885 0.709776 -0.556501 -0.616874 0.000003 -0.787062 -0.605005 -0.194775 -0.772031 
						-0.431886 -0.709775 -0.556501 -0.431886 -0.709775 -0.556501 -0.568151 -0.384825 -0.727403 0.428069 0.703331 0.567523 0.428070 -0.703332 0.567521 0.428070 -0.703332 0.567521 0.825156 -0.000211 -0.564905 0.825157 -0.000444 -0.564903 0.825157 -0.000444 -0.564903 0.825156 -0.000211 -0.564905 0.825155 0.000215 -0.564906 0.825421 0.000073 -0.564518 0.825421 0.000073 -0.564518 0.825155 0.000215 -0.564906 0.825672 -0.000218 -0.564151 0.825420 -0.000069 -0.564520 0.825420 -0.000069 -0.564520 0.825672 -0.000218 -0.564151 0.825510 -0.000335 -0.564387 0.825654 -0.000429 -0.564177 0.825654 -0.000429 -0.564177 0.825510 -0.000335 -0.564387 0.825672 0.000222 -0.564150 0.825672 0.000222 -0.564150 0.825512 0.000332 -0.564384 0.825430 0.000001 -0.564505 0.825430 0.000001 -0.564505 0.825512 0.000332 -0.564384 0.825653 0.000425 -0.564177 0.825653 0.000425 -0.564177 0.825388 0.000179 -0.564566 0.825295 0.000353 -0.564702 0.825295 0.000352 -0.564702 0.825388 0.000179 -0.564566 0.825154 0.000447 -0.564907 0.825154 0.000447 -0.564907 0.825393 -0.000002 -0.564558 0.825393 -0.000000 -0.564558 0.825301 -0.000359 -0.564693 0.825301 -0.000359 -0.564693 -0.091743 0.993799 0.062822 -0.306907 0.917846 -0.251727 -0.306980 0.917792 -0.251834 -0.091740 0.993799 0.062827 -0.824238 0.556178 -0.106288 -0.918450 0.303251 -0.253945 -0.919178 0.300067 -0.255092 -0.826478 0.552159 -0.109794 -0.488845 0.702160 -0.517689 -0.610208 0.380109 -0.695099 -0.610232 0.380008 -0.695134 -0.488915 0.702036 -0.517791 -0.656141 -0.000253 -0.754638 -0.656190 -0.003441 -0.754588 -0.646896 -0.193781 -0.737546 -0.646896 -0.193778 -0.737547 -0.488847 -0.702158 -0.517691 -0.306908 -0.917846 -0.251727 -0.306981 -0.917792 -0.251834 -0.488917 -0.702033 -0.517793 -0.613500 -0.379920 -0.692299 -0.488847 -0.702158 -0.517691 -0.488917 -0.702033 -0.517793 -0.613720 -0.379046 -0.692584 
						0.305184 0.702189 0.643268 0.123313 0.917843 0.377304 0.123388 0.917788 0.377414 0.305250 0.702071 0.643365 0.469194 0.000000 0.883095 0.426536 0.380095 0.820729 0.426558 0.380001 0.820761 0.469194 0.000000 0.883095 0.123313 -0.917843 0.377303 0.305184 -0.702189 0.643268 0.305250 -0.702071 0.643365 0.123388 -0.917788 0.377413 0.305184 -0.702189 0.643268 0.426536 -0.380094 0.820729 0.426558 -0.380000 0.820761 0.305250 -0.702071 0.643365 -0.091745 -0.993799 0.062821 -0.091741 -0.993799 0.062827 0.305184 0.702189 0.643268 0.305250 0.702071 0.643365 -0.488845 0.702160 -0.517689 -0.488915 0.702036 -0.517791 0.363217 -0.908410 0.207038 0.545995 -0.694762 0.468183 0.474477 -0.703061 0.529694 0.290968 -0.919454 0.264465 -0.951699 0.006869 -0.306956 -0.951715 0.000367 -0.306982 -0.940479 -0.152698 -0.303616 -0.940414 -0.153189 -0.303569 -0.823066 -0.557363 -0.109126 -0.683107 -0.722280 0.108056 -0.686432 -0.719878 0.102893 -0.825008 -0.553884 -0.112136 -0.917593 -0.304808 -0.255175 -0.823066 -0.557363 -0.109126 -0.825008 -0.553884 -0.112136 -0.918432 -0.301184 -0.256460 -0.233464 0.535226 0.811805 -0.365378 0.705091 0.607738 -0.368405 0.707543 0.603043 -0.235073 0.538278 0.809319 -0.115144 0.000236 0.993349 -0.146199 0.288386 0.946287 -0.146613 0.290253 0.945652 -0.115143 -0.000300 0.993349 -0.362163 -0.707403 0.606975 -0.230636 -0.536367 0.811860 -0.232527 -0.539997 0.808909 -0.365408 -0.710050 0.601918 -0.144539 -0.288383 0.946543 -0.145143 -0.291183 0.945593 -0.520846 -0.773990 0.360082 -0.362163 -0.707403 0.606975 -0.365408 -0.710050 0.601918 -0.524694 -0.774152 0.354096 -0.365378 0.705091 0.607738 -0.523699 0.771162 0.362006 -0.527521 0.771324 0.356063 -0.368405 0.707543 0.603043 -0.520846 -0.773990 0.360082 -0.524694 -0.774152 0.354096 -0.685149 0.719916 0.110870 -0.824238 0.556178 -0.106288 
						-0.826478 0.552159 -0.109794 -0.688666 0.717379 0.105389 0.597101 0.380481 0.706190 0.474945 0.703068 0.529266 0.399773 0.706388 0.584122 0.521857 0.382333 0.762553 0.545995 -0.694762 0.468183 0.667975 -0.376043 0.642184 0.596857 -0.380411 0.706434 0.474477 -0.703061 0.529694 0.711016 -0.000111 0.703176 0.639936 0.000048 0.768428 0.146973 -0.983860 -0.102070 0.073726 -0.996044 -0.049601 0.668490 0.375806 0.641788 0.546956 0.694489 0.467465 0.364494 0.908106 0.206126 0.148378 0.983549 -0.103029 0.074464 0.995964 -0.050106 0.291611 0.919399 0.263949 -0.069353 -0.908787 -0.411456 -0.143751 -0.920221 -0.364045 -0.068038 0.908495 -0.412320 -0.251182 0.695001 -0.673706 -0.327074 0.704108 -0.630281 -0.143034 0.920168 -0.364461 -0.251182 0.695001 -0.673706 -0.373439 0.376199 -0.847949 -0.449936 0.381249 -0.807593 -0.327074 0.704108 -0.630281 -0.416564 -0.016542 -0.908956 -0.492045 -0.017348 -0.870397 -0.408127 -0.206395 -0.889288 -0.483442 -0.207166 -0.850510 -0.252198 -0.695261 -0.673059 -0.327647 -0.704098 -0.629994 -0.374938 -0.372411 -0.848959 -0.252198 -0.695261 -0.673059 -0.327647 -0.704098 -0.629994 -0.450937 -0.376996 -0.809030 0.546956 0.694489 0.467465 0.474945 0.703068 0.529266 -0.825006 0.000784 0.565123 -0.824994 0.000392 0.565141 -0.852281 0.198603 0.483915 -0.891573 0.152261 0.426515 0.000100 1.000000 0.000056 0.216706 0.923477 0.316588 0.000015 -1.000000 0.000113 -0.216672 -0.923503 -0.316538 -0.399717 0.706380 -0.584169 -0.216591 0.923505 -0.316587 -0.521819 0.382359 -0.762566 -0.399717 0.706380 -0.584169 -0.564648 -0.018963 -0.825114 -0.552648 -0.205968 -0.807563 -0.399781 -0.706373 -0.584134 -0.399781 -0.706373 -0.584134 -0.522903 -0.377826 -0.764081 0.399773 0.706388 0.584122 0.564748 0.000006 0.825263 0.399717 -0.706381 0.584168 0.216631 -0.923476 0.316645 0.521828 -0.382322 0.762579 
						0.399717 -0.706381 0.584168 -0.825080 -0.000129 0.565015 -0.825028 -0.000371 0.565092 -0.825028 -0.000371 0.565092 -0.825080 -0.000129 0.565015 -0.825397 0.000475 0.564553 -0.825293 -0.000007 0.564704 -0.825293 -0.000007 0.564704 -0.825397 0.000475 0.564553 -0.825419 -0.000471 0.564521 -0.825657 -0.000616 0.564171 -0.825657 -0.000616 0.564171 -0.825419 -0.000471 0.564521 -0.825742 -0.000329 0.564048 -0.825443 -0.000039 0.564486 -0.825443 -0.000039 0.564486 -0.825742 -0.000329 0.564048 -0.825441 0.000138 0.564489 -0.825718 0.000408 0.564083 -0.825718 0.000408 0.564083 -0.825441 0.000138 0.564489 -0.825061 0.000411 0.565043 -0.825104 0.000210 0.564981 -0.825104 0.000210 0.564981 -0.825061 0.000411 0.565043 -0.825180 0.000307 0.564870 -0.825180 0.000307 0.564870 -0.826057 0.032400 0.562654 -0.827079 0.039560 0.560692 -0.827080 0.039598 0.560688 -0.826057 0.032395 0.562655 -0.825626 0.000659 0.564218 -0.825626 0.000659 0.564218 -0.823897 -0.007365 0.566692 -0.823897 -0.007365 0.566692 -0.521582 0.382288 -0.762764 -0.564450 0.000002 -0.825467 -0.713595 0.000003 -0.700559 -0.671562 0.375013 -0.639038 -0.825913 0.000736 0.563797 -0.825642 0.000543 0.564194 -0.694461 0.082544 0.714780 -0.720894 0.152252 0.676115 -0.825965 -0.000430 0.563721 -0.825493 -0.000158 0.564412 -0.806209 -0.214818 0.551253 -0.760172 -0.198627 0.618616 -0.825913 -0.000774 0.563797 -0.720875 -0.152314 0.676121 -0.825643 -0.000586 0.564192 -0.694433 -0.082610 0.714800 -0.825489 0.000120 0.564418 -0.825963 0.000392 0.563725 -0.760171 0.198581 0.618632 -0.806209 0.214796 0.551262 -0.825504 -0.000022 0.564396 -0.685109 -0.000029 0.728441 -0.825004 -0.000831 0.565126 -0.825281 -0.000634 0.564722 -0.918162 -0.082215 0.387582 -0.891545 -0.152305 0.426555 -0.825278 0.000597 0.564727 -0.917994 0.082556 0.387907 -0.825438 -0.000015 0.564494 
						-0.927260 0.000467 0.374417 -0.824994 -0.000433 0.565141 -0.852259 -0.198627 0.483943 -0.399723 -0.706483 -0.584041 -0.216623 -0.923540 -0.316462 -0.372427 -0.906032 -0.201007 -0.552062 -0.693110 -0.463493 0.564754 -0.000008 0.825259 0.521835 0.382452 0.762508 0.351888 0.375236 0.857539 0.393998 0.000009 0.919111 0.399618 -0.706564 0.584014 0.521799 -0.382468 0.762525 0.351856 -0.375226 0.857556 0.232029 -0.693196 0.682380 -0.000033 -1.000000 0.000043 0.216504 -0.923571 0.316454 0.052425 -0.906074 0.419860 -0.159940 -0.981040 0.109450 0.216585 0.923568 0.316407 0.000053 1.000000 -0.000013 -0.159894 0.981052 0.109412 0.052486 0.906087 0.419824 -0.216548 0.923538 -0.316519 -0.399669 0.706473 -0.584090 -0.552048 0.693108 -0.463514 -0.372395 0.906041 -0.201027 -0.399669 0.706473 -0.584090 -0.521808 0.382428 -0.762539 -0.671886 0.375197 -0.638589 -0.552048 0.693108 -0.463514 0.399683 0.706554 0.583982 0.232083 0.693204 0.682353 0.399618 -0.706564 0.584014 0.232029 -0.693196 0.682380 0.399683 0.706554 0.583982 0.232083 0.693204 0.682353 -0.564583 0.013409 -0.825267 -0.713916 0.002278 -0.700228 -0.521988 -0.381259 -0.763001 -0.399723 -0.706483 -0.584041 -0.552062 -0.693110 -0.463493 -0.672335 -0.373115 -0.639336 -0.554182 -0.190413 -0.810324 0.216558 0.923460 0.316741 -0.000062 1.000000 -0.000047 -0.160373 0.980956 0.109572 0.052291 0.905875 0.420304 -0.216568 -0.923453 -0.316754 -0.000024 -1.000000 -0.000076 -0.160314 -0.980970 0.109531 -0.372629 -0.905889 -0.201276 0.522066 0.380134 0.763509 0.399573 0.706285 0.584383 0.232039 0.692822 0.682756 0.352315 0.372883 0.858389 0.216591 -0.923461 0.316715 0.052345 -0.905892 0.420262 -0.399551 -0.706330 -0.584343 -0.551957 -0.692904 -0.463926 0.399601 -0.706284 0.584364 0.521584 -0.382282 0.762765 0.351846 -0.375000 0.857659 0.232065 -0.692837 0.682732 
						0.564446 -0.002327 0.825467 0.393939 -0.002284 0.919134 -0.521572 -0.382281 -0.762774 -0.671554 -0.375022 -0.639041 0.399601 -0.706284 0.584364 0.232065 -0.692837 0.682732 -0.759840 0.197072 0.619521 -0.806524 0.213152 0.551439 -0.853002 0.197241 0.483202 -0.892330 0.151282 0.425278 -0.918565 0.081994 0.386672 -0.927763 -0.000012 0.373171 -0.918553 -0.082012 0.386696 -0.892312 -0.151288 0.425313 -0.852999 -0.197181 0.483232 -0.806526 -0.213115 0.551450 -0.759817 -0.197140 0.619527 -0.720083 -0.151220 0.677209 -0.693524 -0.082027 0.715749 -0.684364 -0.000527 0.729140 -0.693319 0.081576 0.715999 -0.720110 0.151142 0.677199 -0.216605 0.923452 -0.316731 -0.372692 0.905871 -0.201240 -0.399551 -0.706330 -0.584343 -0.551957 -0.692904 -0.463926 -0.399577 0.706330 -0.584325 -0.552000 0.692884 -0.463905 -0.399577 0.706330 -0.584325 -0.552000 0.692884 -0.463905 -0.613604 0.265103 0.743781 -0.683649 0.345599 0.642795 -0.121873 0.850479 0.511695 0.047086 0.650454 0.758085 0.232039 0.692822 0.682756 -0.977613 -0.000005 0.210411 -0.961516 -0.143786 0.234121 -0.801477 -0.352123 -0.483367 -0.840924 0.000003 -0.541153 -0.915701 0.265342 0.301805 -0.961528 0.143783 0.234071 -0.801483 0.352097 -0.483376 -0.689285 0.650537 -0.318883 -0.765667 0.373820 0.523462 -0.847010 0.345907 0.403638 -0.521040 0.850480 -0.072111 -0.321660 0.920977 0.219854 -0.847028 -0.345778 0.403710 -0.765689 -0.373727 0.523496 -0.321580 -0.921018 0.219799 -0.520954 -0.850529 -0.072159 -0.683601 -0.345683 0.642801 -0.613548 -0.265208 0.743789 0.047110 -0.650488 0.758054 -0.121804 -0.850520 0.511644 -0.566841 -0.143807 0.811179 0.159602 -0.352071 0.922265 0.047110 -0.650488 0.758054 -0.915681 -0.265327 0.301876 -0.689229 -0.650580 -0.318917 -0.689285 0.650537 -0.318883 -0.689229 -0.650580 -0.318917 -0.550401 -0.000898 0.834900 0.199309 -0.002156 0.979934 
						-0.566843 0.142869 0.811343 0.047086 0.650454 0.758085 0.159928 0.350053 0.922977 -0.693319 0.081576 0.715999 -0.684364 -0.000527 0.729140 -0.550401 -0.000898 0.834900 -0.566843 0.142869 0.811343 0.399573 0.706285 0.584383 -0.914762 -0.266542 0.303589 -0.845852 -0.347915 0.404339 -0.520575 -0.850793 -0.071785 -0.689185 -0.650921 -0.318316 -0.694461 0.082544 0.714780 -0.685109 -0.000029 0.728441 -0.552267 -0.000035 0.833667 -0.568559 0.144379 0.809874 0.159563 0.352427 0.922136 0.199104 0.000024 0.979978 -0.614667 -0.266603 0.742366 -0.568501 -0.144463 0.809899 0.159533 -0.352394 0.922154 0.047006 -0.651012 0.757610 -0.764745 -0.376488 0.522898 -0.683645 -0.347952 0.641528 -0.121710 -0.850861 0.511098 -0.321130 -0.921201 0.219692 -0.683648 0.347901 0.641553 -0.764740 0.376478 0.522911 -0.321105 0.921210 0.219690 -0.121666 0.850882 0.511075 -0.845882 0.347905 0.404285 -0.914798 0.266501 0.303517 -0.689203 0.650911 -0.318300 -0.520568 0.850800 -0.071754 -0.960940 0.144351 0.236130 -0.801732 0.352373 -0.482762 -0.689203 0.650911 -0.318300 -0.614707 0.266525 0.742361 0.047050 0.651035 0.757588 0.047006 -0.651012 0.757610 -0.552267 -0.000035 0.833667 -0.568559 0.144379 0.809874 0.047050 0.651035 0.757588 -0.977224 0.000829 0.212210 -0.841177 0.002144 -0.540756 -0.961094 -0.143550 0.235993 -0.689185 -0.650921 -0.318316 -0.802258 -0.350398 -0.483326 
					</float_array>
					<technique_common>
						<accessor count="5552" offset="0" source="#meshId0-normals-array" stride="3">
							<param name="X" type="float" />
							<param name="Y" type="float" />
							<param name="Z" type="float" />
						</accessor>
					</technique_common>
				</source>
				<source id="meshId0-tangents" name="meshId0-tangents">
					<float_array id="meshId0-tangents-array" count="16656"> 
						0.001271 0.999934 -0.011383 0.000822 0.999557 -0.029738 0.000517 0.999148 -0.041255 -0.000986 0.999349 -0.036059 0.000056 0.999943 -0.010711 1.000000 0.000000 0.000000 1.000000 0.000000 0.000000 1.000000 0.000000 0.000000 1.000000 0.000000 0.000000 0.002037 0.991527 -0.129882 0.003012 0.982433 -0.186594 0.000846 0.996192 -0.087183 0.001972 0.991499 -0.130099 -0.128485 -0.976246 0.174458 -0.128470 -0.976245 0.174473 -0.128389 -0.976262 0.174437 -0.128363 -0.976274 0.174389 0.000000 -1.000000 -0.000071 0.000000 -1.000000 -0.000072 0.000000 -1.000000 -0.000056 0.000000 -1.000000 -0.000058 1.000000 0.000000 0.000000 1.000000 0.000000 0.000000 1.000000 0.000000 0.000000 0.999099 0.005558 0.042069 0.999111 -0.000000 0.042152 0.990627 0.130786 0.039412 0.993867 0.103110 0.039951 -0.129559 0.985610 0.108571 -0.197563 0.976661 0.084272 -0.324581 0.921900 0.211536 -0.541244 0.809867 0.226211 -0.487002 0.844675 0.222157 0.999985 -0.005474 0.000392 0.999985 -0.005430 0.000715 0.999985 -0.005430 0.000721 0.999906 -0.005408 0.012625 0.999985 -0.005429 -0.000714 0.999984 -0.005471 -0.001093 0.999923 -0.005523 0.011075 0.999985 -0.005430 -0.000706 -0.001961 0.991534 0.129834 -0.002000 0.991525 0.129901 -0.002005 0.991497 0.130111 -0.001964 0.991503 0.130067 -0.148239 0.979893 0.133545 -0.135984 0.982928 0.123941 -0.138894 0.982196 0.126488 -0.127864 0.984930 0.116462 0.006083 0.992274 -0.123916 0.006175 0.992123 -0.125116 0.006152 0.991792 -0.127714 0.006077 0.991890 -0.126954 -0.227412 0.961630 0.153463 -0.324481 0.908492 0.263352 -0.309457 0.925142 0.219884 -0.190084 0.974337 0.120561 -0.021708 0.998934 -0.040736 0.133745 0.985161 -0.107559 0.125500 0.986931 -0.101076 0.126963 0.986634 -0.102150 0.115608 0.989015 -0.092111 0.999110 0.000000 0.042176 0.999112 -0.000000 0.042135 
						0.990070 0.134977 0.039265 0.998602 0.032738 0.041500 -0.002471 0.981989 0.188920 -0.000826 0.996206 0.087020 -0.002013 0.991516 0.129968 -0.004162 0.866871 0.498516 -0.003966 0.905326 0.424699 -0.001991 0.991491 0.130161 -0.003000 0.982356 0.186999 -0.005048 0.946841 0.321663 -0.004019 0.831639 0.555302 -0.004122 0.866575 0.499030 0.999095 0.000000 0.042523 0.999096 0.000000 0.042518 0.999095 -0.000000 0.042526 0.999095 -0.000000 0.042526 -0.129380 -0.985463 0.110110 -0.129465 -0.985444 0.110180 -0.129538 -0.985437 0.110156 -0.129485 -0.985440 0.110191 0.128376 0.986329 -0.103319 0.195874 0.977465 -0.078707 0.095449 0.993795 -0.057110 0.128872 0.986224 -0.103698 -0.128593 0.985147 0.113795 -0.128239 0.985229 0.113481 -0.128727 0.985119 0.113883 -0.128952 0.985083 0.113941 -0.125367 0.985867 0.111126 -0.133597 0.984060 0.117377 -0.115491 0.988027 0.102300 -0.126824 0.985561 0.112187 0.999111 0.000000 0.042168 0.999111 0.000000 0.042163 0.996639 -0.069581 0.043242 0.999111 -0.000000 0.042160 0.999112 -0.000000 0.042134 0.996639 -0.069507 0.043353 0.996666 0.069675 0.042463 0.999095 0.000000 0.042536 0.999095 0.000000 0.042527 0.998894 0.020057 0.042523 -0.004353 0.959031 0.283269 -0.004370 0.958956 0.283523 -0.002208 0.989686 0.143240 -0.002198 0.989705 0.143107 0.999746 -0.005368 0.021877 0.999337 -0.005576 0.035966 -0.065817 0.992421 0.103774 -0.085517 0.991112 0.101900 -0.085356 0.991353 0.099666 -0.065773 0.992432 0.103697 0.002249 0.989708 -0.143083 0.003080 0.979808 -0.199917 0.001093 0.994959 -0.100279 0.002215 0.989702 -0.143129 0.999111 0.000000 0.042155 0.999111 0.000000 0.042155 0.999111 0.000000 0.042156 0.999111 0.000000 0.042158 -0.408689 -0.885804 0.219829 -0.486911 -0.844290 0.223814 -0.129575 -0.985420 0.110266 -0.097982 -0.993012 0.065782 
						-0.201603 -0.967969 0.149641 -0.068674 0.991745 0.108282 -0.062281 0.993217 0.098190 0.966418 -0.253747 0.040601 0.966418 -0.253747 0.040601 0.870446 -0.490943 0.036031 0.870446 -0.490943 0.036031 0.999096 0.000000 0.042519 0.999096 0.000000 0.042519 -0.000039 -1.000000 0.000000 -0.000041 -1.000000 0.000000 -0.000046 -1.000000 0.000000 -0.000043 -1.000000 0.000000 0.999985 -0.005004 -0.002354 0.999985 -0.004700 -0.002712 0.988078 -0.005422 0.153859 0.995803 -0.006079 0.091317 0.000000 -1.000000 -0.000036 0.000000 -1.000000 -0.000040 0.870678 0.491074 0.027667 0.870678 0.491074 0.027667 0.966585 0.253791 0.036097 0.966585 0.253791 0.036097 0.130282 -0.990020 -0.053724 0.130297 -0.990016 -0.053764 0.130172 -0.990035 -0.053711 0.130199 -0.990031 -0.053723 -0.129555 0.985611 0.108567 -0.129487 0.985630 0.108475 -0.129600 0.985605 0.108564 0.999111 0.000000 0.042153 0.999111 0.000000 0.042153 0.999111 -0.000000 0.042155 0.998608 0.032508 0.041535 0.002025 0.991518 -0.129956 0.002033 0.991493 -0.130144 0.072189 0.997365 0.007123 0.078345 0.996889 -0.008603 -0.161657 0.980425 0.112404 -0.000000 -1.000000 -0.000040 -0.000000 -1.000000 -0.000049 -0.000000 -1.000000 -0.000072 -0.000000 -1.000000 -0.000045 -0.000052 -1.000000 0.000000 -0.000047 -1.000000 0.000000 -0.000042 -1.000000 0.000000 -0.000047 -1.000000 0.000000 0.999111 0.000000 0.042158 0.990640 0.130699 0.039363 0.175814 -0.981498 -0.075838 0.311624 -0.939640 -0.141304 0.537567 -0.804091 -0.253889 0.486319 -0.843282 -0.228844 0.991198 0.125333 0.042650 0.989486 0.138273 0.042393 0.999095 0.000000 0.042523 0.999076 -0.006145 0.042544 -0.129534 -0.985429 0.110233 -0.069673 -0.997074 0.031458 -0.017922 -0.999468 0.027249 -0.004327 -0.999562 0.029262 -0.059768 -0.997127 0.046528 0.007647 0.866626 -0.498900 0.007671 0.866714 -0.498747 
						0.002024 0.991505 -0.130052 0.002012 0.991497 -0.130111 -0.096930 -0.993201 0.064462 -0.197705 -0.976480 0.086017 0.000000 -1.000000 -0.000040 -0.000000 -1.000000 -0.000044 -0.000000 -1.000000 -0.000044 -0.000000 -1.000000 -0.000044 -0.000000 -1.000000 -0.000044 0.000000 -1.000000 -0.000044 0.000000 -1.000000 -0.000041 0.000000 -1.000000 -0.000036 -0.000000 -1.000000 -0.000044 -0.000000 -1.000000 -0.000044 0.000000 -1.000000 -0.000036 -0.389638 -0.858671 0.332966 -0.389637 -0.858670 0.332971 -0.295516 -0.921926 0.250443 -0.295516 -0.921927 0.250441 0.000000 -1.000000 -0.000036 0.000000 -1.000000 -0.000036 0.295511 -0.921910 -0.250508 0.295511 -0.921911 -0.250508 0.389626 -0.858646 -0.333045 0.389626 -0.858646 -0.333045 0.061512 0.997046 -0.045991 0.063044 0.996815 -0.048833 0.024342 0.999611 -0.013639 -0.020311 0.999560 0.021631 -0.008064 0.999629 0.026020 0.999099 0.005539 0.042063 0.999111 -0.000000 0.042155 0.999111 -0.000000 0.042155 0.999100 0.006069 0.041981 0.999095 0.000000 0.042530 0.999095 0.000000 0.042530 0.999095 0.000000 0.042525 0.999095 0.000000 0.042531 -0.134778 0.983239 0.122782 -0.114958 0.988055 0.102622 -0.120473 0.986914 0.107177 -0.138080 0.982406 0.125745 0.989409 -0.138264 0.044191 0.991157 -0.125043 0.044403 0.999111 -0.000000 0.042156 0.999088 -0.005846 0.042286 0.998879 0.022507 0.041635 0.999110 -0.000000 0.042171 0.999111 0.000000 0.042153 0.990649 0.130632 0.039362 -1.000000 -0.000000 -0.000011 -1.000000 -0.000000 -0.000017 -0.997060 0.076608 -0.001415 -0.998887 0.047166 -0.000544 -0.999947 0.010264 -0.000176 0.999102 0.005049 0.042068 0.999111 -0.000000 0.042155 0.999111 -0.000000 0.042159 0.998895 -0.020060 0.042491 0.990902 -0.005375 0.134478 0.992698 -0.005513 0.120497 0.989943 -0.005553 0.141359 0.989961 -0.005324 0.141243 0.222761 0.963730 -0.146978 
						0.327525 0.908892 -0.258153 0.202332 0.967790 -0.149815 0.167098 0.980284 -0.105456 -0.063688 -0.987007 0.147517 -0.168774 -0.966174 0.194994 -0.414280 -0.880076 0.232030 -0.485754 -0.841592 0.236147 0.999095 0.000000 0.042528 0.999095 0.000000 0.042522 0.990544 0.130460 0.042455 0.990548 0.130450 0.042398 0.999095 -0.000000 0.042524 0.999077 0.005882 0.042553 0.999077 0.005803 0.042551 0.999095 0.000000 0.042523 0.991431 -0.005376 0.130524 0.991513 -0.005364 0.129900 0.999083 -0.005104 0.042521 0.999095 0.000000 0.042523 0.999096 0.000000 0.042522 0.998570 -0.032535 0.042430 1.000000 0.000000 0.000000 1.000000 0.000000 0.000000 1.000000 0.000000 0.000000 0.999089 -0.005766 0.042280 0.999111 -0.000000 0.042150 0.000000 -0.097966 0.995190 0.130207 -0.070635 0.988968 0.130207 -0.070637 0.988967 0.000000 -0.097971 0.995189 0.999111 0.000000 0.042164 0.999111 -0.000000 0.042154 0.001154 0.999990 0.004318 0.001783 0.999990 0.004109 0.000613 0.999989 0.004716 0.000863 0.999989 0.004546 0.000699 0.999989 0.004647 0.000599 0.999988 0.004749 0.000793 0.999989 0.004575 0.006069 0.999982 0.000000 0.005578 0.999984 0.000422 0.005497 0.999985 0.000496 0.006074 0.999982 0.000000 -0.000046 -1.000000 0.000000 -0.000040 -1.000000 0.000000 -0.000050 -1.000000 0.000000 -0.000048 -1.000000 0.000000 -0.000052 -1.000000 0.000000 -0.000052 -1.000000 0.000000 -0.000045 -1.000000 0.000000 -0.000046 -1.000000 0.000000 -0.000054 -1.000000 0.000000 -0.000062 -1.000000 0.000000 0.999111 0.000000 0.042152 0.999111 -0.000000 0.042150 0.997988 0.047277 0.042260 0.996132 0.080218 0.035871 0.000000 -0.097961 0.995190 0.130207 -0.070664 0.988965 0.133939 -0.070523 0.988477 0.000000 -0.097970 0.995189 0.002510 0.989644 -0.143519 0.002980 0.988759 -0.149489 0.002637 0.990749 -0.135681 
						0.002496 0.989658 -0.143426 0.006078 0.999982 0.000000 0.004746 0.999988 0.000746 1.000000 0.000000 0.000000 1.000000 0.000000 0.000000 1.000000 0.000000 0.000000 0.991430 -0.005403 0.130524 0.991509 -0.005392 0.129923 0.991430 -0.005404 0.130524 0.991512 -0.005391 0.129900 0.990901 -0.005370 0.134484 0.989981 -0.005440 0.141092 1.000000 0.000000 0.000000 1.000000 0.000000 0.000000 1.000000 0.000000 0.000000 1.000000 0.000000 0.000000 -0.000052 -1.000000 -0.000000 -0.000095 -1.000000 -0.000002 0.041995 -0.998332 -0.039627 -0.000047 -1.000000 -0.000007 -0.000009 -1.000000 -0.000006 -0.000015 -1.000000 -0.000010 0.103413 -0.990658 -0.088898 0.099388 -0.991434 -0.084743 -0.000051 -1.000000 0.000000 -0.000051 -1.000000 0.000000 -0.000049 -1.000000 0.000017 -0.000050 -1.000000 0.000007 -0.000070 -1.000000 0.000002 -0.042102 -0.998328 0.039612 -0.000052 -1.000000 0.000000 -0.000055 -1.000000 -0.000003 -0.000060 -1.000000 0.000000 0.002050 -0.999888 0.014828 1.000000 0.000000 0.000000 -0.000046 -1.000000 0.000000 -0.002152 -0.999888 -0.014813 0.000000 -1.000000 -0.000022 0.000000 -1.000000 -0.000022 -0.135688 -0.984033 0.115185 -0.130501 -0.985359 0.109715 0.000000 -1.000000 -0.000022 0.000000 -1.000000 -0.000028 0.129996 -0.985423 -0.109743 0.130498 -0.985337 -0.109917 0.000000 -1.000000 -0.000267 0.118734 -0.987857 -0.100207 1.000000 0.000000 0.000000 1.000000 0.000000 0.000000 1.000000 0.000000 0.000000 0.000005 -1.000000 -0.000024 -0.129996 -0.985427 0.109699 -0.000040 -1.000000 0.000000 -0.020787 -0.989103 -0.145753 -0.000014 -1.000000 0.000000 -0.000026 -1.000000 0.000000 -0.000055 -0.992846 0.119399 0.001731 -0.990040 0.140777 -0.000302 -1.000000 0.000000 -0.000037 -1.000000 0.000000 0.101367 -0.984759 -0.141333 0.135074 -0.983748 -0.118303 0.000090 -1.000000 -0.000008 -0.000304 -1.000000 -0.000008 
						0.154726 -0.978603 -0.135632 0.153784 -0.978853 -0.134899 1.000000 0.000000 0.000000 1.000000 0.000000 0.000000 1.000000 0.000000 0.000000 1.000000 0.000000 0.000000 -0.000035 -1.000000 0.000006 -0.000042 -1.000000 0.000004 -0.102639 -0.990322 0.093423 -0.098936 -0.984749 0.143110 -0.000026 -1.000000 -0.000008 -0.000026 -1.000000 -0.000008 0.155771 -0.978280 -0.136761 0.155099 -0.978494 -0.135992 -0.000022 -1.000000 -0.000014 -0.000016 -1.000000 -0.000009 -0.098873 -0.991501 0.084554 -0.099407 -0.991433 0.084730 -0.000018 -1.000000 -0.000015 -0.000014 -1.000000 -0.000011 0.098836 -0.991503 -0.084578 0.102225 -0.990887 -0.087706 -0.000225 -1.000000 0.000000 0.003337 -0.989988 0.141114 -0.000026 -1.000000 0.000008 -0.000027 -1.000000 0.000008 -0.000096 -0.990525 0.137333 -0.000049 -0.990480 0.137654 -0.000052 -1.000000 -0.000004 0.102637 -0.990322 -0.093423 -0.000082 -1.000000 0.000000 -0.003426 -0.989988 -0.141112 0.999099 0.005567 0.042067 0.999111 0.000000 0.042157 0.999111 0.000000 0.042163 0.999099 0.005562 0.042069 0.987935 -0.005278 0.154777 0.989919 -0.005730 0.141520 0.006069 0.999982 0.000000 0.005437 0.999985 0.000554 0.005651 0.999984 0.000106 0.006058 0.999982 0.000000 0.002483 0.981931 -0.189221 0.006533 0.905171 -0.424997 0.007679 0.866648 -0.498861 0.999112 0.000000 0.042131 0.999112 0.000000 0.042127 0.998531 0.034838 0.041501 0.990480 0.131895 0.039404 0.000000 -0.097965 0.995190 0.134013 -0.070647 0.988458 1.000000 0.000000 0.000000 1.000000 0.000000 0.000000 1.000000 0.000000 0.000000 -0.000004 -1.000000 0.000007 -0.000025 -1.000000 0.000008 -0.000050 -0.990370 0.138448 -0.000000 -0.990229 0.139454 0.994558 -0.094550 0.043765 0.990469 -0.130440 0.044237 -0.014976 -0.101223 0.994751 0.151856 -0.063202 0.986380 0.000009 -1.000000 -0.000023 -0.118734 -0.987861 0.100162 
						0.295118 -0.942378 -0.157572 0.286454 -0.945130 -0.157075 0.087567 -0.994606 -0.055587 0.094914 -0.993779 -0.058260 -0.000061 -1.000000 -0.000006 0.157318 -0.977618 -0.139689 0.000000 -1.000000 -0.000022 0.135683 -0.983993 -0.115533 -0.000013 -1.000000 -0.000005 -0.102270 -0.990885 0.087676 -0.000026 -1.000000 -0.000008 -0.000026 -1.000000 -0.000008 0.158870 -0.977453 -0.139092 0.157252 -0.977908 -0.137721 0.000021 -1.000000 0.000008 -0.000145 -0.990682 0.136192 -0.095012 -0.994804 0.036560 -0.088050 -0.995466 0.035973 -0.287717 -0.948191 0.134734 -0.296019 -0.945255 0.137353 0.558715 -0.117052 -0.821058 0.541734 -0.259868 -0.799370 0.539399 -0.268882 -0.797967 0.554656 -0.175987 -0.813256 0.002814 0.935392 -0.353602 -0.018641 0.930301 -0.366323 -0.003421 0.974337 -0.225067 -0.000029 0.973271 -0.229657 0.561299 -0.064437 -0.825101 0.560252 0.045586 -0.827067 0.560952 -0.073697 -0.824562 0.557973 -0.136454 -0.818564 0.559347 -0.091631 -0.823854 0.555218 -0.156969 -0.816758 0.555693 0.136383 -0.820125 0.559731 0.073536 -0.825405 0.560988 -0.045646 -0.826564 0.560210 0.064622 -0.825826 0.559928 0.066101 -0.825900 0.560902 -0.047055 -0.826544 0.561135 0.025424 -0.827334 0.545545 -0.241844 -0.802429 0.544909 -0.246500 -0.801443 0.561376 -0.017590 -0.827374 0.557885 0.091391 -0.824871 0.556233 0.116706 -0.822791 0.558155 0.086283 -0.825239 0.560146 0.046994 -0.827060 -0.001382 -0.999946 -0.010278 -0.000179 -0.999941 -0.010874 0.072930 -0.996317 -0.045097 0.576580 -0.000051 -0.817041 0.576580 -0.000051 -0.817041 0.576580 -0.000051 -0.817041 0.576580 -0.000051 -0.817041 0.595759 0.000000 -0.803163 0.595764 0.000000 -0.803160 0.595763 0.000000 -0.803160 0.595760 0.000000 -0.803163 -0.075443 -0.996805 0.026220 -0.000179 -0.999941 -0.010873 -0.001383 -0.999946 -0.010279 0.994441 -0.000001 -0.105299 0.994441 -0.000001 -0.105296 
						0.994444 -0.000001 -0.105269 0.994441 -0.000001 -0.105295 0.561190 0.017597 -0.827500 0.540900 0.246484 -0.804160 0.541694 0.241829 -0.805038 0.561403 -0.025426 -0.827152 0.298043 -0.941457 -0.157570 0.094914 -0.993779 -0.058261 0.000000 -0.999940 -0.010961 0.001442 -0.999941 -0.010768 0.102118 -0.993126 -0.057206 0.543354 -0.256924 -0.799223 0.559670 -0.086377 -0.824202 0.560531 0.024389 -0.827774 0.559343 -0.091631 -0.823856 0.554797 -0.158254 -0.816796 0.561118 -0.046331 -0.826438 0.560917 -0.024290 -0.827515 0.557891 0.091393 -0.824867 -0.095012 -0.994805 0.036556 0.000000 -0.999940 -0.010961 0.000000 -0.999940 -0.010962 0.000000 -0.999940 -0.010961 0.000000 -0.999940 -0.010962 0.000000 -0.999940 -0.010961 0.182414 -0.977916 -0.102005 0.175209 -0.979983 -0.094524 0.282613 -0.947180 -0.151589 0.288807 -0.944706 -0.155309 0.001223 0.951592 -0.307361 0.001222 0.953260 -0.302149 -0.002204 0.995781 -0.091735 -0.002181 0.995468 -0.095076 0.561444 -0.041215 -0.826487 0.551040 0.168988 -0.817189 0.563299 0.017661 -0.826064 0.554301 -0.191889 -0.809894 0.246825 -0.959873 -0.133120 0.311398 -0.936417 -0.161725 0.000221 0.938413 -0.345515 0.004805 0.949665 -0.313231 0.084570 0.810024 -0.580266 0.091107 0.795153 -0.599525 -0.005108 0.995457 0.095075 -0.005099 0.995772 0.091715 -0.008238 0.953231 0.302132 -0.008203 0.951561 0.307351 0.002875 0.935634 -0.352959 -0.036018 0.983167 -0.179122 -0.055647 0.987383 -0.148250 -0.099330 -0.994406 0.035923 -0.298928 -0.944288 0.137705 -0.309954 -0.940006 0.142536 0.525157 0.346565 -0.777241 0.552201 0.173998 -0.815352 0.563066 -0.017751 -0.826221 0.551183 0.191180 -0.812187 0.306701 0.824916 -0.474814 0.317163 0.827997 -0.462416 0.465306 0.539612 -0.701648 0.467164 0.535826 -0.703313 0.554956 -0.175964 -0.813056 0.529775 -0.348957 -0.773024 0.561191 -0.066265 -0.825029 
						-0.461685 -0.793693 0.396104 -0.385914 -0.860821 0.331749 -0.288527 -0.924606 0.248710 -0.354861 -0.883772 0.304995 0.560925 0.035901 -0.827088 0.553560 -0.170600 -0.815148 0.553337 -0.172731 -0.814851 0.561066 0.030031 -0.827226 -0.004881 0.996813 0.079625 -0.004928 0.996475 0.083741 -0.003660 0.999993 -0.000026 -0.003656 0.999993 -0.000327 0.294539 -0.000005 -0.955639 0.294516 -0.000002 -0.955647 0.294513 -0.000002 -0.955647 0.294545 -0.000005 -0.955638 0.561528 -0.027258 -0.827009 0.550583 0.173217 -0.816611 0.550633 0.173102 -0.816602 0.561580 -0.030018 -0.826878 -0.004804 0.997489 0.070658 -0.005054 0.995946 0.089814 -0.008319 0.956255 0.292416 -0.007414 0.968717 0.248057 0.561585 -0.014951 -0.827284 0.549038 0.185565 -0.814938 0.550365 0.177184 -0.815907 0.561621 -0.023069 -0.827073 0.000881 0.957676 -0.287846 0.000850 0.959943 -0.280193 -0.002326 0.996769 -0.080292 -0.002394 0.996481 -0.083779 0.561118 0.027267 -0.827286 0.553472 -0.172820 -0.814740 0.553286 -0.176785 -0.814016 0.561133 0.023079 -0.827404 -0.239619 -0.957081 0.163032 -0.233416 -0.963887 0.128211 -0.100457 -0.994146 0.039779 -0.161961 -0.983883 0.075777 0.001438 -0.999941 -0.010769 0.561288 0.014956 -0.827486 0.551933 -0.185164 -0.813071 0.550204 -0.202680 -0.810060 0.558424 -0.108005 -0.822495 0.561404 -0.006005 -0.827520 0.503424 -0.441420 -0.742774 0.495747 -0.471017 -0.729642 0.150859 -0.984933 -0.084550 0.086700 -0.994795 -0.053537 0.233979 -0.963821 -0.127681 0.261778 -0.954169 -0.145033 0.561158 0.025171 -0.827326 0.546448 -0.235174 -0.803796 0.538641 0.259568 -0.801555 0.539364 0.256732 -0.801982 0.000000 -0.999940 -0.010962 -0.007972 0.960088 0.279586 -0.007859 0.957652 0.287822 0.294622 0.000002 -0.955614 0.294623 0.000005 -0.955613 0.294622 0.000005 -0.955614 0.294622 0.000002 -0.955614 0.294622 0.000003 -0.955614 
						0.294616 0.000002 -0.955616 0.294615 0.000002 -0.955616 0.294623 0.000003 -0.955613 -0.003656 0.999993 -0.000349 -0.003662 0.999993 -0.000026 -0.003676 0.999992 0.001801 -0.003662 0.999993 0.000000 -0.003656 0.999993 0.000061 -0.003664 0.999993 0.000000 -0.003700 0.999992 -0.001673 -0.003662 0.999993 0.000000 -0.002119 0.995966 -0.089708 0.119181 -0.990351 -0.070723 0.083676 -0.995090 -0.052869 -0.009192 -0.999937 -0.006363 -0.009089 -0.999938 -0.006414 -0.009089 -0.999938 -0.006414 -0.009089 -0.999938 -0.006414 -0.009192 -0.999937 -0.006362 -0.009089 -0.999938 -0.006414 -0.061045 -0.995776 0.068577 -0.082211 -0.991878 0.097051 -0.004022 0.999800 0.019599 -0.004579 0.998308 0.057969 -0.003676 0.999993 0.000592 -0.003664 0.999993 0.000121 -0.002749 0.998380 -0.056837 -0.003390 0.999807 -0.019339 0.001868 0.981735 -0.190246 -0.002486 0.998962 -0.045475 0.595748 0.000000 -0.803171 0.595748 -0.000000 -0.803172 0.000071 0.968774 -0.247947 0.001278 0.956304 -0.292372 -0.002010 0.997513 -0.070453 0.001435 -0.999941 -0.010769 -0.249699 -0.961869 0.111615 -0.003660 0.999993 -0.000013 -0.003664 0.999993 -0.000013 -0.003663 0.999993 -0.000026 -0.003662 0.999993 -0.000013 -0.998446 -0.025643 0.049471 -0.998446 -0.025658 0.049471 -0.998446 -0.025660 0.049471 -0.998446 -0.025644 0.049471 0.994423 0.000001 -0.105466 0.994422 0.000001 -0.105471 0.994423 0.000001 -0.105469 0.994423 0.000001 -0.105468 0.595980 0.000000 -0.802999 0.595981 0.000000 -0.802999 0.595981 0.000000 -0.802998 0.595980 0.000000 -0.802999 0.994444 -0.000000 -0.105272 0.994444 -0.000000 -0.105264 -0.000033 -1.000000 -0.000720 0.000136 -1.000000 -0.000599 0.288764 -0.925044 -0.246799 0.354703 -0.884331 -0.303552 0.385673 -0.860446 -0.333001 0.461702 -0.791824 -0.399807 -0.004416 0.998946 0.045690 -0.009226 0.981484 0.191322 0.994443 -0.000000 -0.105274 
						0.994443 -0.000000 -0.105275 -0.998446 -0.025643 0.049471 -0.998446 -0.025643 0.049471 0.288262 -0.944910 -0.155079 0.648321 0.000886 -0.761366 0.648327 -0.000656 -0.761362 0.648327 -0.000835 -0.761361 0.648322 0.000707 -0.761366 0.576580 -0.000051 -0.817041 0.576579 -0.000035 -0.817041 0.576579 -0.000035 -0.817041 0.576580 -0.000049 -0.817041 0.595751 0.000000 -0.803170 0.595751 0.000000 -0.803169 -0.648320 0.001076 0.761367 -0.648327 -0.000930 0.761361 -0.648328 -0.001162 0.761360 -0.648321 0.000844 0.761366 0.285055 -0.946761 -0.149620 0.542668 0.235205 -0.806343 0.561581 -0.025174 -0.827038 -0.000015 -1.000000 -0.000010 -0.103530 -0.990653 0.088820 0.999774 -0.005424 0.020570 0.999394 -0.005206 0.034424 0.990470 -0.130450 0.044180 0.999111 0.000000 0.042161 0.126563 0.986713 -0.101882 0.127658 0.986470 -0.102856 0.999095 0.000000 0.042527 0.996671 0.069540 0.042551 0.006159 0.990818 -0.135060 0.006097 0.993065 -0.117411 0.964901 -0.258652 0.045452 0.970050 -0.238646 0.045299 0.980278 -0.192424 0.045038 0.178463 0.843955 -0.505856 0.124782 0.867220 -0.482036 0.012750 0.986677 -0.162192 0.999080 -0.005600 0.042526 0.129146 -0.985600 -0.109150 0.126475 -0.986221 -0.106642 0.000000 -1.000000 0.000000 0.000000 -1.000000 0.000000 0.999095 0.000000 0.042523 0.999095 0.000000 0.042530 0.000182 0.999986 0.005301 -0.022774 0.999480 0.022826 -0.545270 0.806985 0.226840 -0.486988 0.844687 0.222142 -0.127724 0.987238 0.095122 -0.252433 0.943428 0.214991 0.992727 -0.005310 0.120274 0.990006 -0.005155 0.140931 -0.997155 -0.026397 0.070601 -0.999635 -0.026921 0.002416 -0.999612 -0.026655 0.008117 -0.997577 -0.023658 0.065432 -0.312853 0.906530 0.283418 -0.313596 0.908279 0.276925 -0.096994 0.991302 0.088946 -0.097120 0.991459 0.087040 1.000000 -0.000000 0.000012 1.000000 -0.000000 0.000011 
						1.000000 -0.000000 0.000013 1.000000 -0.000000 0.000012 1.000000 0.000000 0.000012 0.997203 0.074740 -0.000018 0.998703 0.050910 -0.000051 1.000000 -0.000000 0.000014 1.000000 0.000000 0.000014 1.000000 -0.000003 0.000012 0.995048 -0.099397 -0.000177 0.991348 -0.131259 -0.000121 0.006093 0.995980 -0.089365 0.000539 0.996727 -0.080836 0.006034 0.999982 -0.000458 0.006069 0.999982 0.000000 0.006034 0.999982 -0.000457 0.006069 0.999982 0.000000 0.991427 0.130661 0.000196 0.990893 0.134653 0.000203 -1.000000 0.000000 -0.000012 -0.998709 0.050787 -0.000830 -0.997214 0.074585 -0.001293 -1.000000 -0.000000 -0.000012 0.006034 0.999982 -0.000457 0.006069 0.999982 0.000000 -0.998916 -0.046542 0.000974 -1.000000 -0.000000 -0.000010 -0.999999 -0.001149 -0.000144 -0.998736 -0.050254 -0.000411 -1.000000 -0.000000 -0.000012 -1.000000 0.000000 -0.000012 -0.991421 0.130685 -0.002359 -0.999449 0.033180 -0.000628 0.968649 0.248435 0.000382 0.958065 0.286547 -0.001156 0.997163 0.075272 0.000125 0.997063 0.076591 0.000376 1.000000 0.000000 0.000015 1.000000 0.000000 0.000016 0.991419 -0.130723 -0.000122 0.999448 -0.033212 -0.000035 -0.236699 0.014962 0.971468 -0.056645 0.015257 0.998278 -0.046014 0.010699 0.998884 -0.206838 0.016381 0.978238 1.000000 0.000000 0.000012 1.000000 -0.000000 0.000013 0.976277 0.216524 0.000066 0.998888 0.047156 0.000021 0.996577 0.082661 0.000600 0.292066 -0.956106 -0.023661 0.293169 -0.955814 -0.021700 0.089109 -0.993119 0.075988 0.089109 -0.993118 0.075995 -0.000005 1.000000 0.000000 -0.000000 1.000000 0.000000 0.000000 1.000000 -0.000000 -0.000005 1.000000 0.000000 1.000000 0.000000 0.000014 1.000000 -0.000002 0.000014 1.000000 -0.000000 0.000016 1.000000 0.000000 0.000015 -1.000000 0.000000 -0.000014 -1.000000 0.000008 -0.000014 1.000000 0.000000 0.000015 
						1.000000 0.000000 0.000020 -1.000000 -0.000000 -0.000014 -1.000000 0.000000 -0.000014 -1.000000 0.000000 -0.000013 -1.000000 0.000000 -0.000016 -1.000000 0.000000 -0.000017 -1.000000 -0.000006 -0.000023 -0.999448 -0.033209 0.000591 -1.000000 0.000000 -0.000013 -1.000000 0.000000 -0.000012 -1.000000 0.000001 -0.000015 0.307304 -0.951072 -0.032019 0.098336 -0.992549 0.071955 1.000000 0.000000 0.000012 1.000000 -0.000000 0.000011 -0.991314 -0.131493 0.002402 -0.995047 -0.099390 0.001847 -1.000000 -0.000005 -0.000016 -1.000000 -0.000000 -0.000014 -1.000000 -0.000000 -0.000020 -0.000022 1.000000 -0.000000 -0.000001 1.000000 0.000000 -0.000000 1.000000 0.000000 -0.000022 1.000000 0.000000 1.000000 -0.000000 0.000011 1.000000 0.000000 0.000006 1.000000 0.000000 0.000010 1.000000 -0.000000 0.000008 0.000000 1.000000 0.000000 0.000000 1.000000 0.000000 0.000000 1.000000 0.000000 0.000000 1.000000 0.000000 -1.000000 -0.000000 -0.000013 -0.999635 -0.026919 0.002415 -0.999612 -0.026654 0.008123 -0.974681 -0.024117 0.222293 -0.998383 -0.007570 0.056349 -0.997606 -0.016557 0.067149 -0.966305 -0.019846 0.256632 1.000000 -0.000019 0.000014 1.000000 0.000002 0.000012 1.000000 0.000002 0.000012 1.000000 -0.000015 0.000015 1.000000 0.000036 0.000013 1.000000 -0.000000 0.000008 1.000000 -0.000000 0.000003 0.991051 -0.133481 -0.000183 0.994803 -0.101821 -0.000080 0.075035 0.992233 -0.099211 0.123825 0.987019 -0.102276 0.339511 0.901272 -0.269147 0.316641 0.904759 -0.284868 -0.295907 0.910883 0.287629 -0.331610 0.903541 0.271381 -0.127184 0.986647 0.101744 -0.109023 0.989158 0.098390 -0.992357 0.123375 -0.002640 -0.991357 0.131164 -0.002877 -0.988566 0.150763 -0.002752 -0.964848 0.262766 -0.004794 -0.967220 0.253883 -0.005323 -1.000000 0.000000 -0.000014 -1.000000 0.000000 -0.000012 0.000000 1.000000 0.000502 
						0.000060 1.000000 0.000455 0.000060 1.000000 0.000455 0.000000 1.000000 0.000502 0.000060 1.000000 0.000455 0.000000 1.000000 0.000502 0.000000 1.000000 0.000502 0.000060 1.000000 0.000455 0.999594 0.028442 0.001942 0.999681 0.025235 -0.000712 0.999863 0.016450 -0.001695 0.999485 -0.032073 0.000399 0.997800 -0.066279 -0.001235 0.999980 -0.006325 -0.000076 0.999999 -0.001009 0.000028 0.998748 -0.050021 0.000346 -0.997748 -0.067033 0.002271 -0.999978 -0.006639 0.000538 -0.999865 0.016419 0.000552 -0.999492 -0.031727 -0.002900 -1.000000 -0.000000 -0.000012 -1.000000 -0.000000 -0.000015 1.000000 -0.000000 0.000013 1.000000 0.000000 0.000013 -0.996871 -0.023140 0.075578 -0.963840 -0.019785 0.265745 -1.000000 0.000000 -0.000012 -0.997175 0.075108 -0.001345 -0.958326 0.285651 -0.003963 -0.968622 0.248488 -0.004972 1.000000 0.000000 0.000016 1.000000 0.000008 0.000013 0.994910 -0.100766 -0.000117 0.991424 -0.130683 -0.000121 -1.000000 0.000000 -0.000014 -0.990914 0.134469 -0.002531 -0.991424 0.130661 -0.002417 -0.965605 -0.020393 0.259212 -0.972224 -0.020603 0.233143 0.974834 0.222924 -0.001953 0.967290 0.253672 0.000585 0.992372 0.123277 0.000879 0.997761 0.066872 0.001033 0.998416 0.056266 -0.000192 -0.989683 0.143251 -0.002603 -0.991817 0.127658 -0.001632 -0.968995 0.247040 -0.004469 0.999947 0.010264 -0.000022 1.000000 0.000000 0.000010 1.000000 -0.000000 0.000011 -0.991049 -0.133480 0.002404 -0.991144 -0.132766 0.002406 -1.000000 0.000000 -0.000010 -1.000000 0.000000 -0.000025 -1.000000 -0.000000 -0.000017 -0.313787 0.908169 0.277067 -0.096997 0.991302 0.088946 0.000578 1.000000 -0.000076 0.000588 1.000000 0.000000 0.000597 1.000000 0.000000 0.000578 1.000000 -0.000076 0.999449 0.033199 0.000047 0.991424 0.130686 0.000197 0.006093 0.995980 -0.089366 0.006069 0.999982 0.000000 
						0.006069 0.999982 0.000000 0.006069 0.999982 0.000000 -0.996871 -0.023138 0.075578 -0.963838 -0.019813 0.265751 -0.996871 -0.023140 0.075578 -0.963840 -0.019785 0.265745 -0.067874 -0.986483 0.149145 -0.088249 -0.983542 0.157664 0.000000 -0.993039 0.117784 0.014709 -0.993690 0.111195 -0.088249 -0.983542 0.157661 -0.088516 -0.983523 0.157629 -0.007528 -0.993067 0.117306 0.000000 -0.993039 0.117783 -0.007528 -0.993068 0.117304 0.000000 -0.993039 0.117785 -0.007528 -0.993068 0.117302 0.000000 -0.993039 0.117785 0.076825 -0.995219 0.060315 0.089109 -0.993119 0.075988 0.000000 -0.993040 0.117780 0.014707 -0.993690 0.111190 0.000000 -0.993039 0.117783 0.014711 -0.993690 0.111196 0.006069 0.999982 0.000000 0.005371 0.999985 0.000644 -0.064033 0.019218 0.997763 -0.243363 0.015566 0.969810 -0.238746 0.017254 0.970929 -0.059851 0.024732 0.997901 -0.064033 0.019217 0.997763 -0.243365 0.015595 0.969809 -0.064033 0.019218 0.997763 -0.243363 0.015567 0.969810 0.006069 0.999982 0.000000 0.005397 0.999985 0.000621 0.006069 0.999982 0.000000 0.005427 0.999985 0.000591 -0.998423 0.056127 0.000770 -0.997764 0.066827 -0.000607 -0.974584 0.223997 -0.003366 0.000597 1.000000 0.000000 0.000578 1.000000 -0.000076 0.000578 1.000000 -0.000076 0.000588 1.000000 0.000000 -0.088249 -0.983541 0.157668 -0.284554 -0.927892 0.240928 -0.283448 -0.927851 0.242384 0.000000 1.000000 0.000000 0.000000 1.000000 0.000000 0.000000 1.000000 0.000000 0.000000 1.000000 0.000000 1.000000 0.000001 0.000013 0.241994 -0.970197 0.012554 0.278628 -0.960194 -0.019864 0.057594 -0.997532 0.040167 -0.127862 0.985318 0.113137 -0.128470 0.985177 0.113675 -1.000000 -0.000015 -0.000014 -1.000000 0.000002 -0.000014 -1.000000 0.000001 -0.000011 -1.000000 -0.000019 -0.000013 1.000000 -0.000003 0.000012 1.000000 -0.000003 0.000015 
						-0.999523 -0.028420 -0.012111 -0.999015 -0.037239 -0.024116 -0.088250 -0.983541 0.157666 -0.283341 -0.927921 0.242241 0.000000 -0.993040 0.117781 0.000000 -0.993039 0.117781 0.000000 -0.993040 0.117781 1.000000 -0.000000 0.000014 1.000000 0.000000 0.000014 1.000000 -0.000000 0.000036 1.000000 -0.000000 0.000039 -0.012589 0.995435 -0.094606 -0.015401 0.995516 -0.093328 -0.015401 0.995516 -0.093328 -0.012592 0.995434 -0.094621 0.291988 -0.956136 -0.023391 0.089109 -0.993119 0.075988 -1.000000 0.000000 -0.000012 -1.000000 -0.000003 -0.000013 -1.000000 -0.000003 -0.000013 -1.000000 -0.000000 -0.000014 -0.993583 0.113104 0.000872 -0.992958 0.118461 -0.001060 -0.994061 0.108809 -0.001799 -0.975898 0.218187 -0.004127 0.999112 0.000000 0.042144 0.999111 -0.000000 0.042156 0.999099 0.005572 0.042066 0.999110 -0.000000 0.042180 0.990420 0.132379 0.039300 0.128003 0.986408 -0.103027 0.128615 0.986281 -0.103478 -0.996576 0.082672 -0.001208 -0.976260 0.216568 -0.003762 0.535947 0.841921 0.062689 0.499591 0.865643 0.032717 0.706602 0.706906 0.031605 0.734743 0.677558 0.032679 -0.126426 0.985635 0.111986 -0.127520 0.985406 0.112753 0.999110 0.000000 0.042174 0.990222 0.133851 0.039295 -0.000137 0.000000 1.000000 -0.000138 0.000000 1.000000 -0.000139 0.000000 1.000000 -0.000142 0.000000 1.000000 -0.000159 0.000000 1.000000 -0.000187 0.000000 1.000000 -0.000144 0.000000 1.000000 -0.995692 0.092707 -0.001716 -0.997117 0.075866 -0.001519 -1.000000 0.000019 -0.000014 -1.000000 0.000000 -0.000014 -1.000000 0.000000 -0.000013 -0.999830 -0.018442 0.000370 0.289263 -0.957004 -0.021701 -0.263684 -0.935555 0.234962 0.000433 1.000000 0.000132 0.000571 1.000000 0.000085 0.000579 1.000000 0.000086 0.000444 1.000000 0.000135 0.000670 1.000000 0.000000 0.000662 1.000000 0.000000 0.000000 1.000000 0.000000 
						0.000000 1.000000 0.000000 0.000000 1.000000 -0.000000 0.000000 1.000000 0.000000 0.000000 -0.994382 0.105850 0.010263 -0.994816 0.101173 0.010267 -0.994812 0.101205 0.000000 -0.994382 0.105850 0.000000 1.000000 0.000000 0.000000 1.000000 -0.000000 0.000000 1.000000 0.000000 0.000000 1.000000 -0.000000 0.000000 1.000000 0.000502 0.000000 1.000000 0.000519 0.000000 1.000000 0.000000 0.000000 1.000000 -0.000000 0.000000 1.000000 0.000000 0.000000 1.000000 -0.000000 0.000000 1.000000 0.000502 0.000000 1.000000 0.000502 -0.999683 0.024998 0.002814 -0.999601 0.028241 -0.001108 -0.280803 -0.929014 0.241004 -0.280510 -0.929139 0.240861 0.000577 1.000000 0.000086 0.000597 1.000000 0.000000 0.000589 1.000000 -0.000000 0.000573 1.000000 0.000085 0.000662 1.000000 0.000000 0.000589 1.000000 -0.000000 0.000597 1.000000 0.000000 0.000670 1.000000 0.000000 0.000000 1.000000 0.000000 0.000000 1.000000 0.000000 0.000000 1.000000 0.000000 0.000000 1.000000 0.000000 0.000000 -0.993039 0.117782 0.089109 -0.993119 0.075987 0.000000 -0.993040 0.117781 0.000000 -0.993039 0.117785 -0.088250 -0.983542 0.157664 0.127291 0.986558 -0.102474 0.128135 0.986367 -0.103250 1.000000 0.000019 0.000014 1.000000 0.000000 0.000013 1.000000 -0.000000 0.000016 0.000438 1.000000 0.000133 0.000433 1.000000 0.000132 0.000433 1.000000 0.000132 0.000433 1.000000 0.000132 0.998922 -0.046430 -0.000155 1.000000 0.000000 0.000018 1.000000 0.000000 0.000013 0.999831 -0.018404 -0.000053 1.000000 -0.000000 0.000011 0.991317 -0.131492 -0.000122 0.994597 0.094671 0.042592 0.998564 -0.032705 0.042424 0.999095 -0.000000 0.042530 0.107221 0.990419 -0.087032 0.079502 0.990882 -0.108781 0.086149 0.989817 -0.113313 0.108921 0.990115 -0.088362 0.005409 0.992414 -0.122824 0.000000 0.992744 -0.120245 
						0.000000 0.992744 -0.120244 0.005409 0.992414 -0.122825 1.000000 -0.000001 -0.000000 0.980725 -0.000001 0.195395 0.980715 -0.000000 0.195443 1.000000 -0.000001 -0.000000 0.000000 0.993041 -0.117769 0.000000 0.993041 -0.117768 0.000000 0.993041 -0.117768 0.000000 0.993041 -0.117768 -0.001392 -0.999999 0.000000 -0.001392 -0.999999 0.000000 -0.001384 -0.999621 0.027488 -0.019110 -0.999570 0.022255 0.000005 -1.000000 0.000000 0.000000 -1.000000 0.000000 0.000000 -1.000000 0.000000 0.000006 -1.000000 0.000000 0.999080 -0.005614 0.042525 0.999067 -0.007532 0.042521 -0.098889 0.991025 0.089950 -0.067438 0.997719 -0.002878 -0.068860 0.997511 0.015139 -0.100473 0.990740 0.091318 0.999112 0.000000 0.042126 0.000000 0.993037 -0.117802 0.000000 0.993041 -0.117770 0.000000 0.993041 -0.117768 0.000000 0.993038 -0.117799 0.010267 -0.994812 0.101205 0.000000 -0.994382 0.105850 0.000000 -0.994382 0.105850 0.010263 -0.994816 0.101173 0.000631 1.000000 0.000000 0.000580 1.000000 0.000086 0.000571 1.000000 0.000085 0.000631 1.000000 0.000000 -0.001381 -0.999999 -0.000000 -0.027966 -0.999350 0.022734 0.000000 0.992744 -0.120243 0.000000 0.992744 -0.120243 0.000000 0.115062 -0.993358 0.000000 0.115071 -0.993357 -0.197119 0.074469 -0.977547 -0.139291 0.089254 -0.986221 0.000000 -0.993039 0.117783 0.000000 -0.993040 0.117780 0.000000 -0.993040 0.117780 -0.000025 -1.000000 -0.000018 -0.000025 -1.000000 -0.000018 -0.000025 -1.000000 -0.000018 -0.000025 -1.000000 -0.000018 0.000000 0.992741 -0.120276 0.000000 0.992744 -0.120245 0.000000 0.992744 -0.120245 0.000000 0.992741 -0.120275 -0.127154 0.985487 0.112458 -0.127995 0.985295 0.113184 0.000000 0.992741 -0.120274 0.000000 0.992740 -0.120277 0.999110 -0.000000 0.042181 0.990335 0.133012 0.039298 -0.994784 -0.101989 0.001765 -1.000000 0.000000 -0.000014 
						-1.000000 0.000036 -0.000016 0.000444 1.000000 0.000135 0.000433 1.000000 0.000132 0.000433 1.000000 0.000132 0.000433 1.000000 0.000132 -0.991218 -0.132218 0.002400 -1.000000 0.000000 -0.000014 0.290141 -0.956739 -0.021640 -0.000025 -1.000000 -0.000018 -0.000025 -1.000000 -0.000018 -0.000025 -1.000000 -0.000018 -0.000025 -1.000000 -0.000018 0.964859 0.262769 0.000337 0.988570 0.150764 0.000205 0.991368 0.131110 0.000457 0.000000 1.000000 -0.000000 0.000000 1.000000 0.000000 -0.000076 1.000000 0.000578 0.000000 1.000000 0.000502 0.000000 1.000000 0.000502 -0.000081 1.000000 0.000619 -0.991273 -0.131802 0.002343 -1.000000 -0.000000 -0.000004 -1.000000 -0.000000 -0.000009 -0.015401 0.995516 -0.093328 -0.012594 0.995432 -0.094638 -0.012594 0.995432 -0.094639 -0.015401 0.995516 -0.093328 0.000000 1.000000 0.000000 0.000000 1.000000 0.000000 -0.013699 -0.994477 0.104057 -0.013699 -0.994477 0.104057 1.000000 0.000000 0.000009 1.000000 -0.000000 0.000015 0.991221 -0.132218 -0.000118 0.991147 -0.132766 -0.000123 -0.281635 -0.928790 0.240897 0.000000 1.000000 0.000557 0.000000 1.000000 0.000574 1.000000 -0.000000 0.000017 1.000000 -0.000000 0.000010 0.991276 -0.131803 -0.000119 0.000000 0.993041 -0.117768 0.000000 0.993037 -0.117801 0.000000 0.993037 -0.117802 0.000000 0.993041 -0.117770 0.000000 0.115107 -0.993353 -0.194248 0.075028 -0.978079 0.000000 -1.000000 -0.000000 0.000000 -1.000000 0.000000 0.000000 -1.000000 0.000000 0.000000 -1.000000 0.000000 0.011060 0.992054 -0.125325 0.011061 0.992054 -0.125328 -0.000087 1.000000 0.000661 -0.000087 1.000000 0.000661 0.968972 0.247171 -0.000102 0.991809 0.127730 0.000387 0.989684 0.143270 0.000185 1.000000 -0.000001 -0.000000 0.980728 -0.000000 0.195376 0.999645 0.026655 -0.000328 1.000000 -0.000000 0.000010 0.000000 0.992744 -0.120244 
						0.000000 0.992744 -0.120245 0.000000 1.000000 0.000000 0.000000 1.000000 0.000000 0.000000 1.000000 -0.000000 0.000000 1.000000 0.000000 -0.000001 1.000000 0.000000 0.000000 1.000000 0.000000 -0.999647 0.026483 0.001869 0.975882 0.218298 0.000321 0.997118 0.075860 0.000131 0.995692 0.092718 0.000143 0.994053 0.108900 0.000440 0.992958 0.118460 0.001072 0.993548 0.113367 -0.003325 0.000608 1.000000 0.000000 0.000560 1.000000 0.000074 0.000590 1.000000 0.000078 0.000607 1.000000 0.000000 0.000433 1.000000 0.000132 0.000438 1.000000 0.000133 0.000573 1.000000 0.000085 0.000577 1.000000 0.000086 -0.000136 -0.000000 1.000000 -0.000139 0.000000 1.000000 -0.000138 0.000000 1.000000 -0.000139 -0.000000 1.000000 -0.000023 0.000000 1.000000 -0.000024 0.000000 1.000000 -0.000024 0.000000 1.000000 -0.000025 0.000000 1.000000 -0.000035 -0.000001 1.000000 -0.000037 0.000000 1.000000 -0.000036 0.000000 1.000000 -0.000022 0.000000 1.000000 -0.000021 0.000000 1.000000 -0.000024 0.000000 1.000000 -0.000024 0.000000 1.000000 -0.000022 0.000000 1.000000 -0.000136 0.000000 1.000000 -0.000139 0.000000 1.000000 -0.000138 -0.000000 1.000000 -0.000135 -0.000000 1.000000 -0.000138 0.000000 1.000000 -0.000139 -0.000000 1.000000 -0.000139 -0.000000 1.000000 -0.000133 -0.000000 1.000000 -0.000025 0.000000 1.000000 -0.000025 0.000000 1.000000 -0.000024 0.000000 1.000000 -0.000025 -0.000000 1.000000 -0.000137 -0.000000 1.000000 -0.000129 0.000001 1.000000 -0.000152 0.000003 1.000000 -0.000133 -0.000000 1.000000 -0.000138 0.000000 1.000000 -0.000025 0.000000 1.000000 -0.000028 0.000000 1.000000 -0.000141 -0.000000 1.000000 -0.000139 -0.000000 1.000000 -0.000140 -0.000000 1.000000 -0.000131 -0.000000 1.000000 -0.000022 0.000000 1.000000 -0.000025 0.000000 1.000000 -0.000025 0.000000 1.000000 
						-0.000024 0.000000 1.000000 -0.000026 -0.000000 1.000000 -0.000025 -0.000000 1.000000 -0.000024 -0.000000 1.000000 -0.000023 0.000000 1.000000 -0.000137 0.000000 1.000000 -0.000140 -0.000000 1.000000 -0.000141 -0.000000 1.000000 -0.000140 -0.000000 1.000000 -0.000027 0.000000 1.000000 -0.000027 -0.000000 1.000000 -0.000025 -0.000000 1.000000 -0.000027 -0.000000 1.000000 -0.000138 0.000000 1.000000 -0.000140 0.000000 1.000000 -0.000138 0.000000 1.000000 -0.000137 0.000000 1.000000 -0.000138 -0.000000 1.000000 -0.000138 -0.000000 1.000000 -0.000140 -0.000000 1.000000 -0.000138 -0.000000 1.000000 -0.000138 -0.000000 1.000000 -0.000137 0.000001 1.000000 -0.000025 0.000000 1.000000 -0.000025 0.000000 1.000000 -0.000022 -0.000000 1.000000 -0.000024 -0.000000 1.000000 -0.000142 -0.000000 1.000000 -0.000141 -0.000000 1.000000 -0.000140 -0.000000 1.000000 -0.000141 -0.000000 1.000000 -0.000137 0.000000 1.000000 -0.000138 0.000000 1.000000 -0.000138 0.000000 1.000000 -0.000137 0.000000 1.000000 -0.000021 0.000000 1.000000 -0.000022 0.000000 1.000000 0.000103 -0.000000 1.000000 0.000021 -0.000000 1.000000 -0.000077 -0.000000 1.000000 -0.000057 -0.000000 1.000000 -0.000024 -0.000000 1.000000 -0.000024 -0.000000 1.000000 -0.000026 -0.000000 1.000000 -0.000026 -0.000000 1.000000 -0.000026 0.000000 1.000000 -0.000026 0.000000 1.000000 -0.000026 0.000000 1.000000 -0.000026 0.000000 1.000000 -0.000025 0.000000 1.000000 -0.000013 0.000000 1.000000 -0.000021 -0.000000 1.000000 -0.000027 -0.000000 1.000000 -0.000017 0.000000 1.000000 -0.000028 0.000000 1.000000 -0.000022 -0.000000 1.000000 -0.000024 -0.000000 1.000000 -0.000141 -0.000000 1.000000 -0.000133 -0.000000 1.000000 -0.000021 0.000000 1.000000 -0.000026 0.000000 1.000000 -0.000134 -0.000000 1.000000 -0.000136 0.000000 1.000000 -0.000140 0.000000 1.000000 
						-0.000132 -0.000000 1.000000 -0.000024 0.000000 1.000000 -0.000024 -0.000000 1.000000 -0.000049 -0.000000 1.000000 -0.000066 0.000000 1.000000 -0.000030 0.000000 1.000000 -0.000028 0.000000 1.000000 -0.000136 -0.000000 1.000000 -0.000136 -0.000000 1.000000 -0.000023 0.000000 1.000000 -0.000118 -0.000000 1.000000 -0.000117 -0.000000 1.000000 -0.000016 -0.000000 1.000000 0.000007 0.000000 1.000000 0.000159 0.000000 1.000000 0.000187 0.000000 1.000000 0.000011 0.000000 1.000000 -0.000017 -0.000002 1.000000 0.132291 -0.000345 -0.991211 0.482828 0.053206 -0.874097 0.454928 0.015021 -0.890401 0.130917 -0.024495 -0.991091 0.857776 0.071225 -0.509065 0.814885 0.091063 -0.572424 0.984898 0.082099 -0.152434 0.972183 0.038564 -0.231028 0.522608 0.679494 -0.514944 0.531399 0.296059 -0.793702 0.572699 0.052365 -0.818092 0.527394 0.521196 -0.670977 0.521535 -0.246877 -0.816733 0.402976 -0.452028 -0.795789 0.597601 -0.313251 -0.738069 0.586807 0.038677 -0.808803 -0.209379 -0.973292 0.094141 -0.433138 -0.881512 0.187959 -0.515279 -0.837670 0.181096 -0.211503 -0.972736 0.095137 -0.416965 -0.882153 0.218965 -0.453801 -0.839846 0.297864 0.270909 0.842463 -0.465688 0.463302 0.545831 -0.698155 0.422075 0.618375 -0.662922 0.219804 0.856814 -0.466430 0.536288 0.268283 -0.800262 0.501790 0.422843 -0.754593 0.328606 0.637683 -0.696691 0.233173 0.767539 -0.597088 -0.663799 -0.673770 0.324662 0.560044 0.045929 -0.827189 0.536430 -0.293301 -0.791339 0.566383 -0.058398 -0.822070 0.542143 0.262317 -0.798293 0.541454 -0.667121 -0.511642 0.538018 -0.510532 -0.670742 0.989435 0.060868 -0.131584 0.871765 0.069947 -0.484904 0.857028 0.040096 -0.513707 0.983413 0.083627 -0.160953 0.508362 0.054536 -0.859415 0.505953 0.085078 -0.858355 0.157600 0.085302 -0.983812 0.178313 0.095252 -0.979353 0.419690 0.480594 -0.769994 
						0.595275 0.306048 -0.742955 0.678424 0.058418 -0.732345 0.499421 -0.826754 -0.258952 0.421347 -0.879715 -0.220380 0.203015 -0.972715 -0.112294 0.760707 -0.543044 -0.355569 0.657038 -0.673841 -0.337993 0.452393 -0.544286 -0.706465 0.383508 -0.602498 -0.699942 0.477609 -0.409798 -0.777145 0.733109 -0.544974 -0.406884 0.492250 -0.831862 -0.256310 0.415958 -0.882264 -0.220431 0.200477 -0.973405 -0.110865 -0.000029 -1.000000 0.000000 -0.000054 -1.000000 0.000000 -0.000070 -1.000000 -0.000000 -0.000046 -1.000000 0.000000 -0.000292 -1.000000 0.000000 -0.000047 -1.000000 0.000000 -0.000085 -1.000000 0.000000 -0.000009 -1.000000 0.000000 0.000137 -1.000000 0.000000 0.000008 -1.000000 0.000000 0.000149 -1.000000 0.000000 0.000018 -1.000000 0.000000 -0.000117 -1.000000 0.000000 0.000000 -1.000000 -0.000000 0.000000 -1.000000 -0.000000 0.000000 -1.000000 -0.000000 0.000000 -1.000000 -0.000000 0.000000 -1.000000 -0.000000 0.000000 -1.000000 -0.000000 0.000000 -1.000000 -0.000000 0.000000 -1.000000 -0.000000 0.000000 -1.000000 -0.000000 0.000000 -1.000000 -0.000000 0.000000 -1.000000 -0.000000 0.000000 -1.000000 -0.000000 -0.000138 -1.000000 0.000000 0.000086 -1.000000 0.000000 0.000095 -1.000000 0.000000 -0.000285 -1.000000 0.000000 0.000000 -1.000000 0.000000 0.000000 -1.000000 0.000000 -0.000001 -1.000000 -0.000000 -0.000001 -1.000000 0.000000 -0.000010 -1.000000 -0.000000 -0.000005 -1.000000 0.000001 0.000000 -1.000000 -0.000000 0.000000 -1.000000 -0.000000 0.000012 -1.000000 -0.000004 0.000024 -1.000000 -0.000000 0.000002 -1.000000 -0.000000 0.000001 -1.000000 -0.000001 -0.000010 -1.000000 -0.000233 -0.000005 -1.000000 0.000001 0.000005 -1.000000 0.000000 0.000000 -1.000000 0.000000 -0.000008 -1.000000 0.000000 0.000000 -1.000000 0.000000 -0.000016 -1.000000 0.000000 -0.000001 -1.000000 -0.000000 0.000001 -1.000000 -0.000001 
						0.000006 -1.000000 0.000004 -0.000001 -1.000000 0.000001 -0.000165 -1.000000 -0.000109 -0.000002 -1.000000 0.000003 -0.000335 -1.000000 -0.000220 -0.000001 -1.000000 0.000001 0.000002 -1.000000 0.000004 -0.000158 -1.000000 -0.000106 -0.000004 -1.000000 -0.000007 -0.000320 -1.000000 -0.000215 -0.000017 -1.000000 -0.000020 -0.000000 -1.000000 0.000008 0.000000 -1.000000 0.000008 -0.000001 -1.000000 -0.000009 0.000000 -1.000000 -0.000008 0.000000 -1.000000 -0.000017 0.000000 -1.000000 -0.000016 -0.000284 -1.000000 -0.000008 0.000000 -1.000000 -0.000008 -0.000285 -1.000000 0.000008 -0.000001 -1.000000 0.000008 0.000000 -1.000000 0.000016 0.000000 -1.000000 0.000016 -0.000000 -1.000000 -0.000000 -0.000007 -1.000000 -0.000004 0.000000 -1.000000 0.000000 0.000006 -1.000000 0.000004 -0.000000 -1.000000 -0.000000 0.000013 -1.000000 0.000008 -0.000291 -1.000000 -0.000008 -0.000294 -1.000000 -0.000008 -0.000001 -1.000000 0.000008 -0.000277 -1.000000 0.000008 0.000001 -1.000000 0.000016 0.000000 -1.000000 0.000016 -0.000136 -1.000000 0.000008 -0.000001 -1.000000 0.000008 -0.000227 -1.000000 0.000008 -0.000001 -1.000000 -0.000008 -0.000226 -1.000000 -0.000008 0.000000 -1.000000 -0.000016 -0.000226 -1.000000 -0.000016 -0.000003 -1.000000 -0.000005 0.000002 -1.000000 0.000005 0.000005 -1.000000 0.000011 -0.000026 -1.000000 0.000007 -0.000007 -1.000000 0.000007 -0.000275 -1.000000 0.000007 0.000000 -1.000000 -0.000011 -0.000270 -1.000000 -0.000010 0.000000 -1.000000 -0.000022 0.000003 -1.000000 -0.000020 -0.000086 -1.000000 -0.000008 -0.000027 -1.000000 -0.000009 -0.000117 -1.000000 -0.000008 -0.000018 -1.000000 0.000006 -0.000114 -1.000000 0.000008 -0.000006 -1.000000 0.000015 -0.000095 -1.000000 0.000016 -0.000005 -1.000000 0.000006 -0.000093 -1.000000 0.000003 0.000004 -1.000000 -0.000004 -0.000095 -1.000000 -0.000002 -0.000011 -1.000000 -0.000010 
						-0.000102 -1.000000 -0.000005 -0.000053 -1.000000 -0.000000 -0.000053 -1.000000 0.000000 -0.000043 -1.000000 0.000000 -0.000088 -1.000000 -0.000003 -0.000073 -1.000000 0.000002 -0.000166 -1.000000 0.000005 -0.000045 -1.000000 -0.000006 -0.000058 -1.000000 0.000004 -0.000045 -1.000000 0.000010 -0.000045 -1.000000 0.000000 -0.000051 -1.000000 0.000000 -0.000051 -1.000000 0.000000 -0.000045 -1.000000 0.000000 -0.000051 -1.000000 0.000000 -0.000043 -1.000000 0.000000 -0.000051 -1.000000 0.000000 -0.000051 -1.000000 0.000000 -0.000051 -1.000000 0.000000 -0.000051 -1.000000 0.000000 -0.000051 -1.000000 0.000000 -0.000051 -1.000000 0.000000 0.000004 -1.000000 -0.000015 0.000000 -1.000000 -0.000006 0.000015 -1.000000 0.000009 -0.000038 -1.000000 0.000000 0.000014 -1.000000 -0.000000 -0.000009 -1.000000 0.000000 0.132643 0.029240 -0.990732 0.497829 0.054895 -0.865536 0.856919 0.069979 -0.510679 0.987283 0.073276 -0.141078 0.551488 0.175162 -0.815585 0.523209 0.360581 -0.772162 0.380678 0.567425 -0.730146 -0.557012 -0.807691 0.193321 0.552749 0.156271 -0.818564 0.552342 0.157550 -0.818594 0.525273 0.345123 -0.777803 0.525862 0.344613 -0.777632 0.387096 0.550827 -0.739423 0.384931 0.553230 -0.738759 -0.560478 -0.805529 0.192321 -0.563163 -0.803648 0.192344 0.488115 -0.320551 -0.811783 0.807809 -0.486974 -0.332118 0.782437 -0.515526 -0.349321 0.550766 -0.785715 -0.281618 0.565821 -0.773735 -0.284923 0.519964 -0.391233 -0.759325 0.523233 -0.366904 -0.769161 0.475387 -0.744291 -0.469082 0.496565 -0.724871 -0.477478 0.995493 0.080238 -0.050552 0.998061 0.060596 -0.014198 0.997915 0.064452 -0.003483 0.997741 0.065617 -0.014383 0.487628 -0.338106 -0.804925 0.489185 -0.320577 -0.811128 0.783621 -0.513532 -0.349605 0.780142 -0.518451 -0.350124 0.543962 -0.791119 -0.279707 0.548076 -0.787705 -0.281307 0.542636 0.298718 -0.785056 
						0.554632 0.155980 -0.817346 0.489387 0.469121 -0.735136 0.494222 0.480913 -0.724201 0.490119 0.469836 -0.734191 -0.254837 -0.941778 0.219347 -0.253953 -0.942664 0.216546 0.253958 -0.942681 -0.216465 0.254846 -0.941812 -0.219188 0.496021 -0.475600 -0.726476 0.498896 -0.485516 -0.717897 0.546613 -0.300965 -0.781431 0.496829 -0.476390 -0.725406 0.557115 -0.156275 -0.815599 -0.571883 -0.799271 0.184704 0.516043 0.370061 -0.772498 0.484715 0.731174 -0.480037 0.991998 0.038312 -0.120303 0.996704 0.073564 -0.034209 0.503539 -0.464259 -0.728637 0.442658 -0.633025 -0.635086 0.289967 -0.814863 -0.501913 0.290615 -0.924035 -0.248398 0.496288 0.463561 -0.734037 0.538047 0.310062 -0.783816 0.488641 0.487437 -0.723626 0.488588 0.487541 -0.723592 -0.253196 -0.942915 0.216338 -0.253269 -0.942873 0.216438 0.253269 -0.942871 -0.216446 0.253196 -0.942914 -0.216343 0.494631 -0.493571 -0.715352 0.494615 -0.493396 -0.715483 0.543055 -0.312948 -0.779202 -0.060586 0.922904 -0.380234 0.096469 0.789535 -0.606076 0.103313 0.794443 -0.598488 0.296482 0.827805 -0.476274 0.304429 0.822475 -0.480476 0.464517 0.542608 -0.699857 0.462783 0.547034 -0.697556 0.540677 -0.793096 -0.280477 0.545681 -0.788553 -0.283576 0.742035 -0.514654 -0.429552 0.746610 -0.503296 -0.435048 0.472347 -0.539208 -0.697239 0.466942 -0.542706 -0.698165 0.512617 0.393894 -0.762936 0.463508 0.749987 -0.471889 0.430690 0.637125 -0.639201 0.997560 0.067429 -0.018096 0.995954 0.045467 -0.077514 0.997234 0.070774 -0.022706 0.997609 0.068618 -0.008238 -0.001699 0.981230 -0.192836 -0.003190 0.975627 -0.219415 -0.027855 0.823343 -0.566860 0.002973 0.857506 -0.514466 -0.056833 0.501647 -0.863204 0.007844 0.529578 -0.848225 0.504430 0.456450 -0.732942 0.598847 0.270794 -0.753693 0.527784 -0.803597 -0.275095 0.737876 -0.527544 -0.420993 0.460241 -0.546852 -0.699379 
						0.003629 0.809937 -0.586505 0.018283 0.816703 -0.576769 0.423285 0.757149 -0.497549 0.446158 0.725747 -0.523675 0.495438 0.443714 -0.746766 0.487356 0.473130 -0.733915 0.561336 0.006005 -0.827566 0.556704 0.108092 -0.823649 0.546997 0.203098 -0.812124 0.268707 -0.949348 -0.162895 0.545501 -0.789934 -0.280059 0.524652 -0.790566 -0.315827 0.748738 -0.496123 -0.439606 0.742598 -0.487771 -0.458941 0.002514 0.810127 -0.586249 0.003212 0.801079 -0.598550 0.452609 0.714376 -0.533677 0.454060 0.720928 -0.523538 0.499073 0.436382 -0.748664 0.499402 0.431880 -0.751051 -0.009322 0.810081 0.586244 -0.007471 0.833007 0.553212 0.454366 -0.740344 -0.495421 0.464931 -0.716351 -0.520270 0.506794 -0.434114 -0.744785 0.502569 -0.445150 -0.741125 0.544855 -0.789160 -0.283476 0.746651 -0.502569 -0.435817 0.472632 -0.538346 -0.697712 0.093663 0.790958 -0.604659 0.308196 0.821736 -0.479338 0.465840 0.539124 -0.701668 -0.010456 0.802956 0.595947 -0.010026 0.801043 0.598523 0.463579 -0.709848 -0.530292 0.463980 -0.711827 -0.527281 0.507209 -0.432530 -0.745424 0.507116 -0.429642 -0.747155 0.003547 0.802988 -0.595985 0.453030 0.716352 -0.530663 0.499524 0.434748 -0.749313 0.093979 0.791609 -0.603758 0.307686 0.822217 -0.478841 0.466196 0.538259 -0.702096 0.478709 -0.538915 -0.693115 0.475748 -0.535816 -0.697542 0.546073 -0.237891 -0.803251 0.457710 -0.721029 -0.520210 0.435221 -0.753005 -0.493524 0.555702 -0.166257 -0.814588 0.554201 -0.179962 -0.812696 0.413781 -0.693005 -0.590364 0.414295 -0.691932 -0.591262 0.414639 -0.691283 -0.591780 0.412994 -0.694487 -0.589172 0.196919 -0.965955 -0.167793 0.195770 -0.966277 -0.167280 0.553052 0.166260 -0.816389 0.555117 0.144931 -0.819048 0.434619 0.630379 -0.643217 0.402969 0.692064 -0.598885 0.403309 0.691415 -0.599406 0.428589 0.642932 -0.634783 -0.194594 -0.966607 0.166747 
						-0.195755 -0.966278 0.167290 0.556014 0.130150 -0.820920 0.555912 0.134194 -0.820337 0.452529 0.587043 -0.671266 0.453363 0.583532 -0.673760 0.453411 0.583516 -0.673741 0.452581 0.587025 -0.671246 -0.254790 0.930354 -0.263672 -0.256134 0.929588 -0.265069 -0.258505 0.956708 -0.133736 -0.257162 0.957170 -0.133016 0.558248 -0.129914 -0.819440 0.559003 -0.121985 -0.820143 0.467825 -0.573333 -0.672629 0.464209 -0.579863 -0.669529 0.464167 -0.579878 -0.669545 0.467778 -0.573499 -0.672520 0.307913 -0.914402 -0.262791 0.305177 -0.915786 -0.261158 0.551653 0.179957 -0.814429 0.402631 0.693130 -0.597878 0.400017 0.697544 -0.594490 0.400003 0.697544 -0.594500 0.401837 0.694609 -0.596695 -0.196932 -0.965953 0.167784 -0.196103 -0.966074 0.168061 0.558003 -0.137498 -0.818368 0.558006 -0.133967 -0.818952 0.463633 -0.583273 -0.666961 0.462502 -0.586287 -0.665101 0.462449 -0.586309 -0.665118 0.463574 -0.583294 -0.666984 0.303939 -0.916583 -0.259803 0.302774 -0.917269 -0.258739 0.555718 0.137748 -0.819880 0.555118 0.144236 -0.819170 0.449569 0.594444 -0.666726 0.451582 0.589981 -0.669325 0.451624 0.589971 -0.669306 0.449603 0.594252 -0.666875 -0.253151 0.931244 -0.262106 -0.254000 0.930787 -0.262908 -0.256360 0.957412 -0.132822 -0.255501 0.957721 -0.132252 0.557527 -0.144827 -0.817428 0.445716 -0.628275 -0.637657 0.439747 -0.641199 -0.628877 0.194611 -0.966605 -0.166734 0.556942 0.122191 -0.821514 0.457217 0.576926 -0.676837 0.457263 0.577062 -0.676691 -0.259192 0.928257 -0.266756 -0.260258 0.927719 -0.267588 -0.262690 0.955258 -0.135928 -0.261630 0.955738 -0.134593 0.539890 -0.299898 -0.786499 0.556912 -0.149384 -0.817027 0.459026 -0.594179 -0.660489 0.439778 -0.681481 -0.584960 0.439552 -0.681937 -0.584600 0.458987 -0.593979 -0.660697 0.300623 -0.918490 -0.256907 0.266921 -0.936795 -0.226204 0.153350 -0.978978 -0.134482 
						-0.356686 -0.883409 0.303915 -0.263509 -0.938155 0.224563 -0.174807 -0.973208 0.149362 -0.381171 -0.865476 0.325053 -0.381674 -0.865093 0.325482 -0.175124 -0.973109 0.149634 -0.076512 -0.994939 0.065138 -0.169411 -0.975092 0.143161 0.000006 -1.000000 0.000031 -0.000024 -1.000000 -0.000027 -0.000025 -1.000000 -0.000027 -0.000043 -1.000000 -0.000012 0.263450 -0.938114 -0.224803 0.174769 -0.973209 -0.149402 0.175087 -0.973110 -0.149673 0.076382 -0.994946 -0.065172 0.356710 -0.883427 -0.303834 0.381039 -0.865492 -0.325167 0.381537 -0.865110 -0.325600 0.169511 -0.975078 -0.143139 -0.477901 -0.825619 0.299940 -0.755762 -0.584196 0.295869 0.242479 0.763852 0.598109 0.079106 0.944416 0.319093 -0.010742 0.983064 0.182945 0.078460 0.895723 0.437634 -0.000074 -1.000000 0.000108 -0.002659 0.999989 0.003888 -0.003783 0.999991 0.002097 0.478108 -0.825347 -0.300358 -0.084469 0.946215 -0.312318 0.003540 0.983801 -0.179229 0.755671 -0.584647 -0.295208 -0.249414 0.766382 -0.591990 -0.085750 0.896621 -0.434416 0.987831 0.069791 -0.138992 0.989139 0.071657 -0.128331 0.866695 0.070371 -0.493850 0.860525 0.070423 -0.504517 0.710945 0.064971 -0.700239 0.505663 0.054525 -0.861006 0.262283 0.041340 -0.964105 0.132305 0.041706 -0.990331 0.140273 0.054148 -0.988631 0.989131 0.071636 -0.128402 0.866588 0.070370 -0.494039 0.710741 0.064988 -0.700445 0.262139 0.041342 -0.964144 0.132231 0.041708 -0.990341 0.989139 0.071659 -0.128332 0.866693 0.070371 -0.493853 0.710943 0.064972 -0.700242 0.262283 0.041339 -0.964105 0.132305 0.041705 -0.990331 0.064527 -0.996979 -0.043222 -0.003336 -0.999951 -0.009294 0.062725 -0.997132 -0.042350 -0.005572 -0.999951 -0.008176 -0.006728 -0.999948 -0.007594 0.576579 -0.000050 -0.817041 0.576579 -0.000051 -0.817041 0.994423 0.000000 -0.105462 0.994423 0.000000 -0.105463 0.994445 -0.000001 -0.105257 
						0.994441 -0.000001 -0.105297 0.595987 0.000000 -0.802994 0.595985 0.000000 -0.802995 0.595983 0.000000 -0.802997 0.595987 -0.000000 -0.802994 0.994422 0.000001 -0.105470 0.994423 0.000001 -0.105466 0.994423 0.000000 -0.105469 0.994423 0.000000 -0.105468 -0.003337 -0.999951 -0.009293 -0.071205 -0.997156 0.024697 -0.005574 -0.999951 -0.008175 -0.073890 -0.996927 0.026014 -0.006731 -0.999948 -0.007595 0.575253 -0.047228 -0.816611 0.601092 -0.269474 -0.752377 0.687211 -0.436271 -0.580869 0.636401 -0.557588 -0.533000 0.021155 0.822767 0.567984 -0.005272 0.975439 0.220205 0.538913 -0.655350 -0.529235 0.538988 -0.654874 -0.529748 0.508196 -0.448234 -0.735407 0.628259 0.564169 -0.535728 0.681885 0.443229 -0.581877 0.574793 0.047965 -0.816892 -0.235264 -0.944236 0.230366 -0.538917 -0.655348 0.529232 -0.538951 -0.654886 0.529771 0.534958 0.299278 -0.790096 0.501519 0.445702 -0.741504 0.000000 -1.000000 0.000000 -0.000000 -1.000000 -0.000000 -0.000010 -1.000000 -0.000007 0.411357 -0.697428 -0.586839 0.411359 -0.697428 -0.586837 0.195865 -0.966094 -0.168225 0.020707 -0.989103 0.145764 0.192913 -0.062701 0.979210 0.683646 0.021214 0.729505 0.564934 0.034578 0.824411 0.519320 0.850528 0.083117 0.865324 0.499849 0.036947 0.850970 0.524862 0.019204 0.616544 0.776061 0.132673 0.990014 0.124540 0.066049 0.956750 -0.032458 0.289094 0.994526 -0.016841 0.103123 0.966989 -0.008017 0.254693 0.863457 0.095413 0.495317 0.998334 -0.005476 0.057436 0.995771 -0.005435 0.091713 0.927837 0.012363 0.372780 0.891586 0.011187 0.452714 0.891646 0.071720 0.447016 0.929447 0.036574 0.367138 0.710398 0.113504 0.694588 0.168089 -0.061740 0.983837 0.557140 0.032507 0.829782 0.653939 0.060828 0.754098 0.252565 -0.043850 0.966586 0.881569 0.109923 0.459078 0.899626 0.160192 0.406216 0.995827 -0.005401 0.091101 
						0.929824 -0.043988 0.365366 0.891833 -0.021703 0.451845 0.998391 -0.005353 0.056444 0.970314 -0.030627 0.239900 0.995162 0.006689 0.098019 0.960414 0.023998 0.277541 0.882769 -0.155481 0.443334 0.867763 -0.488490 0.091459 0.889430 -0.433263 0.145597 0.990034 -0.123767 0.067188 0.328563 0.028446 0.944054 0.732975 0.143595 0.664927 0.919715 0.217085 0.327107 0.875074 -0.040558 0.482287 0.921237 -0.059383 0.384443 0.993306 -0.005360 0.115392 0.256595 -0.966457 -0.010975 0.275596 -0.961163 -0.014576 0.486566 -0.864597 -0.125405 0.430493 -0.899225 -0.077916 0.544505 -0.823862 -0.157370 0.768334 -0.582283 -0.265724 0.668142 -0.687795 -0.283768 -0.970432 0.240422 -0.021426 -0.874378 0.475687 -0.095842 -0.836042 0.546692 -0.046484 0.949114 -0.042442 0.312061 0.990634 -0.003774 0.136493 0.967037 -0.028067 0.253085 0.881674 -0.166315 0.441576 0.997371 -0.005368 0.072271 0.564302 -0.799845 -0.204479 -0.201407 0.018217 0.979338 -0.524484 -0.025007 0.851053 -0.519488 0.006332 0.854454 0.548293 0.835395 -0.038602 0.851367 0.524570 -0.000040 0.862385 0.505641 -0.024875 0.574636 0.813289 -0.091401 0.974073 0.226234 0.000367 0.961243 0.270611 -0.052739 0.848567 0.482925 -0.216142 -0.846151 -0.011959 0.532809 -0.842055 0.019866 0.539025 -0.975643 -0.024229 0.218023 -0.699139 -0.003354 0.714978 -0.999112 -0.041644 -0.006336 -0.991439 -0.130491 -0.004535 -0.989571 -0.144034 0.002027 -0.988374 -0.125964 -0.085146 -0.870423 -0.455446 -0.186903 0.219140 0.958796 -0.180795 0.282084 0.893863 -0.348478 0.411542 0.768868 -0.489362 0.136268 0.984520 -0.110230 -0.051609 0.998460 0.020327 -0.149593 0.983904 0.097749 -0.081067 0.994178 0.070984 -0.198450 0.967552 0.156398 0.184142 0.970553 -0.155304 0.323232 0.903251 -0.282238 0.265579 0.939012 -0.218459 -0.970329 -0.013344 0.241420 -0.837038 -0.035419 0.545997 
						-0.843634 -0.009346 0.536837 -0.960142 0.275091 0.049525 -0.973568 0.228361 -0.004136 -0.860542 0.509095 0.017049 -0.846177 0.489669 0.210260 -0.851972 0.523547 0.006519 -0.546686 0.836912 0.026697 -0.570746 0.817144 0.080771 -0.220708 0.041847 0.974442 -0.521645 0.004992 0.853148 -0.527299 0.031234 0.849105 -0.247825 0.057730 0.967083 -0.695906 -0.000452 0.718132 -0.058674 0.996746 0.055263 -0.057959 0.997015 0.051013 0.012458 0.999760 -0.018000 0.023203 0.999646 -0.013035 -0.211815 0.959619 0.185112 -0.298726 0.892041 0.339154 -0.131329 0.984566 0.115679 -0.403949 0.771010 0.492311 0.988439 -0.124950 0.085879 0.999118 -0.041459 0.006642 0.993969 -0.095952 0.053088 0.901769 -0.341318 0.265168 0.989756 -0.142771 0.000074 -0.316317 0.902894 0.291077 -0.180980 0.970230 0.160937 -0.258814 0.939218 0.225578 0.993206 -0.005426 0.116244 0.918741 0.022664 0.394209 0.874679 0.029772 0.483787 0.997274 -0.005498 0.073578 0.963359 -0.007598 0.268108 0.989668 -0.008266 0.143139 0.954602 0.056897 0.292400 0.861631 0.103118 0.496949 0.831389 0.555691 -0.000284 0.843135 0.537675 0.005472 0.968675 0.248169 0.009028 0.585892 0.809461 0.038774 0.628040 0.772222 0.096122 -0.160562 -0.968486 0.190406 -0.333526 -0.890494 0.309483 -0.494960 -0.811200 0.311398 -0.066574 -0.990425 0.120936 -0.174984 -0.962336 0.208062 0.723461 0.134932 0.677051 0.861039 -0.506414 0.046437 0.092001 -0.057068 0.994122 0.049139 -0.088633 0.994851 0.012500 -0.095432 0.995357 0.992139 0.118507 0.040199 0.989122 0.140858 0.042388 0.882472 0.468746 0.038997 0.934031 0.330629 0.135171 0.817456 0.553197 0.160436 0.134406 0.789789 -0.598472 0.992044 -0.103423 0.071781 0.998845 0.022528 0.042436 0.945824 -0.159587 0.282752 0.998434 0.037605 0.041427 -0.002176 0.989685 0.143242 -0.002196 0.989703 0.143117 
						0.861363 0.506579 0.037840 0.506530 0.861629 0.031981 -0.055828 -0.089890 0.994386 0.999057 0.011241 0.041946 0.990928 -0.126851 0.044398 0.998288 0.041362 0.041354 0.998287 0.041372 0.041364 0.998402 0.048947 0.028255 0.998484 0.049806 0.023447 0.990208 -0.005059 0.139510 0.999031 -0.011390 0.042500 0.998693 -0.026711 0.043584 0.998201 -0.042402 0.042394 0.998321 -0.050165 0.028958 0.998213 -0.052187 0.029118 0.999985 -0.005217 0.001742 0.999985 -0.004701 0.002715 0.999031 -0.011425 0.042495 0.999031 -0.011418 0.042497 0.010791 0.708269 -0.705860 0.010806 0.708410 -0.705718 0.002027 0.991485 -0.130205 0.002036 0.991480 -0.130242 0.998760 0.026041 0.042433 0.994679 0.014581 0.101988 0.998295 0.050982 0.028415 0.999980 -0.004748 -0.004066 -0.104796 0.989356 0.100961 -0.020413 0.999547 0.022103 0.003216 0.999991 0.002899 0.003466 0.999993 0.001226 -0.038564 0.999255 -0.001209 0.140205 0.970647 -0.195414 0.983891 0.176213 0.030109 0.957649 0.287584 -0.014282 0.955778 0.293307 -0.021426 0.223623 -0.967162 0.120792 0.234456 -0.959467 0.156378 0.188782 -0.852988 0.486593 0.228948 -0.852717 0.469528 0.998179 -0.052789 0.029198 0.985864 0.144245 0.085242 0.988340 0.146962 0.039815 0.998053 -0.045199 0.042971 0.999030 -0.011947 0.042381 0.998639 0.031561 0.041532 -0.273728 0.866406 0.417629 -0.277716 0.877678 0.390583 0.928220 -0.350949 0.123464 0.986114 -0.141670 0.086658 0.988620 -0.144362 0.042317 0.952039 -0.303382 0.039754 0.995459 -0.085336 0.042188 0.998610 -0.031313 0.042402 0.998851 -0.022391 0.042381 0.998230 -0.041840 0.042268 0.999031 -0.011441 0.042496 0.996406 -0.073422 0.042233 0.989399 -0.139157 0.041526 0.999031 -0.011441 0.042496 0.010909 0.708920 -0.705204 0.010774 0.709101 -0.705025 0.008422 0.832383 -0.554137 0.007735 0.866980 -0.498283 
						-0.197647 0.976053 0.090869 -0.097517 0.992792 0.069674 -0.290596 0.804147 0.518558 -0.282096 0.838666 0.465899 0.998247 0.051611 0.028961 0.998213 0.050000 0.032713 0.998140 0.043636 0.042571 0.998122 0.044072 0.042536 0.999025 0.011827 0.042543 0.990233 -0.132892 0.042167 0.989966 -0.134962 0.041870 0.962718 -0.267466 0.040440 0.693917 -0.719507 0.028085 0.692090 -0.721272 0.027886 0.541272 -0.840371 0.028304 0.488066 -0.872327 0.028943 -0.476269 0.851068 0.221025 -0.527957 0.819526 0.222797 0.529133 0.821359 -0.213042 0.477342 0.852992 -0.211067 0.488208 0.872570 0.016550 0.541424 0.840597 0.016045 0.692276 0.721459 0.015817 0.694104 0.719695 0.016082 0.962893 0.267516 0.035681 0.990290 0.133255 0.039609 0.991172 -0.126010 0.041222 0.998801 -0.022954 0.043241 0.998355 -0.038560 0.042434 0.998358 -0.038496 0.042409 -0.097684 0.993171 0.063797 0.325943 0.910789 -0.253425 0.285737 0.876587 -0.387234 0.926357 0.357237 0.119347 0.915869 0.364275 0.168783 0.938807 0.336356 0.074203 0.950581 0.308571 0.034349 0.995489 0.085843 0.040411 0.994279 0.096902 0.044940 0.998269 0.041992 0.041187 0.022176 0.999653 -0.014244 0.020579 0.998252 0.055401 -0.319191 0.911684 0.258744 -0.520421 0.763023 0.383351 -0.132539 0.977233 0.165678 0.985760 -0.165437 0.030144 0.994280 -0.095964 0.046884 0.997953 -0.046957 0.043422 0.995829 -0.082283 0.039412 0.990539 -0.130685 0.041890 0.993770 -0.103225 0.042016 0.989493 -0.138483 0.041557 0.964989 -0.259138 0.040533 0.706047 -0.707589 0.028560 0.705941 -0.707691 0.028646 0.425137 -0.904617 0.030429 0.499072 -0.866057 0.029560 -0.096751 0.993341 0.062558 0.990545 -0.130618 0.041947 0.965019 -0.259008 0.040657 0.706232 -0.707404 0.028568 0.499246 -0.865955 0.029569 -0.486841 0.844819 0.221963 -0.486650 -0.844492 0.223617 
						-0.486808 -0.844372 0.223728 0.499391 0.866204 0.017331 0.499214 0.866306 0.017323 0.706231 0.707784 0.016737 0.706420 0.707595 0.016745 0.965196 0.259055 0.035890 0.965160 0.259187 0.035888 -0.486446 -0.844647 0.223474 0.498988 0.866438 0.017190 0.705985 0.708032 0.016612 0.965110 0.259356 0.036009 0.990428 -0.131519 0.041888 0.964552 -0.260765 0.040516 0.704109 -0.709516 0.028592 0.703656 -0.709970 0.028469 0.496890 -0.867314 0.029443 0.553302 -0.832471 0.029130 0.005061 0.947085 -0.320943 -0.004062 0.866844 0.498563 -0.004096 0.905238 0.424885 -0.002627 0.981932 0.189218 -0.000902 0.996191 0.087193 -0.001954 0.991515 0.129978 0.425063 0.904989 0.017750 0.705845 0.708169 0.016725 0.989629 0.138263 0.038958 0.999056 0.011281 0.041952 0.998284 0.041482 0.041340 0.998284 0.041474 0.041345 0.998480 0.049878 0.023443 0.998398 0.049029 0.028233 0.999056 0.011292 0.041953 0.999056 0.011302 0.041955 0.998280 0.041562 0.041342 0.998281 0.041532 0.041353 0.998396 0.049078 0.028235 0.998395 0.049106 0.028224 -0.004046 0.867066 0.498177 -0.004155 0.866960 0.498360 0.990116 -0.133837 0.041926 0.963318 -0.265276 0.040587 0.697095 -0.716423 0.028208 0.490947 -0.870703 0.029106 -0.478866 0.849153 0.222769 0.479959 0.851097 -0.212776 0.491090 0.870950 0.016658 0.697284 0.716613 0.016158 0.963498 0.265325 0.035702 -0.466452 -0.844781 0.262237 -0.485516 -0.841737 0.236120 -0.111770 -0.979514 0.167513 0.980338 0.192771 0.042139 0.970188 0.238724 0.041791 0.965060 0.258694 0.041670 0.019220 0.987624 -0.155656 0.989104 -0.140396 0.044292 0.771573 -0.358017 -0.525832 0.667085 -0.671475 -0.322675 0.486122 -0.841376 -0.236162 0.567856 -0.737882 -0.364788 0.198686 -0.979904 -0.017667 0.200580 -0.979414 -0.022737 0.994583 -0.016001 0.102701 0.503047 0.017126 0.864090 
						0.499930 0.017042 0.865898 0.861218 0.077825 0.502242 0.705114 0.074923 0.705125 0.965913 -0.005225 0.258815 0.863889 -0.005838 0.503649 0.499930 0.017042 0.865898 0.705114 0.074923 0.705125 0.965912 -0.005287 0.258815 0.499930 0.017009 0.865899 0.705114 0.074923 0.705125 0.965912 -0.005287 0.258815 0.503096 0.016982 0.864064 0.861389 0.077088 0.502062 0.863885 -0.004994 0.503665 0.002063 0.999992 0.003477 0.003498 0.999993 0.001442 0.003825 0.999991 0.001855 0.004420 0.999989 0.001380 0.003427 0.999993 0.001328 0.001545 0.999991 0.003918 0.003341 0.999992 0.002270 0.004093 0.999990 0.001675 0.001069 0.999990 0.004313 0.002907 0.999992 0.002633 0.003809 0.999991 0.001929 0.000336 0.999986 0.005209 0.002613 0.999994 0.002291 0.003814 0.999992 0.001364 -0.127912 -0.987028 0.097025 0.559782 0.828463 0.017120 0.706501 0.707512 0.016810 0.991328 0.125509 0.038946 0.706313 -0.707321 0.028627 0.559626 -0.828232 0.029154 0.004429 0.959017 -0.283312 0.004426 0.959106 -0.283011 0.005435 0.938525 -0.345168 0.194700 0.974161 -0.114463 0.043617 0.999030 0.006101 0.007214 0.999974 -0.000280 0.005612 0.999983 0.001307 0.668086 -0.670072 -0.323519 0.493675 -0.836707 -0.237080 0.668651 -0.669355 -0.323837 0.668821 -0.669108 -0.323995 0.486581 -0.843100 -0.228955 0.493075 -0.837862 -0.234229 0.132523 -0.989651 -0.055041 0.129796 -0.990093 -0.053563 0.990972 0.127079 0.042734 0.998200 -0.042405 0.042397 0.998406 -0.051061 0.024038 -0.157739 -0.969562 0.187264 -0.485716 -0.841602 0.236190 0.499624 0.865624 0.032719 0.706634 0.706873 0.031607 0.965070 0.258676 0.041548 0.964901 -0.258630 0.045568 0.668863 -0.669088 -0.323951 0.486612 -0.843078 -0.228972 0.999985 -0.005003 0.002357 0.995619 -0.004718 0.093389 0.425662 0.904258 0.033607 0.706649 0.706857 0.031628 
						-0.115295 -0.978822 0.169159 0.850570 0.524431 0.038771 0.771362 0.613930 0.167603 0.989270 0.139782 0.042488 0.668867 -0.669063 -0.323993 0.417723 -0.887392 -0.195045 0.082515 -0.996074 -0.032072 0.989245 -0.139374 0.044369 0.198582 -0.979926 -0.017627 0.149064 -0.987826 -0.044491 0.477413 -0.848116 -0.229729 0.485838 -0.841606 -0.235924 0.151995 -0.987336 -0.045449 0.116715 0.818842 -0.562028 0.124758 0.867422 -0.481679 0.800342 0.585455 0.129207 0.932947 0.326333 0.152042 0.982884 0.184146 -0.005482 0.868818 0.495131 0.000769 0.988467 0.151435 0.000266 0.002958 0.976676 -0.214696 0.004334 0.959104 -0.283021 0.004361 0.959045 -0.283221 -1.000000 0.000018 -0.000013 -0.946808 0.192575 -0.257817 -0.987325 0.145656 -0.063031 -1.000000 0.000017 -0.000014 -0.843095 0.537722 -0.006744 0.816514 -0.520511 -0.249746 0.566568 -0.807520 -0.164050 0.998366 -0.007810 0.056606 0.999977 -0.005569 0.003739 0.999979 -0.005562 0.003225 -1.000000 0.000019 -0.000004 -1.000000 0.000012 -0.000013 -1.000000 0.000011 -0.000014 -1.000000 0.000016 -0.000005 -0.991163 0.132621 -0.002696 -1.000000 0.000002 -0.000013 0.998656 -0.007375 0.051298 0.999970 -0.005429 0.005443 0.995289 0.021188 0.094609 0.997109 0.075984 -0.000222 1.000000 0.000001 0.000015 0.007687 0.866428 -0.499242 0.007677 0.866481 -0.499151 0.010815 0.707971 -0.706159 0.010805 0.707855 -0.706275 1.000000 -0.000008 0.000015 1.000000 -0.000006 0.000013 0.999175 -0.016711 0.037003 -0.996975 0.077718 -0.000631 -0.984212 0.172238 -0.040743 -0.997177 0.075067 -0.001378 0.839507 0.543349 0.000801 0.564101 0.825664 -0.008290 -0.054181 0.000032 0.998531 -0.998005 0.063106 -0.001842 -0.996627 0.081660 0.008177 -0.996863 -0.017461 0.077197 -0.991127 -0.132857 0.004049 0.424068 0.821444 -0.381309 0.416247 0.832844 -0.364842 0.047047 0.998893 0.000567 
						-0.260343 0.903863 0.339489 -0.998663 -0.051685 0.000895 -1.000000 0.000038 -0.000015 -1.000000 0.000142 -0.000015 -0.987213 -0.159399 0.001444 -0.976661 -0.210287 -0.043737 -1.000000 0.000155 0.000005 0.234239 -0.847189 0.476868 0.191927 -0.835038 0.515631 0.240205 -0.956796 0.163836 0.228580 -0.965649 0.123587 1.000000 -0.000052 0.000009 0.998051 0.062396 0.000702 1.000000 -0.000061 0.000002 0.996710 0.080553 -0.008954 -0.418376 0.732404 0.537165 -0.427904 0.738986 0.520382 -1.000000 -0.000050 -0.000012 -1.000000 -0.000042 -0.000009 -1.000000 -0.000053 -0.000008 -1.000000 -0.000051 -0.000001 -0.999597 -0.023220 0.016332 -0.999597 -0.023232 0.016316 -0.428267 0.738589 0.520646 1.000000 -0.000030 0.000016 1.000000 -0.000036 0.000019 0.998676 -0.051444 -0.000024 0.995513 -0.094622 -0.000038 0.942473 -0.334281 -0.000461 0.987639 -0.156741 0.001190 0.977351 -0.206565 0.046008 0.916478 -0.388956 0.093707 -0.281077 0.874682 0.394876 -0.287478 0.849331 0.442711 -0.200166 0.967829 0.152448 -0.485097 0.844529 0.226830 -0.413914 0.882546 0.223132 0.010893 0.708402 -0.705725 0.010931 0.708289 -0.705838 1.000000 -0.000007 0.000013 0.991063 -0.133392 -0.000447 0.990861 -0.134889 0.000116 1.000000 0.000071 0.000008 1.000000 0.000246 -0.000023 1.000000 0.000520 0.000105 1.000000 0.000626 0.000006 1.000000 0.000258 -0.000055 -0.287654 0.833441 0.471838 -0.285187 0.868889 0.404600 -0.407843 0.886607 0.218156 -0.479888 0.848463 0.223201 0.492353 -0.870395 -0.000840 0.417959 -0.908466 -0.000897 0.697582 -0.716504 -0.000934 0.698716 -0.715398 -0.000873 0.964366 -0.264572 -0.000374 -0.990818 -0.135188 0.002091 -0.964355 -0.264570 0.004779 -0.698656 -0.715340 0.012938 -0.697522 -0.716446 0.012958 -0.417917 -0.908382 0.013654 -0.492307 -0.870320 0.013326 0.480947 0.850330 -0.213607 0.408729 0.888527 -0.208469 
						-0.201491 0.968269 0.147837 -0.487103 0.844621 0.222142 -0.408857 0.886167 0.218043 1.000000 0.000017 0.000015 1.000000 0.000025 0.000006 0.998197 -0.059896 -0.003769 1.000000 0.000018 0.000013 -0.994246 -0.107115 -0.001044 -0.995469 -0.095074 0.001672 -0.940595 -0.339476 0.006088 -0.931497 -0.363297 -0.018133 -0.900545 -0.413562 -0.134110 -0.914162 -0.395388 -0.089311 0.289349 0.873538 -0.391419 0.267966 0.903828 -0.333599 0.994350 -0.106114 0.002862 0.991371 -0.131080 -0.001230 -0.422153 0.819730 0.387077 -0.530178 0.721775 0.444918 -0.469011 0.850793 0.237022 -0.416212 0.830839 0.369423 0.088743 0.994244 -0.060025 0.499486 -0.866322 -0.000908 0.555649 -0.831416 -0.000911 0.706483 -0.707729 -0.000897 0.706547 -0.707666 -0.000881 0.965823 -0.259203 -0.000252 0.991121 -0.132961 -0.000483 0.499586 -0.866264 -0.000910 0.706653 -0.707559 -0.000881 0.965844 -0.259125 -0.000252 -0.991421 -0.130683 0.002342 -0.991416 -0.130723 0.002342 -0.965813 -0.259200 0.004658 -0.965833 -0.259122 0.004658 -0.706595 -0.707502 0.012834 -0.706489 -0.707607 0.012832 -0.499444 -0.866245 0.013280 -0.499542 -0.866188 0.013284 -0.486839 -0.844389 0.223594 -0.991409 -0.130777 0.002342 -0.965784 -0.259306 0.004659 -0.706336 -0.707760 0.012829 -0.499304 -0.866325 0.013276 -0.486695 -0.844455 0.223661 -0.856145 0.516706 -0.005592 0.826627 -0.498374 -0.261363 0.571185 -0.802396 -0.172940 0.843117 0.537730 0.000690 0.574398 0.818576 0.000959 -0.549966 -0.783936 0.288064 0.424628 -0.905367 -0.000940 0.498088 -0.867126 -0.000899 0.705020 -0.709187 -0.000879 0.705303 -0.708906 -0.000898 0.965542 -0.260246 -0.000252 -0.991147 -0.132742 0.002633 -0.706246 -0.707850 0.012830 -0.555414 -0.831471 0.013075 -0.540851 -0.809675 0.227829 -0.324436 -0.921624 0.212957 -1.000000 -0.000035 0.000001 -1.000000 -0.000045 -0.000008 -1.000000 -0.000042 -0.000016 
						-1.000000 -0.000035 -0.000009 -1.000000 -0.000012 -0.000026 -0.004153 0.866645 0.498908 -0.004050 0.866714 0.498789 -1.000000 -0.000025 -0.000008 -1.000000 -0.000042 -0.000010 -1.000000 -0.000035 -0.000017 -1.000000 -0.000022 -0.000013 -1.000000 -0.000005 -0.000014 -1.000000 -0.000005 -0.000007 0.838642 0.544682 0.000686 0.567651 0.823269 0.000889 -0.543678 -0.788499 0.287546 -0.551723 -0.786015 0.278895 -0.481571 0.847203 0.224358 0.494200 -0.869348 -0.000864 0.700738 -0.713418 -0.000873 0.964746 -0.263182 -0.000252 -0.964735 -0.263179 0.004779 -0.700679 -0.713361 0.012856 -0.494155 -0.869273 0.013259 0.482612 0.849031 -0.215017 -0.839568 0.543251 0.001808 0.851327 -0.478488 -0.215153 0.819792 -0.517572 -0.245070 0.562014 -0.809913 -0.167875 0.559930 -0.813547 -0.156904 0.860052 0.510206 0.000585 0.706722 0.707491 0.000881 0.499643 0.866231 0.000911 0.516071 0.855766 0.036526 0.972221 0.234066 0.000332 0.932105 0.362158 -0.004654 0.965855 0.259082 0.000375 0.194385 -0.980843 -0.012682 0.506575 -0.779913 -0.367583 0.667144 -0.671269 -0.322982 0.752662 -0.426421 -0.501663 -0.988556 0.150830 -0.002825 -0.999962 0.008527 0.001951 -0.999600 -0.023872 -0.015130 0.419323 0.740462 -0.525246 -0.417993 0.740938 0.525635 0.999565 -0.026263 0.013389 0.999965 0.007409 -0.003758 -0.997806 0.001546 0.066179 0.999985 -0.004705 -0.002692 -0.829868 -0.009536 0.557878 -0.831729 -0.009197 0.555106 -0.538510 0.004743 0.842606 -0.538171 0.004632 0.842823 -0.829866 -0.009566 0.557881 -0.538513 0.004773 0.842604 -0.829868 -0.009537 0.557878 -0.538510 0.004744 0.842606 -0.831054 -0.009726 0.556106 -0.538674 0.004816 0.842501 0.859439 0.008103 0.511174 0.866959 -0.005382 0.498350 0.095236 -0.993948 0.054752 0.035797 -0.996389 0.076995 -0.016876 -0.991948 0.125519 0.080570 -0.993519 0.080174 0.028204 -0.994100 0.104739 
						0.866923 -0.005448 0.498412 0.095224 -0.993949 0.054746 0.080557 -0.993521 0.080166 0.028199 -0.994100 0.104734 0.866959 -0.005450 0.498350 0.095249 -0.993947 0.054743 0.080583 -0.993519 0.080165 0.028208 -0.994100 0.104738 0.859580 -0.019056 0.510646 0.152553 -0.987653 0.035618 0.123546 -0.990541 0.059702 0.003712 0.999991 0.002044 0.102896 0.991587 -0.078541 0.002844 0.999992 0.002741 0.001112 0.999990 0.004256 0.003820 0.999991 0.001953 0.002999 0.999992 0.002610 0.001269 0.999991 0.004120 0.003941 0.999991 0.001847 0.003176 0.999992 0.002466 0.001439 0.999991 0.003981 -0.094104 0.992077 0.083230 -0.994924 -0.100615 0.001825 -0.998216 -0.059531 0.004464 -0.706637 -0.707460 0.012833 -0.418897 -0.907931 0.013674 -0.004351 0.959027 0.283281 -0.004309 0.958954 0.283528 0.418937 -0.908015 -0.000934 0.706697 -0.707516 -0.000877 0.486382 -0.843238 -0.228871 0.475279 -0.850577 -0.225007 -0.942039 0.327050 -0.074831 -0.972337 0.233541 -0.004350 -0.860436 0.509167 -0.019965 -0.965844 0.259079 -0.004784 -0.999254 -0.038357 -0.004577 -0.485464 -0.841798 0.236011 -0.539457 -0.806920 0.240554 -0.299780 -0.921549 0.246736 0.999970 -0.005422 0.005434 0.991127 0.132918 0.000443 0.965842 0.259130 0.000375 0.706649 0.707564 0.000881 0.499574 0.866271 0.000909 0.668578 -0.669440 -0.323811 0.668639 -0.669365 -0.323841 -0.965832 0.259127 -0.004662 0.706604 0.707608 0.000889 0.555775 0.831332 0.000905 0.740726 0.657374 0.138506 0.172942 0.852594 -0.493126 0.998595 -0.003147 0.052897 0.999986 -0.004454 -0.002959 0.668551 -0.669496 -0.323751 0.797538 -0.495541 -0.344052 0.756266 -0.499195 -0.422925 0.990380 -0.131883 0.041886 0.964360 -0.261474 0.040508 0.702621 -0.710996 0.028426 0.495944 -0.867857 0.029403 -0.484200 0.845131 0.226502 -0.483340 0.845777 0.225929 -0.002949 0.982480 0.186344 
						-0.001953 0.991554 0.129676 0.552556 0.833308 0.016728 0.496092 0.868102 0.017099 0.702827 0.711169 0.016536 0.703426 0.710579 0.016427 0.989497 0.139175 0.039056 0.964528 0.261516 0.035993 -0.855615 0.517566 -0.006919 0.825475 -0.500562 -0.260822 0.570677 -0.802963 -0.171981 0.856162 0.516707 0.000618 0.579853 0.814721 0.000811 -0.554998 -0.779554 0.290299 -0.484517 0.844882 0.226755 0.497481 -0.867474 -0.000901 0.704352 -0.709850 -0.000878 0.965420 -0.260700 -0.000252 -0.965408 -0.260701 0.004781 -0.991070 -0.133315 0.002652 -0.704669 -0.709418 0.012937 -0.704290 -0.709797 0.012795 -0.497435 -0.867400 0.013233 -0.424168 -0.905479 0.013721 0.990231 -0.132998 0.041879 0.963770 -0.263644 0.040486 0.699464 -0.714107 0.028304 0.493042 -0.869515 0.029200 -0.480797 0.847775 0.223859 0.481878 0.849687 -0.214068 0.493184 0.869759 0.016960 0.699653 0.714293 0.016457 0.963945 0.263692 0.035719 0.844347 0.535797 0.000643 0.571564 0.820556 0.001111 -0.547099 -0.786009 0.287877 -0.482806 0.846259 0.225265 0.495580 -0.868562 -0.000978 0.702294 -0.711886 -0.000998 0.965037 -0.262115 -0.000252 -0.965026 -0.262112 0.004780 -0.702233 -0.711828 0.013000 -0.495534 -0.868485 0.013406 0.483860 0.848104 -0.215869 -0.838623 0.544669 -0.006903 0.812202 -0.527509 -0.249122 0.559949 -0.812098 -0.164177 0.229916 -0.964287 0.131487 0.226729 -0.966301 0.121885 0.232076 -0.850239 0.472477 0.239505 -0.815841 0.526346 0.998218 -0.049940 0.032675 0.998207 -0.052200 0.029289 0.998080 -0.044565 0.043008 0.998135 -0.043691 0.042623 0.999032 -0.011781 0.042378 0.999031 -0.011437 0.042495 0.999031 -0.011437 0.042495 0.010879 0.708688 -0.705438 0.007710 0.866860 -0.498491 -0.279494 0.841103 0.463065 0.998210 0.052330 0.028946 0.998088 0.044798 0.042591 0.999022 0.011995 0.042549 0.999056 0.011311 0.041947 
						0.998275 0.041643 0.041382 0.998280 0.041586 0.041331 0.998395 0.049113 0.028212 0.998340 0.047951 0.031911 0.322907 0.923752 -0.205947 0.484478 0.847756 -0.215849 0.539050 0.812913 -0.220449 -1.000000 0.000075 -0.000022 -1.000000 0.000326 0.000085 -1.000000 0.000325 -0.000054 -1.000000 0.000372 -0.000010 -1.000000 0.000323 0.000135 0.234463 -0.881323 0.410240 0.236278 -0.845627 0.478630 0.230493 -0.965108 0.124259 0.232989 -0.965756 0.114157 0.007710 0.866574 -0.498988 0.010865 0.708147 -0.705982 1.000000 -0.000005 0.000015 1.000000 0.000038 0.000015 1.000000 0.000141 0.000014 1.000000 0.000153 -0.000006 -0.286034 0.835003 0.470058 0.414419 0.884686 -0.213514 0.485656 0.846873 -0.216665 0.199106 0.969756 -0.141176 -1.000000 -0.000071 -0.000006 -1.000000 -0.000039 -0.000004 -1.000000 -0.000036 -0.000012 -1.000000 -0.000058 -0.000020 -1.000000 -0.000009 -0.000016 -0.844337 0.535759 -0.007591 0.816938 -0.519559 -0.250340 0.563645 -0.809516 -0.164280 0.990316 -0.132365 0.041883 0.964106 -0.262411 0.040496 0.701260 -0.712340 0.028372 0.494760 -0.868536 0.029294 -0.482315 0.846578 0.225119 0.483438 0.848553 -0.215047 0.494903 0.868781 0.017021 0.701450 0.712528 0.016502 0.964282 0.262459 0.035732 0.855623 0.517599 0.000676 0.579473 0.814991 0.001051 -0.554209 -0.780037 0.290508 -0.483808 0.845437 0.226197 0.496709 -0.867916 -0.000870 0.703465 -0.710730 -0.000884 0.965256 -0.261306 -0.000252 -0.965245 -0.261303 0.004663 -0.703405 -0.710672 0.012901 -0.496664 -0.867841 0.013321 0.484937 0.847407 -0.216186 0.210912 -0.953787 -0.214025 0.658352 -0.743148 -0.119600 0.323974 -0.934063 -0.150224 0.009748 0.771684 -0.635932 -0.000590 0.999450 0.033169 0.047508 0.998249 -0.035254 0.000020 1.000000 -0.000008 -0.003324 0.999962 0.008026 -0.538639 0.810380 0.230547 -0.323235 0.921345 0.215970 
						-0.009682 0.772041 0.635498 -0.004924 0.947232 0.320510 0.660985 0.737499 -0.138541 0.212680 0.948165 -0.236114 0.323356 0.930657 -0.171226 -0.054449 0.997185 0.051552 0.000585 0.999442 -0.033385 0.000040 1.000000 -0.000016 -0.003328 0.999962 0.008034 -0.003952 0.832869 0.553456 -0.004049 0.867314 0.497745 0.050166 -0.997855 -0.042045 -0.200278 -0.968511 0.147906 0.000551 0.999454 -0.033046 -0.010078 0.770861 0.636923 -0.662034 -0.736416 0.139293 -0.213655 -0.947726 0.236997 -0.325044 -0.929945 0.171900 0.000040 1.000000 -0.000017 -0.000559 -0.999999 0.001349 -0.414766 -0.883051 0.219520 0.000956 0.996179 -0.087326 -0.000497 0.999459 0.032876 0.002638 0.981885 -0.189458 0.050961 0.997717 -0.044310 -0.200381 0.968727 0.146338 -0.211655 0.953468 0.214711 -0.659190 0.742311 0.120181 -0.325250 0.933533 0.150759 0.009967 0.770809 -0.636988 0.002947 0.982343 -0.187065 0.005059 0.946795 -0.321797 0.000558 0.999999 -0.001348 -0.000000 1.000000 0.000000 -0.415110 0.883266 0.218001 0.923815 -0.004993 0.382807 -0.023121 -0.999489 0.022076 0.181845 -0.979845 -0.082683 0.067483 -0.994052 0.085475 0.923928 -0.004958 0.382533 0.545500 -0.796257 -0.261542 0.925306 -0.005061 0.379188 0.922365 -0.005058 0.386286 -0.512263 -0.791736 0.332778 0.040630 -0.994348 0.098087 0.923868 -0.005072 0.382679 0.003652 -0.999954 0.008816 0.923868 -0.005044 0.382679 0.986839 0.156073 0.042306 0.878100 0.478477 -0.000180 0.790871 0.610927 0.035938 0.792868 0.608326 0.036053 -0.486068 -0.833113 0.263934 -0.207914 -0.955376 0.209830 -0.081416 -0.984703 0.154052 -0.340142 -0.859032 0.382579 -0.047556 -0.989901 0.133547 -0.076531 -0.985435 0.151860 -0.207888 -0.955393 0.209777 -0.049109 -0.990230 0.130513 -0.332081 -0.868125 0.368891 0.784243 0.620451 0.001563 0.986779 -0.155875 0.044395 -0.883835 0.464357 -0.056639 
						0.668377 -0.669679 -0.323730 0.668393 -0.669670 -0.323718 0.136084 -0.989066 -0.056830 0.259409 -0.958508 -0.118193 0.259752 -0.958391 -0.118391 0.131053 -0.989884 -0.054365 0.761559 -0.528687 -0.374858 0.668444 -0.669603 -0.323749 -0.003117 0.979806 0.199924 -0.010209 0.759312 0.650647 -0.005348 0.938527 0.345165 0.667953 0.731438 -0.137245 0.667953 0.731438 -0.137245 0.667953 0.731438 -0.137245 0.665094 -0.737291 -0.118539 0.665094 -0.737291 -0.118539 0.665094 -0.737291 -0.118539 0.009863 0.759390 -0.650560 0.042804 -0.998443 -0.035777 0.000397 0.999789 -0.020515 -0.001058 0.994959 0.100280 -0.002953 0.976673 0.214710 -0.000236 0.999791 0.020447 0.043820 0.998307 -0.038243 -0.000558 -0.999999 0.001347 -0.000000 1.000000 0.000000 0.000558 0.999999 -0.001347 0.000020 1.000000 -0.000008 -0.252356 -0.943131 0.216381 -0.545072 -0.806692 0.228352 0.145865 0.981881 -0.120968 0.106441 0.989983 -0.092760 0.416010 0.838770 -0.351285 0.485820 0.771451 -0.410905 -0.411825 0.838588 0.356608 -0.482200 0.770754 0.416440 -0.143776 0.981088 0.129597 -0.131796 0.983716 0.122198 0.139354 0.983789 -0.112868 -0.000605 0.999988 0.004901 -0.996264 0.086345 0.001372 -0.996114 0.087293 -0.011704 0.996246 0.086557 0.001537 0.996259 0.086418 -0.000373 -0.998769 0.049589 -0.001258 -0.998770 0.049581 -0.000757 0.998771 0.049556 -0.000786 0.998771 0.049555 -0.000818 -1.000000 0.000000 -0.000071 -1.000000 0.000000 -0.000035 -1.000000 0.000000 -0.000024 1.000000 0.000000 0.000023 1.000000 0.000000 0.000093 -1.000000 -0.000000 -0.000008 -1.000000 0.000000 0.000043 -1.000000 0.000000 0.000677 1.000000 -0.000000 0.000028 1.000000 -0.000000 0.000026 -0.993024 0.117889 -0.002141 -0.993459 0.114171 -0.002059 0.993437 0.114384 0.000142 0.993016 0.117978 0.000150 -0.990609 0.136708 -0.002422 -0.992907 0.118879 -0.002135 
						0.992900 0.118956 0.000185 0.990580 0.136935 0.000250 -0.000104 0.000000 1.000000 -0.000181 0.000014 1.000000 -0.000005 -0.000007 1.000000 -0.000064 0.000000 1.000000 -0.000143 0.000005 1.000000 -0.000149 0.000003 1.000000 -0.000014 -0.000003 1.000000 -0.000042 -0.000005 1.000000 -0.034296 0.995846 -0.084344 -0.034296 0.995846 -0.084344 -0.060400 0.995564 -0.072137 -0.060411 0.995563 -0.072150 -0.080257 0.995127 -0.057273 -0.080284 0.995124 -0.057293 0.034176 -0.995369 0.089851 0.034176 -0.995368 0.089853 0.062699 -0.995089 0.076591 0.062680 -0.995092 0.076568 0.084323 -0.994600 0.060510 0.084323 -0.994600 0.060510 0.000195 1.000000 0.000337 0.000195 1.000000 0.000337 0.000271 1.000000 0.000271 0.000271 1.000000 0.000271 0.000447 1.000000 0.000120 0.000502 1.000000 0.000135 -0.047636 0.995808 -0.078084 -0.047636 0.995808 -0.078084 -0.081856 0.995572 -0.046212 -0.081856 0.995572 -0.046212 0.000000 1.000000 0.000000 0.000000 1.000000 0.000000 -0.000000 1.000000 0.000000 -0.000000 1.000000 0.000000 -0.000000 1.000000 0.000000 -0.000000 1.000000 0.000000 -0.000000 1.000000 0.000000 -0.000000 1.000000 0.000000 -0.000200 1.000000 0.000745 -0.000178 1.000000 0.000665 -0.000200 1.000000 0.000745 -0.000200 1.000000 0.000745 -0.000000 1.000000 0.000000 -0.000000 1.000000 0.000000 -0.000000 1.000000 0.000000 -0.000000 1.000000 0.000000 -0.000000 1.000000 0.000000 -0.000000 1.000000 0.000000 -0.000000 1.000000 0.000000 -0.000000 1.000000 0.000000 -0.991242 -0.020184 0.130503 -0.991242 -0.020184 0.130503 -0.865964 -0.011844 0.499966 -0.865964 -0.011844 0.499966 -0.707107 -0.002868 0.707101 -0.707107 -0.002868 0.707101 -0.258787 0.015114 0.965816 -0.258787 0.015114 0.965816 -0.130510 0.015245 0.991330 -0.130510 0.015245 0.991330 0.000195 1.000000 0.000337 0.000195 1.000000 0.000337 
						0.000271 1.000000 0.000271 0.000271 1.000000 0.000271 0.000447 1.000000 0.000120 0.000502 1.000000 0.000135 0.000590 1.000000 0.000078 0.000561 1.000000 0.000074 -0.991242 -0.020184 0.130503 -0.991242 -0.020184 0.130503 -0.865964 -0.011844 0.499966 -0.865964 -0.011844 0.499966 -0.707107 -0.002868 0.707101 -0.707107 -0.002868 0.707101 -0.258787 0.015055 0.965817 -0.258787 0.015106 0.965816 -0.130510 0.015244 0.991330 -0.130510 0.015193 0.991331 0.084275 -0.994606 0.060476 0.084332 -0.994598 0.060516 0.062687 -0.995091 0.076577 0.062685 -0.995092 0.076573 0.034176 -0.995368 0.089853 0.034176 -0.995369 0.089851 -0.080257 0.995127 -0.057273 -0.080284 0.995124 -0.057293 -0.060411 0.995563 -0.072150 -0.060400 0.995564 -0.072136 -0.034290 0.995848 -0.084330 -0.034296 0.995846 -0.084344 0.000000 1.000000 0.000000 0.000000 1.000000 0.000000 -0.081856 0.995572 -0.046212 -0.081856 0.995572 -0.046212 -0.047636 0.995808 -0.078084 -0.047636 0.995808 -0.078084 -0.013699 -0.994477 0.104057 -0.013699 -0.994477 0.104057 0.999095 -0.000000 0.042533 0.999095 0.000000 0.042533 0.000000 0.993037 -0.117802 0.000000 0.993037 -0.117801 0.999095 -0.000000 0.042533 0.000000 0.993037 -0.117802 0.000000 0.993037 -0.117802 0.000000 -1.000000 -0.000000 0.000000 -1.000000 -0.000000 0.999096 0.000000 0.042510 0.999095 -0.000000 0.042530 0.991848 0.121117 0.039598 0.988500 0.146102 0.039008 0.999096 -0.000000 0.042513 0.999095 0.000000 0.042531 0.999095 -0.000000 0.042533 0.999096 -0.000000 0.042520 0.980831 -0.000001 0.194859 1.000000 -0.000001 -0.000000 0.000014 1.000000 0.000001 0.000009 1.000000 0.000001 0.010830 -0.999907 -0.008258 0.022755 -0.999532 -0.020447 0.988389 -0.146080 0.041800 0.991753 -0.121102 0.041954 0.000000 -1.000000 0.000000 0.000000 -1.000000 0.000000 -0.126454 -0.986221 0.106666 
						-0.129122 -0.985596 0.109216 0.000014 1.000000 0.000004 0.000014 1.000000 0.000004 0.000014 1.000000 0.000004 0.000014 1.000000 0.000004 0.004327 -0.999562 -0.029264 0.049659 -0.998175 -0.034355 0.047485 -0.997707 -0.048233 0.017905 -0.999468 -0.027253 -0.000000 0.115085 -0.993356 -0.000000 0.115074 -0.993357 -0.031726 0.108878 -0.993549 -0.164419 0.081575 -0.983012 -0.052579 -0.998580 0.008523 -0.052922 -0.998590 0.004261 -0.078865 -0.996685 -0.019998 -0.089428 -0.995720 -0.023346 0.001383 0.999999 -0.000111 0.001392 0.999999 0.000000 -0.029799 0.999202 0.026603 -0.029199 0.999159 0.028782 0.003579 -0.117703 0.993042 0.000000 -0.118292 0.992979 0.000000 -0.118292 0.992979 0.003353 -0.118159 0.992989 0.113700 0.297185 -0.948026 0.050227 0.280056 -0.958669 0.058694 0.256584 -0.964738 0.113413 0.263572 -0.957950 0.000006 1.000000 -0.000000 0.000008 1.000000 -0.000000 0.000008 1.000000 -0.000000 0.000006 1.000000 -0.000000 0.000000 -0.118286 0.992980 0.000000 -0.118286 0.992980 0.000003 1.000000 -0.000000 0.000004 1.000000 -0.000000 -0.000099 0.999984 0.005714 -0.000175 0.999883 0.015266 -0.000062 0.999990 0.004505 0.000014 1.000000 0.000004 0.000004 1.000000 0.000001 0.000001 1.000000 0.000000 0.000010 1.000000 0.000003 0.999111 -0.000000 0.042152 0.999095 -0.000000 0.042522 0.999095 -0.000000 0.042527 0.000000 -1.000000 0.000000 0.000000 -1.000000 0.000000 0.000000 -1.000000 -0.000000 0.000000 -1.000000 -0.000000 0.000000 -1.000000 0.000000 0.000000 -1.000000 0.000000 -0.000285 0.999934 0.011493 0.000009 1.000000 0.000001 0.000012 1.000000 0.000001 -0.000442 0.999943 0.010667 0.999096 -0.000000 0.042519 0.999095 0.000000 0.042530 0.006096 0.999981 0.000000 0.006045 0.999982 0.000000 0.001990 -0.118512 0.992951 -0.022313 -0.127850 0.991542 -0.024906 -0.122464 0.992160 
						0.001874 -0.118080 0.993002 0.000070 0.999990 -0.004505 0.000385 0.999695 -0.024689 0.000421 0.999485 -0.032081 0.000211 0.999883 -0.015266 -0.049727 -0.113285 0.992317 -0.057890 -0.115539 0.991615 0.000013 1.000000 0.000000 0.000001 1.000000 0.000000 0.000004 1.000000 0.000001 0.000013 1.000000 0.000000 0.006075 0.999982 0.000000 0.006069 0.999982 0.000000 0.006067 0.999982 -0.000000 0.006080 0.999982 0.000000 0.006062 0.999982 0.000000 0.999111 0.000000 0.042160 0.999112 0.000000 0.042138 0.000010 1.000000 0.000003 0.000014 1.000000 0.000004 0.002454 0.999546 0.030043 0.001003 0.999349 0.036061 -0.000500 0.999148 0.041256 -0.000000 -0.118292 0.992979 -0.000000 -0.118292 0.992979 0.000014 1.000000 0.000004 0.000014 1.000000 0.000004 0.000014 1.000000 0.000004 0.000014 1.000000 0.000004 0.000013 1.000000 0.000000 0.000014 1.000000 0.000000 0.000014 1.000000 0.000000 0.000014 1.000000 0.000000 0.000009 1.000000 0.000000 0.000008 1.000000 0.000000 0.000008 1.000000 0.000000 0.000006 1.000000 0.000000 -0.049222 -0.130375 0.990242 -0.049357 -0.125461 0.990870 0.000002 1.000000 0.000000 0.000001 1.000000 0.000000 0.006079 0.999981 0.000000 0.006053 0.999982 0.000000 0.534760 0.721170 -0.440392 0.472135 0.850255 -0.232712 -1.000000 0.000009 -0.000024 0.999096 0.000000 0.042522 0.999095 0.000000 0.042523 0.959136 -0.282674 -0.012424 0.959319 -0.282081 -0.011679 0.314770 0.924962 -0.212992 0.156930 0.983703 -0.087759 0.999095 0.000000 0.042523 0.999112 -0.000000 0.042139 0.521963 0.763521 -0.380250 0.998429 0.037684 0.041469 0.309000 -0.913805 -0.263590 0.541979 0.238046 -0.805973 -0.025212 0.816877 0.576260 -0.010449 0.809912 0.586459 0.000000 -1.000000 0.000008 0.000000 -1.000000 0.000016 0.000000 -1.000000 -0.000008 -0.015140 0.994390 -0.104689 
						-0.009855 -0.999937 -0.005432 -0.050961 -0.996393 0.067853 0.007031 0.102094 -0.994750 0.007031 0.102122 -0.994747 0.007031 0.102122 -0.994747 0.007031 0.102096 -0.994750 0.075351 -0.995687 -0.054121 -0.000039 -0.990027 0.140880 -0.004193 0.959107 0.283012 -0.004400 0.959098 0.283039 0.002250 0.989685 -0.143239 0.002219 0.989687 -0.143233 0.004433 0.958956 -0.283521 0.004370 0.958960 -0.283509 -0.015396 0.083762 0.996367 -0.014498 0.083267 0.996422 -0.013510 0.076786 0.996956 -0.015934 0.077773 0.996844 -0.186138 0.968969 0.162638 -0.186149 0.968967 0.162638 -0.091659 0.992350 0.082703 -0.091657 0.992350 0.082703 -0.130630 0.988006 -0.082341 -0.130627 0.988006 -0.082341 -0.130187 0.977811 -0.164122 -0.130182 0.977812 -0.164122 -0.191427 0.970838 0.144320 -0.192601 0.963764 0.184566 -0.055378 0.996510 0.062458 -0.055830 0.997541 0.042372 -0.130631 0.988006 -0.082341 -0.130630 0.988006 -0.082341 -0.130186 0.977812 -0.164122 -0.130187 0.977811 -0.164122 0.056701 0.997889 -0.031668 0.056176 0.997024 -0.052795 0.192933 0.964278 -0.181505 0.191811 0.971330 -0.140454 0.004290 0.996536 -0.083052 0.004289 0.996536 -0.083052 0.004279 0.999991 -0.000000 0.004274 0.999991 0.000000 0.004277 0.999991 -0.000000 0.004278 0.999991 -0.000000 0.004276 0.999991 -0.000000 0.004278 0.999991 0.000000 -0.091659 0.992350 0.082703 -0.091659 0.992350 0.082703 -0.014699 -0.087632 0.996044 -0.014698 -0.087632 0.996044 -0.014715 -0.088962 0.995926 -0.014685 -0.089110 0.995913 0.000285 0.999994 0.003409 0.000285 0.999994 0.003412 0.000285 0.999994 0.003412 0.000285 0.999994 0.003410 0.000285 0.999994 0.003414 0.000285 0.999994 0.003414 0.058301 0.995852 -0.069856 0.004289 0.996536 -0.083052 0.004278 0.999991 0.000000 0.003898 0.999992 0.000349 0.004279 0.999991 0.000000 0.003904 0.999992 0.000350 
						0.004276 0.999991 0.000000 0.003900 0.999992 0.000350 -0.076670 0.994715 0.068292 -0.186140 0.968969 0.162638 -0.186140 0.968969 0.162638 -0.091660 0.992350 0.082703 0.004279 0.999991 0.000000 0.004274 0.999991 0.000000 0.004279 0.999991 0.000000 0.004295 0.996536 -0.083052 -0.130631 0.988006 -0.082341 -0.130187 0.977811 -0.164122 -0.186139 0.968969 0.162638 0.003531 0.999994 0.000638 -0.044212 0.997333 0.058066 0.003531 0.999994 0.000638 0.003528 0.999994 0.000637 0.067065 0.996271 -0.054276 -0.137022 0.986922 -0.084910 -0.130669 0.978872 -0.157275 -0.175651 0.975124 0.135200 0.004278 0.999991 0.000000 0.004280 0.999991 0.000000 0.004274 0.999991 0.000000 0.004276 0.999991 0.000000 -0.198674 0.965591 0.167820 -0.187230 0.968292 0.165396 -0.091647 0.992234 0.084098 -0.096651 0.991668 0.085168 0.004293 0.996536 -0.083052 0.004223 0.996291 -0.085941 0.004276 0.999991 0.000000 0.004278 0.999991 -0.000000 -0.156522 0.983819 -0.087184 -0.132463 0.987530 -0.085074 -0.129725 0.976939 -0.169591 -0.151312 0.972976 -0.174418 -0.021155 0.146159 0.989035 -0.015218 0.119603 0.992705 -0.014818 0.119676 0.992702 -0.019297 0.146123 0.989078 0.101500 0.987858 -0.117622 0.101485 0.987859 -0.117624 0.101472 0.987860 -0.117626 0.101472 0.987860 -0.117626 0.101413 0.987865 -0.117635 0.131695 0.981462 -0.139245 -0.014995 0.087307 0.996069 -0.014981 0.087272 0.996072 -0.014994 0.087627 0.996040 -0.014994 0.087627 0.996040 0.000120 0.999984 -0.005715 -0.014691 -0.087307 0.996073 -0.014700 -0.087272 0.996076 -0.014698 -0.087627 0.996045 -0.014697 -0.087627 0.996045 -0.014995 0.087631 0.996040 -0.014995 0.087631 0.996040 -0.158089 0.981434 0.108606 -0.147485 0.982891 0.110329 -0.133370 0.984649 0.112599 -0.117031 0.986425 0.115191 -0.100912 0.987907 0.117713 -0.014133 -0.083666 0.996394 
						-0.015479 -0.083350 0.996400 -0.015176 0.093604 0.995494 -0.015038 0.088963 0.995921 -0.014984 0.089112 0.995909 -0.015016 0.094000 0.995459 -0.014675 -0.093995 0.995464 -0.014780 -0.093599 0.995500 -0.014656 -0.117276 0.992991 -0.014409 -0.117309 0.992991 0.004278 0.999991 0.000000 0.004278 0.999991 0.000000 0.004148 0.996065 -0.088531 0.004274 0.999991 0.000000 -0.018331 -0.141007 0.989839 -0.017153 -0.140982 0.989863 0.000769 0.998724 -0.050485 0.000724 0.998957 -0.045649 0.000992 0.998021 -0.062869 0.000818 0.998569 -0.053467 -0.000995 0.998021 0.062870 -0.000874 0.998569 0.053467 -0.000748 0.998724 0.050486 -0.000695 0.998957 0.045649 -0.000378 0.999695 0.024689 -0.000465 0.999485 0.032081 -0.395013 0.858403 0.327275 -0.393330 0.852624 0.343981 -0.603234 0.663218 0.443002 -0.599002 0.666880 0.443247 -0.005993 0.101154 0.994853 -0.007002 0.101496 0.994811 -0.015678 0.082846 0.996439 -0.014843 0.083269 0.996417 -0.017085 -0.077686 0.996831 -0.011610 -0.076738 0.996984 -0.011880 -0.080866 0.996654 -0.018053 -0.085004 0.996217 -0.003123 -0.097540 0.995227 -0.008777 -0.104027 0.994536 0.600620 0.668170 -0.439095 0.604901 0.664531 -0.438740 0.396013 0.859728 -0.322553 0.394195 0.853791 -0.340074 0.010916 0.708176 -0.705952 0.006584 0.905102 -0.425142 0.999111 0.000000 0.042165 0.999111 0.000000 0.042149 0.267019 0.853054 -0.448330 0.933596 -0.357610 0.022682 0.903067 -0.407180 0.136651 0.008536 0.831461 -0.555517 0.010910 0.707810 -0.706319 0.254997 0.869753 -0.422500 0.918090 -0.357475 0.171237 0.940748 -0.329950 0.078275 -0.997556 0.069871 0.000096 -0.997556 0.069871 0.000101 -0.982873 0.184284 0.000242 -0.980907 0.194475 0.000276 -0.001386 -0.999999 -0.000000 -0.027969 -0.999350 0.022734 0.981282 0.192575 0.000541 0.981658 0.190651 0.000658 0.997842 0.065585 0.003014 
						0.997715 0.067493 0.002912 -0.997556 0.069871 0.000118 -0.980909 0.194469 0.000249 -0.997688 0.067955 0.000094 -0.997556 0.069871 0.000095 -0.980907 0.194475 0.000275 -0.981245 0.192765 0.000271 0.980902 0.194504 0.000572 0.997552 0.069871 0.002878 0.981242 0.192779 0.000565 0.980904 0.194493 0.000547 0.997552 0.069871 0.002876 0.997684 0.067957 0.002891 -0.997817 0.066038 0.000090 -0.983775 0.179404 0.000255 -0.028408 -0.999307 0.024040 -0.029185 -0.999228 0.026302 0.000000 -1.000000 0.000000 0.000000 -1.000000 0.000000 0.000000 -1.000000 -0.000000 0.000000 -1.000000 -0.000000 0.000000 -1.000000 0.000000 0.000000 -1.000000 0.000000 0.029187 -0.999253 -0.025319 0.028409 -0.999318 -0.023600 -0.027627 -0.999340 0.023598 0.000000 -1.000000 0.000000 0.000000 -1.000000 -0.000000 0.000000 -1.000000 0.000000 0.027627 -0.999340 -0.023598 0.000000 0.115074 -0.993357 -0.194237 0.075138 -0.978073 1.000000 -0.000001 0.000000 0.980857 -0.000001 0.194728 -0.000000 0.115078 -0.993356 0.000000 0.115088 -0.993355 -0.197826 0.074400 -0.977410 -0.194201 0.075137 -0.978080 0.000000 0.115075 -0.993357 0.013363 0.118076 -0.992915 -0.027626 -0.999340 0.023600 -0.027627 -0.999340 0.023597 0.000000 -1.000000 -0.000000 0.000000 -1.000000 -0.000000 0.000000 -1.000000 -0.000000 0.000000 -1.000000 -0.000000 0.000000 -1.000000 -0.000000 0.000000 -1.000000 -0.000000 0.027627 -0.999340 -0.023597 0.027626 -0.999340 -0.023601 -0.027627 -0.999340 0.023600 -0.178262 -0.972387 0.150619 -0.178168 -0.972406 0.150610 -0.000000 0.114778 -0.993391 0.000000 0.114769 -0.993392 0.000000 0.114767 -0.993392 -0.000000 0.114777 -0.993391 0.000000 0.114765 -0.993393 -0.000000 0.114769 -0.993392 -0.999990 -0.004339 0.000450 -0.999991 -0.004301 0.000448 -0.999990 -0.004302 0.000679 -0.999990 -0.004308 0.000899 -0.000000 0.114779 -0.993391 
						-0.000000 0.114763 -0.993393 -0.000000 0.114768 -0.993392 -0.000000 0.114778 -0.993391 0.001413 0.999999 -0.000000 0.001378 0.999999 -0.000000 0.001332 0.999999 -0.000000 0.001471 0.999999 -0.000000 0.002475 0.999997 -0.000000 -0.019412 0.999653 0.017803 0.178221 -0.972386 -0.150674 0.179523 -0.971978 -0.151757 0.179414 -0.972152 -0.150769 0.178263 -0.972379 -0.150668 0.000000 -1.000000 -0.000000 0.027627 -0.999340 -0.023600 0.000000 -1.000000 -0.000000 0.000000 -1.000000 0.000000 0.980883 0.194599 0.000537 0.997552 0.069871 0.002882 -0.997556 0.069871 0.000118 -0.980889 0.194570 0.000250 0.182474 -0.970659 -0.156600 0.178206 -0.972395 -0.150632 0.000000 -1.000000 0.000001 0.027626 -0.999340 -0.023603 0.000000 -1.000000 -0.000000 0.000000 -1.000000 -0.000001 -0.027626 -0.999340 0.023598 0.980918 0.194418 0.000538 0.997552 0.069871 0.002870 -0.000008 -1.000000 0.000189 0.000873 -1.000000 0.000042 0.000182 -1.000000 0.000018 -0.000054 -1.000000 0.000187 -0.000000 0.114783 -0.993391 0.000000 0.114771 -0.993392 0.000000 0.114771 -0.993392 -0.000000 0.114784 -0.993390 -0.155001 -0.986108 -0.059707 -0.129533 -0.990339 -0.049485 -0.114170 -0.992156 -0.050905 -0.122093 -0.990616 -0.061423 -0.006627 -0.999967 0.004786 0.000119 -1.000000 -0.000009 0.000635 -1.000000 0.000008 -0.005703 -0.999973 0.004706 0.983773 0.179415 0.000900 0.997812 0.066042 0.002994 0.000208 0.045473 0.998966 0.000208 0.045473 0.998966 0.000209 0.045437 0.998967 0.000208 0.045432 0.998967 0.000000 0.114773 -0.993392 0.000000 0.114773 -0.993392 -0.027627 -0.999340 0.023600 0.000000 -1.000000 -0.000000 0.000000 -1.000000 -0.000001 0.000000 -1.000000 0.000002 0.027627 -0.999340 -0.023602 -0.997556 0.069871 0.000116 -0.980923 0.194397 0.000250 0.178287 -0.972369 -0.150705 -0.178260 -0.972378 0.150681 0.178143 -0.972418 -0.150561 
						-0.178123 -0.972422 0.150559 -0.178247 -0.972382 0.150670 -0.178366 -0.972323 0.150909 -0.179415 -0.972215 0.150361 -0.000000 -1.000000 -0.000000 -0.000000 -1.000000 -0.000000 -0.029834 0.999198 0.026699 -0.061001 0.996713 0.053303 -0.061001 0.996713 0.053303 -0.048319 -0.998454 0.027472 -0.041254 -0.998515 0.035586 -0.040126 -0.998558 0.035666 -0.045951 -0.998103 0.040968 -0.060983 0.996725 0.053113 -0.059793 0.996553 0.057502 -0.054519 -0.997522 0.044465 -0.054518 -0.997480 0.045406 -0.176625 -0.983048 -0.049190 -0.133108 -0.989889 -0.049016 0.000364 -1.000000 -0.000173 0.000410 -1.000000 -0.000171 -0.182485 -0.970747 0.156044 -0.019492 -0.999676 0.016340 -0.019033 -0.999687 0.016246 0.000868 0.999223 -0.039416 0.000519 0.999515 -0.031131 -0.000539 0.999515 0.031131 -0.000371 0.999222 0.039443 -0.064257 -0.996465 0.054108 -0.064001 -0.996442 0.054843 -0.049492 -0.997854 0.042884 -0.045542 -0.998239 0.038022 -0.022001 -0.999548 0.020468 -0.009486 -0.999921 0.008273 0.046566 -0.997985 -0.043092 0.050674 -0.998003 -0.037710 0.054113 -0.997006 -0.055227 0.076790 -0.995619 -0.053355 0.491536 -0.842239 -0.221417 0.471587 -0.854031 -0.219628 0.483428 -0.874881 0.029676 0.504084 -0.863147 0.029608 0.701761 -0.711845 0.028429 0.701763 -0.711848 0.028305 0.964184 -0.262115 0.040566 0.964186 -0.262116 0.040499 0.964353 0.262174 0.035883 0.964354 0.262174 0.035854 0.701927 0.712060 0.016388 0.701926 0.712059 0.016514 0.504191 0.863417 0.017374 0.483530 0.875156 0.017366 -0.471584 -0.854083 0.219434 -0.491526 -0.842274 0.221304 0.000034 0.999684 -0.025154 -0.000732 0.999154 -0.041130 -0.000071 0.999156 0.041066 -0.000241 0.999684 0.025145 0.024786 -0.999574 -0.015409 0.041422 -0.997944 -0.048917 0.028770 -0.998403 -0.048614 0.016004 -0.999755 -0.015303 -0.032930 -0.999062 0.028108 -0.032973 -0.999059 0.028185 
						-0.104942 -0.993502 -0.044058 -0.105511 -0.993639 -0.039353 0.000000 0.114769 -0.993392 0.000000 0.114769 -0.993392 0.509531 -0.819486 -0.262336 0.500003 -0.826914 -0.257314 -0.517798 0.855502 0.000497 -0.528590 0.848877 0.000327 -0.860224 0.509916 0.000662 -0.849703 0.527261 0.000674 0.860189 0.509945 -0.005619 0.849662 0.527292 -0.006065 0.528512 0.848872 -0.009560 0.517725 0.855490 -0.009886 -0.500006 -0.826995 0.257046 -0.509542 -0.819577 0.262033 0.499220 -0.827489 -0.256984 0.506802 -0.822709 -0.257490 -0.524507 0.851406 0.000937 -0.516592 0.856231 0.000887 -0.848883 0.528580 0.000688 -0.857336 0.514756 0.000664 0.849543 0.527485 -0.006099 0.850256 0.526335 -0.005974 0.516947 0.855955 -0.010331 0.517454 0.855649 -0.010262 -0.500077 -0.826841 0.257405 -0.499626 -0.827270 0.256903 0.499213 -0.827480 -0.257028 -0.516702 0.856165 0.000755 -0.848928 0.528509 0.000676 0.848882 0.528548 -0.006069 0.516627 0.856150 -0.010153 -0.499170 -0.827506 0.257027 0.499218 -0.827515 -0.256905 -0.516575 0.856241 0.000886 -0.848883 0.528580 0.000650 0.848810 0.528663 -0.006077 0.516452 0.856254 -0.010342 -0.499131 -0.827581 0.256862 0.499095 -0.827566 -0.256980 -0.516591 0.856232 0.000815 -0.848931 0.528503 0.000680 0.848879 0.528553 -0.006071 0.516503 0.856225 -0.010123 -0.499040 -0.827600 0.256978 0.499191 -0.827510 -0.256973 -0.516650 0.856197 0.000860 -0.848853 0.528629 0.000684 0.848790 0.528695 -0.006098 0.516545 0.856199 -0.010207 -0.499124 -0.827563 0.256933 -0.061733 0.102905 -0.992774 -0.225993 0.068274 -0.971733 0.000210 0.045387 0.998969 0.000207 0.045387 0.998969 0.923655 -0.000000 0.383224 0.923656 -0.000000 0.383222 -0.381935 0.031972 -0.923636 -0.381605 0.032301 -0.923761 0.923641 -0.000000 0.383258 -0.381915 0.032223 -0.923636 0.923604 -0.000000 0.383348 -0.381847 0.032216 -0.923664 
						0.923552 -0.000000 0.383473 -0.382030 0.032131 -0.923591 0.985024 -0.000031 0.172419 0.923652 -0.000033 0.383232 -0.195301 0.081479 -0.977353 0.985002 0.000075 0.172542 0.923522 0.000133 0.383545 0.027903 0.120438 -0.992329 0.001024 -0.052978 0.998595 0.001021 -0.052979 0.998595 0.001027 -0.053223 0.998582 0.001028 -0.053199 0.998583 0.001030 -0.053402 0.998573 0.001030 -0.053402 0.998573 1.000000 -0.000002 -0.000000 1.000000 0.000000 0.000000 -0.054518 -0.997480 0.045406 0.999100 0.005568 0.042058 0.999111 -0.000000 0.042149 0.999056 0.011304 0.041942 0.998279 0.041585 0.041345 0.998394 0.049127 0.028225 -0.004038 0.867156 0.498020 -0.001951 0.991542 0.129774 -0.001951 0.991508 0.130029 -0.004029 0.866772 0.498688 -1.000000 -0.000026 -0.000008 -1.000000 -0.000023 -0.000014 -1.000000 -0.000006 -0.000015 -1.000000 -0.000003 -0.000016 -0.000130 0.000000 1.000000 -0.000146 -0.000000 1.000000 -0.000145 -0.000000 1.000000 -0.000136 -0.000000 1.000000 -0.000129 -0.000000 1.000000 -0.000131 0.000000 1.000000 -0.000143 0.000000 1.000000 0.000072 -0.000000 1.000000 -0.000162 -0.000000 1.000000 -0.000121 -0.000000 1.000000 -0.000122 -0.000000 1.000000 -0.001375 -0.999999 -0.000000 -0.001380 -0.999999 -0.000000 -0.019107 -0.999702 0.015159 -0.001381 -0.999999 -0.000000 -0.001806 -0.999998 -0.000000 -0.001419 -0.999999 -0.000000 0.999031 -0.011433 0.042498 0.999031 -0.011433 0.042498 0.010809 0.708561 -0.705567 0.007620 0.866793 -0.498609 0.001980 0.991512 -0.130001 0.001982 0.991489 -0.130172 0.007684 0.866533 -0.499061 0.010929 0.708069 -0.706059 1.000000 -0.000005 0.000014 1.000000 -0.000002 0.000014 0.001380 0.999999 0.000000 -1.000000 0.000002 0.000002 -1.000000 0.000002 0.000006 -1.000000 0.000002 0.000007 -1.000000 0.000001 -0.000000 -1.000000 0.000003 0.000000 -1.000000 0.000004 0.000000 
						-1.000000 0.000003 0.000003 -1.000000 0.000004 0.000003 -0.026852 0.128833 -0.991303 -0.026852 0.128833 -0.991303 -0.026851 0.128815 -0.991305 -0.026852 0.128815 -0.991305 -0.027276 0.119044 -0.992514 -0.026440 0.120355 -0.992379 -0.024294 0.110583 -0.993570 -0.028298 0.111072 -0.993409 -0.026808 0.127778 -0.991440 -0.026898 0.127531 -0.991470 -0.000025 -0.099685 -0.995019 -0.001825 -0.100153 -0.994970 -0.001295 -0.107983 -0.994152 -0.001098 -0.107930 -0.994158 -0.001192 -0.112484 -0.993653 -0.001193 -0.112484 -0.993653 0.186201 -0.967635 -0.170328 0.179460 -0.974082 -0.137691 0.020621 -0.999751 -0.008573 0.022264 -0.999505 -0.022241 -1.000000 -0.000027 0.000028 -1.000000 0.000007 0.000046 -1.000000 -0.000001 0.000075 -1.000000 0.000015 0.000090 -0.998111 -0.000607 0.061435 -0.992394 0.000081 0.123103 -0.994999 0.004628 0.099780 -0.994995 0.003800 0.099855 -0.994997 0.004278 0.099812 -0.995001 0.005092 0.099738 -0.998739 0.000298 0.050193 -0.998763 -0.002975 0.049641 -0.995021 -0.002403 0.099633 -0.995004 -0.000199 0.099834 -0.994994 0.000830 0.099928 -0.994978 0.002395 0.100070 -0.992135 0.001090 0.125167 -0.998123 -0.000043 0.061248 -1.000000 0.000000 0.000048 -1.000000 0.000001 0.000088 -0.991074 0.000059 0.133310 -0.988282 -0.000826 0.152639 -1.000000 0.000006 0.000091 -1.000000 0.000001 0.000054 -0.021281 -0.999670 0.014410 -0.022986 -0.999325 0.028669 -0.000088 -1.000000 0.000067 -0.000133 -1.000000 0.000138 0.000000 -1.000000 -0.000031 -0.000001 -1.000000 -0.000025 0.000085 -1.000000 -0.000043 0.000138 -1.000000 -0.000186 -1.000000 -0.000002 0.000012 -1.000000 0.000003 0.000007 -1.000000 0.000001 0.000003 -1.000000 0.000004 0.000011 -0.001192 -0.112434 -0.993658 -0.001192 -0.112434 -0.993658 -0.987420 0.000104 0.158118 -0.981414 -0.000080 0.191904 -0.981604 -0.000293 0.190927 -0.979866 -0.000726 0.199654 
						-0.988191 0.000047 0.153224 -0.982998 -0.007211 0.183472 -0.180782 -0.974511 0.132842 -0.188779 -0.966996 0.171119 0.513107 -0.815207 -0.268625 0.515144 -0.822432 -0.241312 0.005298 0.170374 -0.985365 0.002772 0.174672 -0.984623 -0.030690 0.131204 -0.990880 -0.025632 0.126646 -0.991617 -0.001392 -0.108852 -0.994057 -0.002808 -0.109406 -0.993993 0.021802 -0.139477 -0.989985 0.022314 -0.139683 -0.989945 -0.520010 -0.820881 0.236099 -0.521947 -0.808948 0.270508 -0.001192 -0.112434 -0.993658 -0.001193 -0.112434 -0.993658 -0.001196 -0.112434 -0.993658 -0.001195 -0.112434 -0.993658 -1.000000 0.000003 0.000006 -1.000000 0.000004 0.000010 -1.000000 0.000002 0.000005 -1.000000 0.000003 0.000005 -1.000000 0.000003 0.000008 -1.000000 0.000002 0.000005 -1.000000 0.000004 0.000004 -1.000000 0.000004 0.000004 -1.000000 0.000003 0.000005 -1.000000 0.000003 0.000004 -1.000000 0.000004 0.000002 -1.000000 0.000005 -0.000002 -0.026852 0.128833 -0.991303 -0.026852 0.128833 -0.991303 -1.000000 -0.000000 0.000000 -1.000000 0.000003 -0.000000 -0.054518 -0.997480 0.045406 0.805164 -0.592984 -0.008970 0.585895 -0.810347 -0.008083 0.588871 -0.808179 -0.008839 0.806686 -0.590903 -0.009604 -0.006166 -0.022216 -0.999734 0.000954 -0.022027 -0.999757 0.145196 -0.018943 -0.989222 0.129201 -0.019623 -0.991424 0.008206 -0.021951 -0.999725 0.145396 -0.018539 -0.989200 0.012033 -0.015001 0.999815 0.017258 -0.011340 0.999787 0.160229 0.044499 0.986076 0.136185 0.015396 0.990564 -0.005251 -0.019272 0.999800 0.000858 -0.017655 0.999844 0.143150 0.017292 0.989550 0.135943 0.014626 0.990609 0.006198 -0.016339 0.999847 0.135538 0.015542 0.990650 0.000135 -0.000051 -1.000000 0.000132 0.000009 -1.000000 -0.002674 0.144010 -0.989573 -0.002307 0.134662 -0.990889 -0.003414 0.002284 0.999992 -0.003788 0.001056 0.999992 -0.002452 0.146038 0.989276 
						-0.002416 0.150813 0.988559 -0.003812 -0.001455 0.999992 -0.003873 -0.003136 0.999987 -0.002811 0.145223 0.989395 -0.003077 0.140977 0.990008 0.000131 0.000148 -1.000000 0.000095 0.000223 -1.000000 -0.013478 0.191071 -0.981484 -0.003511 0.165116 -0.986268 -0.011917 -0.018164 0.999764 0.139650 -0.003815 0.990194 0.000131 0.000070 -1.000000 -0.003076 0.150407 -0.988619 0.000104 -0.000194 -1.000000 0.000140 -0.000126 -1.000000 -0.002324 0.130423 -0.991456 0.018236 0.147292 -0.988925 -0.003786 -0.000176 0.999993 -0.002650 0.145245 0.989392 -0.013327 -0.020143 -0.999708 0.116890 -0.023231 -0.992873 -0.003065 -0.004731 0.999984 -0.020859 0.167545 0.985644 0.015405 -0.019351 -0.999694 0.146503 -0.014531 -0.989103 0.979243 0.201354 -0.023221 0.976436 0.200812 -0.079038 0.956288 0.140697 -0.256355 0.974705 0.203597 -0.092186 0.915087 -0.011164 -0.403102 0.971706 0.199235 -0.126858 -0.005499 0.288495 -0.957465 0.025762 0.499481 -0.865942 -0.080454 0.502398 0.860885 -0.001420 0.291544 0.956556 0.969985 0.198381 0.140619 0.953555 0.259426 -0.153071 0.974772 0.193061 -0.112015 0.975640 0.202872 0.083479 0.979048 0.201102 -0.031988 0.979319 0.201467 0.018597 0.970996 0.199445 -0.131867 0.967887 0.198495 -0.154257 0.939855 0.192124 -0.282421 0.957701 0.195934 -0.210756 0.703270 0.183674 -0.686786 0.663423 0.133009 -0.736328 0.513001 0.004446 -0.858376 0.615491 0.049687 -0.786576 0.024565 0.484871 -0.874240 0.187920 0.432755 -0.881708 -0.202532 0.459524 0.864765 -0.130590 0.466342 0.874912 0.803038 0.302486 -0.513451 0.610722 0.265443 -0.746029 0.753597 0.155967 -0.638566 0.862634 0.179212 -0.473018 0.971638 0.199427 -0.127079 0.956031 0.196122 -0.218039 0.972687 0.199533 -0.118602 0.976480 0.200339 -0.079688 0.970909 0.199137 -0.132965 0.859819 0.172475 -0.480586 0.536229 0.213793 -0.816548 
						0.488761 -0.077164 -0.868999 0.428627 -0.140840 -0.892436 0.968548 0.198688 -0.149793 0.971747 0.199401 -0.126281 0.862122 0.175678 -0.475272 0.836823 0.170629 -0.520204 0.737407 0.149431 -0.658712 0.500484 0.061848 -0.863534 0.500129 0.063008 -0.863656 0.290362 -0.015359 -0.956794 -0.001209 0.290846 0.956769 0.121476 0.486885 0.864978 0.739911 -0.043879 0.671272 0.911402 0.187072 0.366539 0.944839 0.201361 0.258328 0.907895 0.140557 0.394931 0.977337 0.201286 0.065544 0.973176 0.200608 0.112623 -0.200051 0.494589 -0.845790 -0.141074 0.509947 -0.848559 0.824240 0.306045 0.476408 0.649906 0.333946 0.682717 0.765841 0.223703 0.602863 0.944665 0.188572 0.268417 0.961111 0.198371 0.192134 0.972366 0.200256 0.120009 0.977218 0.201071 0.067941 0.484718 0.104216 0.868439 0.492251 0.105196 0.864073 0.688545 0.155067 0.708420 0.830409 0.210693 0.515780 0.847575 0.145499 0.510340 0.946382 0.195331 0.257308 0.969497 0.199820 0.141940 0.968978 0.199743 0.145551 0.286195 0.052857 0.956712 0.518623 0.105951 0.848413 0.733397 0.167700 0.658791 0.861375 0.176593 0.476286 0.858918 0.128129 0.495826 0.848998 0.246413 0.467422 0.857516 0.198388 0.474667 0.971548 0.200171 0.126595 0.970439 0.199874 0.135273 0.979219 0.201394 0.023900 0.975815 0.197442 0.093816 0.971702 0.200463 0.124935 -0.005947 0.300876 -0.953645 0.028581 0.858441 -0.512116 -0.008148 0.709386 -0.704773 0.441499 0.118348 -0.889422 0.531308 0.192956 0.824912 0.837809 0.302978 0.454180 0.544625 0.029832 0.838149 0.753092 0.130816 0.644779 0.949342 -0.314073 -0.010377 0.950175 -0.311535 -0.010688 -0.264190 0.960066 0.092072 0.044955 0.984284 -0.170774 0.022561 0.987686 -0.154816 -0.244585 0.966528 0.077476 0.324106 0.861552 -0.390747 0.275221 0.892244 -0.357985 -0.000099 -0.000059 1.000000 
						-0.000109 -0.000038 1.000000 -0.003452 0.147076 0.989119 -0.017808 0.162788 0.986500 0.014253 -0.051986 0.998546 -0.002604 -0.055893 0.998433 -0.146069 -0.049753 0.988023 -0.109579 -0.085131 0.990326 -0.022986 -0.060968 0.997875 -0.146924 -0.016239 0.989014 -0.002208 -0.000594 0.999997 -0.002203 0.000097 0.999997 -0.003281 -0.143981 0.989575 -0.002997 -0.134842 0.990863 -0.000109 -0.000016 1.000000 -0.003150 0.144555 0.989492 -0.000109 0.000021 1.000000 -0.000115 0.000050 1.000000 0.024179 0.128588 0.991403 -0.002533 0.142999 0.989720 0.047749 -0.038180 0.998129 0.031724 -0.048218 0.998333 -0.066248 -0.114076 0.991261 -0.033788 -0.141614 0.989345 -0.002202 0.000808 0.999997 -0.001950 0.001515 0.999997 -0.008100 -0.161571 0.986828 -0.003525 -0.150244 0.988643 -0.001856 -0.002260 0.999996 -0.002234 -0.001439 0.999996 -0.003080 -0.130906 0.991390 0.017595 -0.148082 0.988818 -0.044923 -0.056180 0.997409 -0.135900 0.015759 0.990597 -0.000109 0.000002 1.000000 -0.003002 0.145490 0.989355 -0.536224 0.813655 0.224565 -0.503862 0.819837 0.272013 -0.000103 0.000076 1.000000 0.092219 0.060886 0.993876 0.547171 0.685041 -0.480959 0.508516 0.722374 -0.468601 -0.047333 0.990601 -0.128332 0.001306 0.989777 -0.142618 0.169144 0.861777 -0.478258 0.119418 0.869519 -0.479244 -0.011377 -0.876649 0.480996 0.031702 -0.858111 0.512484 -0.004689 -0.505774 0.862653 -0.007165 -0.748430 0.663175 -0.004325 -0.288539 0.957458 0.072841 0.504782 0.860168 -0.005917 0.291864 0.956441 -0.014855 0.751365 0.659720 -0.101501 0.550162 0.828866 0.026374 0.871867 0.489032 -0.009782 0.878898 0.476909 -0.394629 0.811983 0.430060 -0.415899 0.831850 0.367497 -0.274726 0.955120 0.110776 -0.246940 0.961424 0.121179 -0.005385 0.989827 -0.142172 -0.031485 0.992232 -0.120347 0.051010 0.982555 -0.178841 0.126326 0.962217 -0.241204 
						0.414558 0.773874 -0.478812 0.316906 0.864654 -0.389801 0.385776 0.815347 -0.431725 0.513897 0.653307 -0.555967 0.027447 -0.483410 0.874964 0.188836 -0.431805 0.881978 -0.686089 0.604153 0.405316 -0.428312 0.869231 0.246953 -0.581152 0.714596 0.389376 -0.385139 0.899699 0.205450 -0.506319 0.799684 0.322718 -0.336829 0.927852 0.160117 -0.266451 0.959069 0.095864 -0.219822 0.973701 0.059873 -0.253200 0.963027 0.092022 -0.185241 0.982351 0.025912 -0.216223 0.974913 0.052841 -0.225950 0.972263 0.060430 -0.077987 0.993977 -0.076995 -0.134570 0.990635 -0.023089 -0.081047 0.994321 -0.068966 0.064430 0.978561 -0.195622 -0.055357 0.994457 -0.089395 0.177593 0.942833 -0.282004 0.003264 0.990396 -0.138222 -0.006050 0.288940 0.957328 -0.124933 0.484998 0.865545 0.799471 0.139773 -0.584216 0.952484 -0.090718 -0.290764 0.986396 -0.014621 -0.163736 0.939914 -0.014674 -0.341095 0.999184 0.001982 -0.040333 0.995846 -0.006987 -0.090780 0.318917 -0.092516 -0.943256 0.211371 -0.107728 -0.971451 0.544358 -0.029245 -0.838343 0.704411 -0.040520 -0.708635 0.729084 -0.024050 -0.684002 0.936290 -0.002163 -0.351221 0.973577 -0.000733 -0.228355 0.990167 0.007668 -0.139677 0.995648 0.010342 -0.092618 0.143494 0.006618 -0.989629 0.165618 0.022309 -0.985938 0.550909 0.006371 -0.834541 0.514025 -0.034740 -0.857072 0.746685 -0.019466 -0.664893 0.870053 -0.014855 -0.492735 0.973831 -0.000386 -0.227271 0.991990 -0.010829 -0.125849 0.990622 -0.008599 -0.136360 0.150503 -0.072131 -0.985975 0.142416 -0.032163 -0.989284 0.286944 -0.038653 -0.957167 0.506357 -0.031583 -0.861745 0.747141 -0.021703 -0.664311 0.876667 -0.012490 -0.480935 0.856472 -0.013702 -0.516012 0.991735 -0.001282 -0.128294 0.988772 0.004340 -0.149371 0.998655 0.010535 -0.050763 0.999903 0.013089 -0.004652 0.999401 0.017765 -0.029707 0.979434 0.008987 -0.201565 
						-0.048538 -0.882720 0.467386 -0.009292 -0.762232 0.647238 -0.004428 -0.301410 0.953484 -0.014057 0.748777 0.662673 -0.045835 0.875307 0.481391 0.999703 -0.015096 0.019128 0.999960 0.004332 0.007882 -0.001819 -0.707153 0.707058 0.133990 0.464089 0.875596 -0.652597 0.558743 0.511784 -0.551359 0.776063 0.306152 -0.194844 0.463640 0.864334 -0.151933 -0.502984 0.850837 0.939560 0.061638 -0.336791 0.993796 0.111218 0.000030 0.993796 0.111218 0.000030 0.993796 0.111217 0.000030 0.993796 0.111217 0.000030 0.993796 0.111219 0.000030 0.993796 0.111217 0.000030 0.993796 0.111219 0.000030 0.993796 0.111219 0.000030 0.993796 0.111216 0.000030 0.993796 0.111216 0.000030 0.993796 0.111218 0.000030 0.993796 0.111217 0.000030 0.993796 0.111217 0.000030 0.993796 0.111219 0.000030 0.993796 0.111218 0.000030 0.993796 0.111216 0.000030 0.993796 0.111217 0.000030 0.993796 0.111214 0.000030 0.993796 0.111220 0.000030 0.993796 0.111217 0.000030 0.979505 0.201420 -0.000023 0.979506 0.201413 -0.000032 0.979506 0.201416 -0.000032 0.979506 0.201416 -0.000022 0.979508 0.201405 -0.000039 0.979505 0.201417 -0.000030 0.979507 0.201411 -0.000030 0.979506 0.201413 -0.000041 0.979503 0.201427 -0.000025 0.979513 0.201380 -0.000027 0.979507 0.201407 -0.000028 0.979509 0.201401 -0.000025 0.979504 0.201422 -0.000026 0.979507 0.201412 -0.000029 0.979504 0.201425 -0.000025 0.979508 0.201404 -0.000028 0.979506 0.201414 -0.000030 0.979507 0.201411 -0.000029 0.979504 0.201422 -0.000032 0.979506 0.201415 -0.000025 -0.158849 0.987303 -0.000005 -0.158764 0.987317 -0.000003 -0.158889 0.987296 -0.000010 -0.158830 0.987306 -0.000004 -0.158873 0.987299 0.000001 -0.158843 0.987304 -0.000005 -0.158812 0.987309 -0.000002 -0.158805 0.987310 -0.000016 -0.158851 0.987302 0.000004 -0.158838 0.987305 -0.000009 
						-0.158843 0.987304 -0.000003 -0.158789 0.987312 -0.000005 -0.158821 0.987307 -0.000006 -0.148154 0.979808 0.134262 -0.154830 0.979084 0.131991 -0.158876 0.987298 -0.000005 -0.158910 0.987293 -0.000002 -0.167963 0.981559 -0.091270 -0.167266 0.984217 -0.057791 -0.158786 0.987313 -0.000001 -0.158854 0.987302 0.000002 -0.148040 0.985495 0.082972 -0.145223 0.982502 0.116623 -0.158854 0.987302 -0.000005 -0.158836 0.987305 -0.000010 -0.163450 0.986093 -0.030094 -0.155713 0.987495 0.024655 -0.158812 0.987309 -0.000005 -0.165338 0.979907 -0.111564 -0.570621 0.789154 0.227217 -0.308918 0.946616 0.092129 -0.308401 0.936167 0.168759 -0.563374 0.773090 0.291447 0.001413 0.985283 -0.170923 -0.001429 0.995394 -0.095857 0.288299 0.873882 -0.391425 0.292555 0.895498 -0.335403 0.517105 0.709850 -0.478241 0.526011 0.727655 -0.440263 -0.588882 -0.808197 0.005865 -0.806711 -0.590940 0.002637 -0.805178 -0.593015 0.004576 -0.585897 -0.810351 0.007491 -0.950220 -0.311557 -0.003685 -0.949389 -0.314098 -0.001757 -0.999953 -0.000829 -0.009668 -0.999962 -0.003448 -0.007985 -0.950658 0.309892 -0.014694 -0.951472 0.307441 -0.013414 -0.806637 0.590804 -0.016944 -0.808081 0.588848 -0.016199 0.787545 -0.577197 -0.215908 0.580907 -0.801108 -0.144128 0.580197 -0.793306 -0.184493 0.783024 -0.571010 -0.246620 0.311869 -0.950122 0.002532 0.314202 -0.948439 -0.041721 -0.001165 -0.988740 0.149639 0.001172 -0.994140 0.108093 -0.302058 -0.912813 0.274834 -0.302424 -0.922134 0.241266 -0.558088 -0.762836 0.326526 -0.559549 -0.771470 0.302884 0.590359 0.807106 -0.007443 0.808152 0.588912 -0.008484 0.806721 0.590882 -0.007711 0.587054 0.809521 -0.006594 0.951508 0.307455 -0.010140 0.950715 0.309914 -0.009691 0.999936 -0.003447 -0.010793 0.999942 -0.000828 -0.010722 0.301406 -0.918025 -0.257652 0.460823 -0.590650 -0.662401 0.460793 -0.590481 -0.662573 
						0.561527 -0.035885 -0.826680 0.557425 -0.143983 -0.817647 -0.251787 0.931858 -0.261235 -0.252117 0.931736 -0.261353 -0.254445 0.958054 -0.131872 -0.257806 0.954020 -0.152910 0.428832 0.683775 -0.590386 0.447766 0.597975 -0.664779 0.447798 0.597750 -0.664960 0.428646 0.684214 -0.590012 0.560747 0.041235 -0.826960 0.554512 0.149655 -0.818609 0.512004 -0.454070 -0.729159 0.553777 -0.168619 -0.815413 -0.009578 0.857446 0.514485 -0.013164 0.529539 0.848183 0.051424 0.500741 0.864068 -0.006164 0.981185 0.192968 0.494299 0.447615 -0.745191 0.550840 0.170970 -0.816912 0.442795 0.745227 -0.498568 0.428818 0.773050 -0.467449 0.000417 0.833056 -0.553188 -0.000067 -1.000000 0.000008 0.000226 -1.000000 0.000016 -0.000057 -1.000000 -0.000008 -0.000171 -1.000000 -0.000008 0.000094 -1.000000 -0.000016 -0.000165 -1.000000 0.000008 -0.003886 0.999929 0.011268 -0.003614 0.999933 -0.011003 -0.032726 0.094166 -0.995018 -0.049446 0.090595 -0.994660 -0.049446 0.090595 -0.994659 -0.032726 0.094167 -0.995018 0.032872 -0.000473 0.999459 0.032872 -0.000473 0.999459 0.032872 -0.000473 0.999459 0.032872 -0.000473 0.999459 -0.000136 -0.990623 0.136623 -0.000048 -1.000000 -0.000000 -0.000052 -1.000000 0.000000 -0.000052 -1.000000 0.000000 -0.000064 -1.000000 0.000000 -0.000006 -1.000000 -0.000000 -0.000063 -1.000000 0.000000 -0.000083 -1.000000 0.000000 0.999095 0.000000 0.042524 0.999095 0.000000 0.042524 0.999111 0.000000 0.042158 0.999111 0.000000 0.042158 -0.000052 -1.000000 0.000000 -0.000052 -1.000000 0.000000 -0.000051 -1.000000 0.000000 -0.003641 0.999993 0.000122 0.441450 -0.767768 -0.464386 0.000033 1.000000 -0.000001 0.000039 1.000000 -0.000001 0.000098 0.999998 0.001988 -0.000008 0.999998 0.001991 0.000155 0.999998 -0.001996 0.000059 0.999998 -0.001993 0.032872 -0.000473 0.999459 0.032872 -0.000473 0.999459 
						-0.014685 0.097695 -0.995108 -0.014685 0.097696 -0.995108 0.032978 0.000002 0.999456 0.032978 0.000002 0.999456 0.032978 0.000002 0.999456 0.032978 0.000002 0.999456 0.033503 -0.000015 0.999439 0.033503 -0.000015 0.999439 0.033503 -0.000015 0.999439 0.033503 -0.000015 0.999439 -0.000037 -0.000021 1.000000 0.002097 -0.150804 0.988561 0.002591 -0.132004 0.991246 -0.000040 -0.000011 1.000000 -0.063439 0.109879 0.991918 -0.200612 0.087592 0.975747 -0.131132 0.114987 0.984674 0.000000 0.130812 0.991407 -0.087892 0.111407 0.989881 0.036077 0.134642 0.990237 0.005067 0.005067 -0.999974 0.039454 -0.192793 -0.980446 0.002908 -0.150339 -0.988630 0.005141 0.002968 -0.999982 0.003984 -0.132002 -0.991241 0.005025 0.000000 -0.999987 -0.005445 -0.148913 -0.988835 0.004317 -0.002492 -0.999988 0.005083 -0.002935 -0.999983 -0.151491 -0.064214 -0.986371 -0.130065 -0.038604 -0.990754 0.004297 -0.004297 -0.999982 0.001354 -0.005052 -0.999986 -0.131904 -0.039256 -0.990485 0.001354 -0.005052 -0.999986 -0.001553 -0.005797 -0.999982 -0.167151 -0.027017 -0.985561 -0.001553 -0.005797 -0.999982 0.000000 0.000000 1.000000 0.039215 -0.193195 0.980376 -0.000040 0.000011 1.000000 0.004113 -0.154298 0.988016 -0.000006 0.000002 1.000000 0.000000 -0.000000 1.000000 -0.034658 -0.200724 0.979035 -0.000024 0.000041 1.000000 0.993601 0.112950 0.000001 0.993601 0.112950 0.000001 0.993600 0.112952 0.000001 0.993601 0.112951 0.000001 0.993600 0.112952 0.000001 0.993600 0.112951 0.000001 0.993601 0.112950 0.000001 0.993601 0.112950 0.000001 0.993601 0.112949 0.000001 0.993600 0.112955 0.000001 0.993600 0.112956 0.000001 0.993600 0.112951 0.000001 0.005290 -0.267296 0.963600 0.009127 -0.309795 0.950760 -0.801485 -0.207672 0.560798 -0.940639 -0.244125 0.235800 -0.953484 -0.257548 0.156645 -0.886853 -0.238863 0.395519 
						-0.965257 -0.258469 0.038383 -0.960760 -0.256990 0.104385 -0.061159 -0.401128 0.913978 -0.707398 -0.186432 0.681785 -0.833479 -0.221267 0.506313 -0.956312 -0.255569 0.141958 -0.338160 0.064851 0.938851 -0.266066 0.096273 0.959135 -0.706616 -0.186688 0.682526 -0.833255 -0.220977 0.506809 -0.956300 -0.255581 0.142017 -0.248398 0.104045 0.963054 -0.797747 -0.216155 0.562918 -0.887827 -0.233118 0.396762 -0.960779 -0.256872 0.104497 0.067782 -0.391670 -0.917606 -0.000230 -0.305153 -0.952303 -0.936786 -0.257047 0.237400 -0.954763 -0.252240 0.157488 -0.965285 -0.258355 0.038446 0.002823 -0.267298 -0.963610 -0.939853 -0.245685 -0.237308 -0.953011 -0.258822 -0.157423 -0.965171 -0.258782 -0.038431 -0.014186 -0.297577 -0.954592 -0.827831 -0.163547 -0.536608 -0.902156 -0.202415 -0.380975 -0.960533 -0.257801 -0.104476 -0.310331 -0.122777 -0.942667 -0.265773 -0.072983 -0.961269 -0.708008 -0.184925 -0.681562 -0.771293 -0.252926 -0.584068 -0.839765 -0.331505 -0.429998 -0.824412 -0.246851 -0.509322 -0.844655 -0.186709 -0.501695 -0.956004 -0.256690 -0.142010 -0.266575 -0.073817 -0.960983 -0.706826 -0.185123 -0.682734 -0.838893 -0.189518 -0.510236 -0.824415 -0.262501 -0.501431 -0.956006 -0.256707 -0.141967 -0.331874 -0.052272 -0.941874 -0.793538 -0.157257 -0.587850 -0.892978 -0.122626 -0.433074 -0.882151 -0.278105 -0.380088 -0.960570 -0.257694 -0.104401 0.071301 -0.386627 0.919476 0.003573 -0.303173 0.952929 -0.936686 -0.258791 -0.235896 -0.798643 -0.276296 -0.534630 -0.954534 -0.253583 -0.156717 -0.965203 -0.258667 -0.038404 0.543422 0.229679 -0.807428 0.547176 -0.229346 -0.804984 -0.003645 0.999993 -0.001099 -0.004808 0.996524 0.083167 -0.003464 0.999992 -0.001896 -0.007325 0.995711 0.092232 -0.554150 0.000029 0.832417 -0.554150 0.000057 0.832417 -0.554150 0.000058 0.832417 -0.554150 0.000030 0.832417 0.007031 0.102096 -0.994750 0.007031 0.102094 -0.994750 
						0.294543 -0.000003 -0.955638 0.294528 -0.000006 -0.955643 0.294528 -0.000006 -0.955643 0.294539 -0.000003 -0.955639 -0.554150 0.000058 0.832417 -0.554150 0.000058 0.832417 -0.002211 0.996349 -0.085351 -0.003643 0.999993 -0.001159 -0.003476 0.999992 -0.001944 0.051931 0.815967 -0.575761 0.000967 0.956978 -0.290157 0.474335 0.515246 -0.713812 0.367355 0.804005 -0.467575 -0.010019 0.950506 0.310544 -0.093985 0.811805 0.576316 -0.059073 0.816695 0.574038 -0.008071 0.957568 0.288094 0.329991 -0.827304 -0.454614 0.483100 -0.513918 -0.708874 0.379599 -0.801569 -0.461944 -0.009839 -0.999937 -0.005465 -0.826907 -0.112378 -0.550995 -0.868157 -0.112732 -0.483316 -0.868163 -0.112731 -0.483306 -0.826908 -0.112376 -0.550995 -0.995995 -0.000005 -0.089409 -0.999978 0.000000 -0.006600 -0.999978 -0.000000 -0.006601 -0.995995 -0.000009 -0.089410 -0.999978 -0.000001 -0.006601 -0.995995 -0.000004 -0.089409 -0.868158 -0.112734 -0.483315 -0.826908 -0.112378 -0.550995 -0.955242 -0.000017 -0.295825 -0.955241 -0.000016 -0.295829 -0.873732 -0.000017 -0.486407 -0.873727 -0.000021 -0.486416 -0.955241 -0.000010 -0.295829 -0.873727 -0.000013 -0.486416 0.294620 0.000006 -0.955615 0.294620 0.000006 -0.955615 0.294524 -0.000002 -0.955644 0.294526 -0.000002 -0.955643 -0.137338 0.072011 -0.987903 -0.049828 0.090509 -0.994648 -0.049828 0.090511 -0.994648 -0.137338 0.072011 -0.987903 -0.137338 0.072010 -0.987903 -0.049828 0.090509 -0.994648 -0.779400 -0.094506 -0.619357 -0.795164 -0.101807 -0.597787 -0.795309 -0.102468 -0.597481 -0.784985 -0.102854 -0.610917 -0.770355 -0.097355 -0.630139 0.623146 0.000002 -0.782106 0.623203 0.011536 -0.781975 0.623263 0.010526 -0.781941 0.623142 -0.000336 -0.782108 -0.809107 -0.106543 -0.577922 -0.811787 -0.104807 -0.574471 -0.805274 -0.101432 -0.584162 -0.599792 0.001790 0.800154 -0.600519 0.002127 0.799608 -0.589163 0.002706 0.808010 
						-0.591638 0.001974 0.806201 -0.601224 0.000039 0.799080 -0.601236 0.000037 0.799071 -0.605124 0.000130 0.796131 -0.605314 0.000044 0.795987 -0.795019 -0.100035 -0.598280 -0.804945 -0.099808 -0.584895 -0.811882 -0.105343 -0.574238 -0.808857 -0.107220 -0.578147 -0.794820 -0.100034 -0.598543 -0.770672 -0.098061 -0.629641 -0.784625 -0.100921 -0.611702 -0.779135 -0.095335 -0.619564 0.616545 0.008009 -0.787279 0.613830 0.015965 -0.789277 0.611997 0.023799 -0.790502 0.616371 0.010360 -0.787388 -0.813904 -0.107647 -0.570939 -0.812876 -0.107163 -0.572493 -0.815605 -0.109815 -0.568093 -0.815653 -0.109276 -0.568127 -0.816063 -0.108203 -0.567744 -0.813646 -0.107700 -0.571297 -0.815465 -0.107881 -0.568663 -0.812794 -0.107268 -0.572589 -0.341699 0.025561 -0.939462 -0.341699 0.025574 -0.939461 -0.560623 -0.030499 -0.827509 -0.560635 -0.029944 -0.827521 -0.736047 -0.081987 -0.671947 -0.712389 -0.068047 -0.698478 -0.341699 0.025559 -0.939462 -0.560629 -0.030533 -0.827504 -0.736201 -0.081810 -0.671800 0.595984 -0.000000 -0.802996 0.595983 0.000000 -0.802997 -0.762773 -0.081352 -0.641529 -0.762352 -0.094343 -0.640248 -0.773736 -0.094460 -0.626426 -0.761489 -0.093690 -0.641370 -0.761555 -0.092825 -0.641418 -0.773668 -0.094630 -0.626485 -0.066098 0.921901 -0.381745 0.108905 0.806088 -0.581689 -0.258664 -0.950794 0.170539 -0.184276 -0.978963 0.087599 0.595755 0.000000 -0.803166 0.595757 0.000000 -0.803165 0.623295 -0.011581 -0.781901 0.623269 -0.014022 -0.781882 0.616761 -0.008125 -0.787108 0.616575 -0.000001 -0.787296 0.616560 0.000335 -0.787308 0.616720 -0.007059 -0.787151 0.623644 0.028678 -0.781182 0.615346 0.044805 -0.786982 0.616864 0.037267 -0.786187 0.623649 0.024690 -0.781314 0.611516 -0.032199 -0.790577 0.617333 -0.020476 -0.786436 0.617085 -0.016176 -0.786730 0.612785 -0.024008 -0.789885 0.619443 -0.023203 -0.784699 0.617908 -0.031474 -0.785620 
						-0.601213 0.000036 0.799089 -0.605084 -0.000009 0.796162 -0.601905 0.002061 0.798565 -0.602574 0.001692 0.798061 -0.594616 0.001734 0.804008 -0.590905 0.002273 0.806738 -0.601553 0.002073 0.798830 -0.588854 0.002568 0.808235 -0.601223 0.002076 0.799079 -0.588395 0.002674 0.808569 -0.614756 0.001902 0.788715 -0.619012 0.000928 0.785381 -0.636055 0.000041 0.771644 -0.635701 0.000023 0.771935 0.616564 0.000365 -0.787304 0.616388 0.008841 -0.787393 0.617310 -0.003074 -0.786714 0.616455 -0.004160 -0.787379 0.622623 -0.015459 -0.782369 0.623111 -0.005260 -0.782116 -0.620874 0.001431 0.783909 -0.615894 0.001241 0.787828 -0.613091 0.001581 0.790011 0.622946 0.000780 -0.782264 0.622572 -0.003587 -0.782555 0.615377 0.024592 -0.787849 -0.635721 0.000035 0.771919 0.626989 -0.026573 -0.778575 0.623139 -0.000326 -0.782111 -0.613702 0.001478 0.789537 0.622037 0.040996 -0.781914 0.616557 0.000533 -0.787310 0.615449 0.031842 -0.787533 -0.657715 -0.000462 0.753267 -0.659591 -0.000393 0.751624 0.646539 -0.088247 -0.757760 0.627525 -0.061906 -0.776131 0.619750 0.071335 -0.781550 0.616178 -0.026955 -0.787146 0.622728 -0.028027 -0.781936 0.623135 -0.000515 -0.782114 0.622465 0.023686 -0.782289 -0.659302 -0.000818 0.751878 -0.657750 -0.000548 0.753236 0.640418 0.104319 -0.760909 -0.677214 0.002464 0.735782 -0.676760 0.000039 0.736203 -0.663406 -0.000723 0.748260 -0.677164 -0.002294 0.735829 0.629033 0.043448 -0.776163 0.623701 -0.050017 -0.780061 -0.662343 -0.000691 0.749200 0.616549 0.000673 -0.787316 0.614399 0.053414 -0.787186 0.623140 -0.000637 -0.782110 0.621574 0.045971 -0.782005 -0.700556 -0.002642 0.713592 -0.699931 -0.002509 0.714206 -0.682968 0.010156 0.730378 -0.711922 -0.000122 0.702259 -0.712637 0.000041 0.701533 -0.712827 0.000042 0.701340 -0.701983 -0.002347 0.712190 -0.705387 -0.002354 0.708818 
						-0.712634 -0.000030 0.701536 0.629298 -0.094968 -0.771340 0.615790 -0.048912 -0.786390 0.635668 -0.099268 -0.765553 0.621985 -0.049478 -0.781464 -0.682684 -0.009763 0.730648 -0.711978 0.000041 0.702202 -0.702407 -0.001811 0.711773 0.633857 0.089591 -0.768244 -0.700032 -0.002477 0.714107 0.628801 0.107383 -0.770116 -0.733464 0.000027 0.679728 -0.733455 0.000034 0.679738 0.621449 -0.062275 -0.780976 0.623144 0.000011 -0.782107 -0.734649 -0.004299 0.678433 -0.735860 -0.003568 0.677124 -0.733434 0.000034 0.679760 -0.733425 0.000029 0.679770 -0.733444 0.000034 0.679750 0.620867 0.062594 -0.781413 0.636892 0.125046 -0.760744 0.632437 -0.130169 -0.763596 0.615235 -0.065459 -0.785622 0.637637 -0.124167 -0.760264 0.616562 -0.000011 -0.787306 0.613553 0.066288 -0.786867 -0.731125 -0.003398 0.682235 -0.732264 -0.004162 0.681008 -0.733440 -0.004171 0.679741 0.630205 0.132697 -0.765005 -0.732877 -0.004145 0.680349 -0.733292 0.017627 0.679686 -0.733257 0.016349 0.679755 -0.717668 -0.193754 0.668889 -0.714749 -0.210535 0.666940 -0.666876 -0.194817 -0.719252 -0.667004 -0.194819 -0.719132 -0.755552 -0.192840 -0.626062 -0.794229 -0.190119 -0.577109 -0.666738 -0.194805 -0.719383 -0.666765 -0.194812 -0.719356 -0.486314 -0.191409 -0.852561 -0.486376 -0.191446 -0.852518 -0.667080 -0.194811 -0.719064 -0.699627 -0.194623 -0.687491 -0.772167 0.085109 0.629694 -0.722670 -0.252252 0.643519 -0.742836 -0.004687 0.669458 -0.744123 -0.006085 0.668015 -0.542599 0.024796 0.839626 -0.574458 0.002859 0.818529 -0.730623 0.030100 0.682117 -0.794794 0.126910 0.593461 -0.879825 -0.021579 0.474808 -0.860326 0.000499 0.509744 -0.742829 -0.004663 0.669465 -0.586580 0.002733 0.809887 -0.745439 -0.004753 0.666557 -0.743170 -0.004674 0.669087 -0.586140 0.002745 0.810205 -0.572176 0.003990 0.820121 -0.749286 -0.001665 0.662245 -0.537209 -0.018046 0.843256 
						-0.733150 0.017719 0.679836 -0.715641 -0.208227 0.666708 -0.730588 -0.029964 0.682161 -0.723348 0.000023 0.690483 -0.852195 0.000037 0.523225 -0.860322 -0.000483 0.509750 -0.734665 0.019943 0.678137 -0.693872 -0.247713 0.676151 -0.734346 -0.020405 0.678469 -0.732714 -0.017986 0.680299 -0.718051 0.209776 0.663624 -0.695584 0.250810 0.673243 -0.732836 -0.016352 0.680209 -0.720160 0.193754 0.666205 -0.732834 -0.017345 0.680186 -0.770060 -0.081442 0.632752 -0.725487 0.249112 0.641570 -0.717685 0.208967 0.664275 -0.666812 -0.194809 -0.719313 -0.515050 -0.192374 -0.835294 -0.667052 -0.194814 -0.719089 -0.666945 -0.194803 -0.719192 -0.755995 -0.191655 -0.625892 -0.699870 -0.193913 -0.687444 -0.666768 -0.194811 -0.719353 -0.813607 -0.188353 -0.550061 -0.667052 -0.194816 -0.719089 -0.666941 -0.194812 -0.719193 -0.567224 -0.193524 -0.800503 -0.633032 -0.194606 -0.749265 -0.666721 -0.194817 -0.719395 -0.803971 -0.189180 -0.563774 -0.667005 -0.194816 -0.719132 -0.667080 -0.194808 -0.719065 -0.632913 -0.195299 -0.749186 -0.566958 -0.194716 -0.800402 -0.622319 0.383339 -0.682473 -0.679274 -0.000184 -0.733884 -0.679278 -0.000266 -0.733881 -0.622723 0.381981 -0.682866 -0.666878 -0.194796 -0.719255 -0.514838 -0.192835 -0.835318 -0.666812 -0.194832 -0.719306 -0.666733 -0.194828 -0.719381 -0.813682 -0.188370 -0.549945 -0.794520 -0.189638 -0.576867 -0.794721 -0.126764 0.593590 -0.879859 0.021508 0.474747 0.733787 -0.000000 -0.679380 0.733787 0.000000 -0.679380 0.878399 0.024009 -0.477324 0.859614 0.000150 -0.510944 -0.632349 -0.383564 -0.673062 -0.487312 -0.707698 -0.511557 -0.518953 -0.700232 -0.490269 -0.632679 -0.382354 -0.673441 0.679529 -0.000184 0.733649 0.623275 0.383342 0.681599 0.623610 0.382218 0.681924 0.679526 -0.000200 0.733651 0.473739 0.707612 0.524268 0.450014 0.700321 0.554110 0.733787 -0.000000 -0.679380 0.733787 -0.000000 -0.679380 
						0.851557 0.000045 -0.524262 0.859622 -0.000096 -0.510930 0.631851 -0.383567 0.673528 0.632145 -0.382479 0.673872 -0.146521 0.980627 -0.130006 -0.290332 0.923155 -0.251977 -0.284634 0.926241 -0.247104 -0.142830 0.981585 -0.126846 -0.998380 0.000552 0.056886 -0.997371 0.004170 -0.072349 -0.997181 0.004202 -0.074911 -0.998409 0.000554 0.056390 0.486442 -0.707707 0.512373 0.518008 -0.700434 0.490979 -0.472468 0.707601 -0.525428 -0.448829 0.700012 -0.555460 0.295987 0.922823 0.246555 0.152610 0.980437 0.124314 0.056027 0.997575 0.041282 0.289228 0.926491 0.240752 0.733787 -0.000000 -0.679380 0.878405 -0.023994 -0.477313 0.531106 0.705838 0.468741 0.545850 0.718327 0.431340 -0.526077 0.706183 -0.473865 -0.541710 0.717887 -0.437250 -0.602891 -0.194488 -0.773755 -0.476474 -0.190646 -0.858269 -0.713318 0.245426 0.656463 -0.716077 0.226565 0.660229 -0.712758 -0.226571 0.663809 -0.709954 -0.243271 0.660896 -0.602963 -0.194921 -0.773590 -0.726198 -0.193344 -0.659738 -0.769271 -0.325184 0.549979 -0.697788 -0.313415 0.644099 -0.627676 -0.398682 0.668637 -0.379030 -0.185808 -0.906538 -0.477154 -0.191339 -0.857737 -0.561651 0.000001 0.827374 -0.548671 0.006391 0.836014 -0.326430 -0.181921 -0.927550 -0.326750 -0.182003 -0.927421 -0.716941 -0.290916 0.633532 -0.708768 -0.245372 0.661392 -0.819811 -0.187467 -0.541078 -0.875879 -0.180810 -0.447374 -0.820412 -0.188090 -0.539950 -0.726660 -0.193736 -0.659114 -0.712843 0.243258 0.657784 -0.721103 0.286491 0.630820 -0.903106 0.013636 0.429200 -0.878887 -0.013400 0.476842 -0.876416 -0.180981 -0.446252 -0.867408 -0.011901 0.497456 -0.866271 -0.011850 0.499435 -0.906580 -0.175395 -0.383861 -0.900891 -0.176580 -0.396504 -0.378297 -0.185488 -0.906910 -0.701112 0.319989 0.637220 -0.548612 -0.006212 0.836054 -0.769111 0.336878 0.543122 -0.628260 0.410031 0.661184 -0.874002 -0.011965 0.485774 
						-0.893236 -0.036092 0.448137 -0.900704 -0.176586 -0.396926 -0.478054 -0.557991 -0.678314 -0.462362 -0.556118 -0.690619 -0.462512 -0.556135 -0.690504 -0.478594 -0.558046 -0.677888 -0.623234 0.380383 -0.683292 -0.435205 0.680424 -0.589593 -0.645236 -0.562910 -0.516529 -0.632565 -0.563670 -0.531166 -0.632597 -0.563668 -0.531130 -0.645183 -0.562914 -0.516591 0.949885 -0.000642 -0.312598 0.940291 0.000090 -0.340372 -0.609168 -0.564500 -0.557004 -0.577466 -0.564548 -0.589762 -0.578100 -0.564560 -0.589128 -0.609474 -0.564494 -0.556676 0.949893 0.000743 -0.312574 0.970403 -0.037412 -0.238577 -0.541386 -0.563270 -0.624203 -0.506216 -0.560759 -0.655205 -0.507058 -0.560835 -0.654489 -0.542258 -0.563317 -0.623402 -0.633019 -0.381005 -0.673886 -0.679274 -0.000413 -0.733885 0.679527 -0.000267 0.733650 0.632442 -0.381270 0.674277 -0.635753 -0.563521 -0.527505 -0.613636 -0.564370 -0.552211 -0.612932 -0.564388 -0.552975 -0.635378 -0.563547 -0.527929 0.436241 0.681072 0.588077 0.624025 0.380873 0.682297 -0.581790 -0.564633 -0.585415 -0.544305 -0.563410 -0.621532 -0.543524 -0.563364 -0.622256 -0.580907 -0.564624 -0.586299 -0.506791 -0.560826 -0.654704 -0.507205 -0.560863 -0.654352 0.281792 0.930353 0.234598 0.548304 0.740771 0.388100 -0.465896 -0.556560 -0.687882 -0.477677 -0.557936 -0.678625 -0.477721 -0.557941 -0.678590 -0.465891 -0.556560 -0.687886 -0.140916 0.982070 -0.125223 0.001814 0.999990 -0.004035 0.552821 -0.681293 0.479821 -0.646356 -0.562820 -0.515225 -0.646280 -0.562829 -0.515312 -0.553834 -0.680883 -0.479236 0.970399 0.037432 -0.238588 -0.462076 -0.556079 -0.690842 -0.462010 -0.556070 -0.690893 -0.545177 0.739509 -0.394851 -0.278368 0.929497 -0.241963 0.667036 0.194685 0.719139 0.667319 0.194622 0.718893 0.667319 0.194624 0.718893 0.667036 0.194685 0.719139 -0.561184 -0.564260 -0.605544 -0.561510 -0.564186 -0.605311 -0.561510 -0.564184 -0.605312 
						-0.561185 -0.564259 -0.605544 0.666359 0.194794 0.719737 0.666381 0.194631 0.719761 0.666385 0.194602 0.719765 0.666363 0.194764 0.719741 0.666561 0.194694 0.719577 0.666561 0.194695 0.719577 -0.561533 -0.564126 -0.605345 -0.562100 -0.564146 -0.604799 -0.562101 -0.564146 -0.604799 -0.561534 -0.564125 -0.605345 0.666294 0.194800 0.719795 0.666386 0.194649 0.719751 0.666386 0.194646 0.719751 0.666295 0.194799 0.719795 0.667081 0.194780 0.719072 0.666561 0.194747 0.719563 0.666561 0.194743 0.719563 0.667081 0.194782 0.719071 -0.561487 -0.564144 -0.605371 -0.561487 -0.564144 -0.605371 0.666303 0.194637 0.719831 0.666303 0.194636 0.719831 -0.560979 -0.564035 -0.605944 -0.560925 -0.564119 -0.605915 -0.560924 -0.564121 -0.605914 -0.560979 -0.564034 -0.605944 0.667506 0.194695 0.718700 0.667049 0.194687 0.719127 0.667048 0.194687 0.719127 0.667506 0.194695 0.718700 -0.560966 -0.564177 -0.605823 -0.560955 -0.564176 -0.605834 -0.560956 -0.564174 -0.605835 -0.560966 -0.564177 -0.605823 0.667384 0.194699 0.718812 0.667384 0.194697 0.718812 0.676272 0.130825 0.724942 0.674155 0.130827 0.726910 0.674141 0.130827 0.726924 0.676257 0.130825 0.724956 -0.561118 -0.564124 -0.605732 -0.560856 -0.564146 -0.605953 -0.560856 -0.564146 -0.605953 -0.561118 -0.564124 -0.605732 0.666385 0.194653 0.719750 0.666383 0.194729 0.719732 0.666383 0.194729 0.719732 0.666385 0.194654 0.719750 -0.561113 -0.564153 -0.605709 -0.561113 -0.564153 -0.605709 0.666562 0.194696 0.719575 0.666562 0.194697 0.719575 -0.276982 0.923906 -0.263970 -0.514423 0.706842 -0.485534 -0.514235 0.707118 -0.485331 -0.276855 0.923973 -0.263866 -0.732984 -0.000003 0.680246 -0.732982 0.000489 0.680247 -0.732980 0.000490 0.680250 -0.732985 -0.000004 0.680245 0.542028 0.704965 0.457416 0.308573 0.921803 0.234653 0.308452 0.921871 0.234545 
						0.541831 0.705242 0.457223 -0.733764 0.000030 0.679405 -0.733776 0.000040 0.679392 -0.733776 0.000041 0.679392 -0.733764 0.000030 0.679405 -0.733788 0.000039 0.679379 -0.733807 0.000076 0.679358 -0.733807 0.000075 0.679358 -0.733788 0.000042 0.679379 0.014568 0.999732 -0.017979 -0.033645 0.997665 -0.059441 -0.733100 -0.001008 0.680120 -0.732956 -0.000509 0.680276 -0.732957 -0.000509 0.680275 -0.733101 -0.001008 0.680119 -0.733318 -0.000689 0.679885 -0.733214 -0.000348 0.679998 -0.733212 -0.000349 0.680000 -0.733317 -0.000691 0.679886 -0.133642 0.980566 -0.143635 -0.133545 0.980578 -0.143641 -0.733199 0.000003 0.680014 -0.733198 0.000003 0.680016 -0.733201 0.000358 0.680011 -0.733307 0.000703 0.679898 -0.733306 0.000704 0.679898 -0.733202 0.000358 0.680011 -0.733106 0.000999 0.680113 -0.733104 0.001002 0.680116 -0.733812 0.000038 0.679353 -0.733809 0.000033 0.679356 -0.133391 0.980603 -0.143616 -0.133394 0.980603 -0.143612 -0.561375 -0.564243 -0.605382 -0.560964 -0.564186 -0.605816 -0.560962 -0.564191 -0.605814 -0.561375 -0.564243 -0.605382 0.666692 0.194785 0.719431 0.666692 0.194787 0.719430 0.666437 0.194602 0.719716 0.666438 0.194597 0.719717 -0.560853 -0.564259 -0.605851 -0.560853 -0.564259 -0.605851 0.666451 0.194625 0.719697 0.666451 0.194629 0.719697 -0.562087 -0.564187 -0.604773 -0.562087 -0.564188 -0.604773 -0.664091 -0.194970 -0.721783 -0.664646 -0.194971 -0.721271 -0.664649 -0.194971 -0.721268 -0.664094 -0.194970 -0.721779 -0.560797 -0.564274 -0.605889 -0.560794 -0.564281 -0.605886 -0.733099 0.000036 0.680122 -0.733112 0.000062 0.680108 -0.734692 0.000081 0.678401 -0.734764 0.000037 0.678323 -0.063589 -0.028071 0.997581 -0.176247 0.018571 0.984171 -0.177164 0.018529 0.984007 -0.065599 -0.026165 0.997503 -0.965245 -0.083654 -0.247598 -0.964320 -0.087166 -0.249977 0.589844 0.588291 -0.553171 
						0.578950 0.608401 -0.542831 0.578319 0.609525 -0.542242 0.589960 0.588077 -0.553274 -0.225254 0.016164 0.974166 -0.192912 0.027217 0.980839 -0.193358 0.026986 0.980757 -0.225254 0.016168 0.974166 -0.675716 0.580135 0.454810 -0.677962 0.584216 0.446161 -0.678059 0.583632 0.446777 -0.675410 0.580658 0.454595 -0.966157 0.083591 -0.244033 -0.997578 -0.004192 -0.069428 -0.997367 -0.004228 -0.072389 -0.965188 0.087339 -0.246543 -0.222267 0.016257 0.974850 -0.222276 0.016259 0.974848 -0.998291 -0.000537 0.058439 -0.998331 -0.000544 0.057740 -0.995574 0.000011 0.093982 -0.995574 0.000011 0.093983 0.263000 -0.306790 -0.914719 0.201494 -0.366765 -0.908231 0.202767 -0.364733 -0.908766 0.263667 -0.306432 -0.914647 -0.637583 0.630947 0.442034 -0.636159 0.632419 0.441982 0.272831 -0.299010 -0.914416 0.272645 -0.299039 -0.914462 0.508105 0.677462 -0.531860 0.506075 0.678687 -0.532234 0.578064 0.625222 -0.524347 0.578232 0.624123 -0.525470 0.735608 -0.000989 -0.677407 0.735603 0.000112 -0.677413 0.735595 0.000266 -0.677421 0.735398 0.009670 -0.677567 -0.732532 -0.004126 0.680720 -0.731930 -0.004119 0.681367 -0.729798 -0.004073 0.683650 -0.730137 -0.004014 0.683289 -0.823917 -0.061177 0.563399 -0.804833 -0.121751 0.580879 -0.805185 -0.120327 0.580688 -0.823961 -0.060702 0.563386 -0.733077 0.000024 0.680145 -0.733078 0.000062 0.680144 -0.734654 0.000056 0.678442 -0.734375 0.000030 0.678744 -0.825315 -0.000008 0.564673 -0.825323 0.000100 0.564662 -0.733118 0.000035 0.680102 -0.734472 0.000114 0.678639 0.735619 -0.001544 -0.677394 0.735607 0.000000 -0.677408 -0.824694 0.061765 0.562197 -0.824672 0.062382 0.562161 0.735609 0.001539 -0.677404 0.735156 0.003048 -0.677891 0.734799 0.004886 -0.678267 0.735564 0.002081 -0.677452 -0.735495 -0.003551 0.677521 -0.734284 -0.004251 0.678829 -0.732103 -0.004139 0.681181 
						-0.733860 -0.003492 0.679292 -0.733089 -0.004154 0.680120 -0.730672 -0.004034 0.682716 -0.805689 0.123485 0.579324 -0.805243 0.125465 0.579519 -0.730786 -0.003389 0.682598 -0.729160 -0.003420 0.684334 0.735206 -0.003122 -0.677836 0.735404 -0.001493 -0.677628 -0.742524 -0.004625 0.669804 -0.741995 -0.004643 0.670389 -0.771293 -0.006221 0.636450 -0.771967 -0.006199 0.635633 -0.825320 -0.000167 0.564665 -0.824940 0.053021 0.562727 0.737113 -0.011400 -0.675673 0.735512 -0.006838 -0.677477 -0.744578 -0.004693 0.667519 -0.747560 -0.004105 0.664182 -0.808742 0.108972 0.577980 -0.742234 -0.003867 0.670130 -0.741989 -0.004763 0.670395 0.738087 0.020551 -0.674392 -0.752520 0.000069 0.658569 -0.752713 0.000041 0.658349 -0.809442 -0.099130 0.578772 -0.824413 -0.050729 0.563711 -0.752501 -0.000001 0.658590 -0.751844 0.000038 0.659341 -0.751893 0.000038 0.659285 -0.783906 -0.000003 0.620880 -0.784133 0.000035 0.620593 -0.799234 0.000026 0.601020 -0.799023 -0.000035 0.601300 -0.825327 0.033509 0.563660 -0.815700 0.070512 0.574161 -0.771635 -0.005156 0.636045 -0.771307 -0.006383 0.636432 0.734683 0.030274 -0.677734 0.742111 0.061726 -0.667429 -0.783924 0.000079 0.620857 -0.816880 -0.058861 0.573796 -0.825042 -0.030469 0.564249 -0.783202 0.000024 0.621768 -0.825308 0.000026 0.564683 -0.783250 0.000054 0.621706 0.735598 0.000475 -0.677418 0.741539 -0.049686 -0.669068 0.735220 -0.026271 -0.677319 -0.774588 -0.006253 0.632436 -0.778377 -0.005497 0.627773 -0.825194 -0.020227 0.564488 -0.825298 0.000016 0.564697 -0.798385 0.000044 0.602148 -0.799024 0.000042 0.601300 0.735597 0.000950 -0.677419 0.734212 0.041058 -0.677677 -0.825376 0.023197 0.564107 0.743241 -0.069466 -0.665408 0.735015 -0.035857 -0.677103 -0.789824 -0.007004 0.613293 -0.793589 -0.005847 0.608425 -0.787043 -0.007037 0.616858 -0.786226 -0.007015 0.617899 
						-0.818834 0.049879 0.571859 -0.786388 -0.005809 0.617705 -0.786234 -0.007155 0.617887 0.743875 0.082410 -0.663218 -0.820101 -0.038458 0.570925 -0.798454 -0.000164 0.602055 -0.554257 0.192938 -0.809675 -0.554222 0.192912 -0.809706 -0.554222 0.192910 -0.809706 -0.554257 0.192936 -0.809675 -0.554327 0.192928 -0.809630 -0.553926 0.192903 -0.809910 -0.553926 0.192904 -0.809910 -0.554327 0.192927 -0.809630 -0.553520 0.192904 -0.810188 -0.553905 0.192913 -0.809922 -0.553905 0.192914 -0.809922 -0.553520 0.192904 -0.810188 -0.553731 0.192927 -0.810038 -0.553512 0.192911 -0.810192 -0.553512 0.192910 -0.810192 -0.553731 0.192928 -0.810038 -0.553590 0.192894 -0.810142 -0.553590 0.192896 -0.810142 -0.553834 0.192929 -0.809967 -0.553902 0.192908 -0.809926 -0.553902 0.192908 -0.809925 -0.553834 0.192930 -0.809967 -0.553650 0.192894 -0.810101 -0.553649 0.192898 -0.810101 -0.553989 0.192914 -0.809864 -0.554152 0.192900 -0.809756 -0.554152 0.192901 -0.809756 -0.553990 0.192906 -0.809866 -0.554366 0.192925 -0.809604 -0.554366 0.192926 -0.809604 -0.553950 0.192938 -0.809885 -0.553951 0.192933 -0.809886 -0.554029 0.192909 -0.809838 -0.554028 0.192912 -0.809838 -0.564529 0.000063 -0.825413 -0.516153 -0.382734 -0.766225 -0.516121 -0.382864 -0.766181 -0.564522 0.000070 -0.825418 -0.497537 -0.800974 -0.333012 -0.252098 -0.943526 -0.214952 -0.249394 -0.944759 -0.212682 -0.492920 -0.803960 -0.332683 -0.526136 -0.710655 -0.467066 -0.292240 -0.923505 -0.248462 -0.292169 -0.923547 -0.248390 -0.526058 -0.710776 -0.466970 -0.001182 -0.999998 0.001362 0.003462 -0.999993 0.001550 0.148810 -0.980659 0.127135 0.150514 -0.980594 0.125620 0.374240 -0.704844 0.602610 0.516310 -0.382755 0.766109 0.516274 -0.382884 0.766068 0.374153 -0.704967 0.602520 0.291881 -0.923679 0.248238 0.526154 -0.710656 0.467043 0.526072 -0.710778 0.466951 0.290964 -0.924060 0.247899 
						-0.426148 0.704785 -0.567165 -0.526906 0.382742 -0.758866 -0.526876 0.382876 -0.758820 -0.426103 0.704901 -0.567054 -0.000003 1.000000 0.000001 0.004521 0.906506 -0.422170 0.004523 0.906551 -0.422071 -0.000004 1.000000 0.000002 0.526745 0.382762 0.758968 0.425904 0.704814 0.567312 0.425858 0.704931 0.567202 0.526719 0.382896 0.758919 0.046523 0.685681 0.726414 -0.004523 0.906506 0.422169 -0.004530 0.906551 0.422073 0.046474 0.685789 0.726315 0.564530 0.000061 0.825413 0.564529 0.000068 0.825414 -0.046503 0.685676 -0.726420 -0.046464 0.685787 -0.726318 -0.374023 -0.704814 -0.602781 -0.373945 -0.704937 -0.602684 0.526595 0.383473 0.758713 0.379011 0.703213 0.601533 0.391517 0.707497 0.588355 0.526327 0.384670 0.758293 -0.005661 -0.999972 -0.004827 -0.000287 -1.000000 -0.000303 0.125669 -0.986310 0.106773 0.126076 -0.986221 0.107108 -0.492802 0.605348 0.625059 -0.521254 0.585823 0.620569 -0.521299 0.585779 0.620573 -0.491779 0.605902 0.625329 0.253225 -0.943017 0.215861 0.497826 -0.800491 0.333743 0.493841 -0.803080 0.333443 0.250153 -0.944424 0.213276 0.008040 0.835911 -0.548806 0.054524 0.667969 -0.742189 0.056743 0.664571 -0.745068 0.008095 0.833707 -0.552147 0.000009 1.000000 -0.000237 0.004401 0.956745 -0.290893 0.004427 0.956165 -0.292794 0.000003 1.000000 0.000303 -0.054360 0.666102 0.743878 -0.008079 0.835381 0.549612 -0.008143 0.832758 0.553577 -0.056764 0.662428 0.746972 -0.004404 0.956766 0.290825 -0.004429 0.955895 0.293676 0.484774 0.079021 0.871062 0.619060 0.304282 0.724001 0.616575 0.299810 0.727976 0.480988 0.073600 0.873632 -0.619277 0.303317 -0.724220 -0.564243 0.004379 -0.825597 -0.564077 -0.004613 -0.825709 -0.616984 0.299144 -0.727904 -0.499721 0.618433 0.606482 -0.500481 0.616996 0.607318 -0.517935 -0.374478 -0.769096 -0.343927 -0.640846 -0.686317 
						-0.339144 -0.643993 -0.685751 -0.515889 -0.382641 -0.766449 0.003540 0.879095 -0.476632 -0.075377 0.631719 -0.771524 -0.063735 0.657140 -0.751070 0.003627 0.892929 -0.450183 0.087746 0.603181 0.792763 -0.001036 0.862468 0.506111 -0.003513 0.879211 0.476419 0.075255 0.631937 0.771357 0.000022 1.000000 0.000136 0.000014 1.000000 -0.000074 0.564530 -0.001300 0.825411 0.564541 0.000683 0.825405 0.001080 0.862449 -0.506142 -0.087808 0.602905 -0.792966 -0.526726 0.383598 -0.758560 -0.564511 -0.001303 -0.825425 -0.564526 0.000681 -0.825415 -0.526472 0.384655 -0.758200 0.515593 -0.385744 0.765091 0.516098 -0.383590 0.765833 -0.515398 -0.385867 -0.765161 -0.420015 -0.705340 -0.571038 -0.405215 -0.707034 -0.579572 -0.515958 -0.383575 -0.765936 -0.507186 -0.687323 -0.519951 -0.312746 -0.911621 -0.266714 -0.306743 -0.915257 -0.261179 -0.514410 -0.692146 -0.506276 0.013882 -0.999834 0.011834 0.014044 -0.999830 0.011989 0.172739 -0.973971 0.146772 0.167526 -0.975530 0.142394 0.420044 -0.705252 0.571124 0.405299 -0.707077 0.579460 0.309511 -0.913504 0.264031 0.507340 -0.687284 0.519853 0.514441 -0.692241 0.506116 0.303346 -0.917197 0.258321 -0.378989 0.703308 -0.601436 -0.391686 0.707458 -0.588290 -0.313844 -0.832249 -0.457016 -0.313588 -0.832245 -0.457199 -0.410650 -0.827080 -0.383804 -0.348617 -0.831895 -0.431760 -0.564518 0.000103 -0.825420 -0.526695 0.383645 -0.758557 0.564534 0.000102 0.825410 0.516095 -0.383583 0.765839 -0.390779 -0.707799 -0.588483 -0.515953 -0.383579 -0.765937 -0.300168 -0.919054 -0.255421 -0.520144 -0.699546 -0.489986 0.014960 -0.999807 0.012740 0.162446 -0.977017 0.138018 0.390973 -0.707807 0.588345 0.520145 -0.699559 0.489966 0.296637 -0.921025 0.252428 -0.406682 0.707794 -0.577614 0.000001 1.000000 -0.000008 0.406452 0.707802 0.577766 0.526552 0.383650 0.758654 -0.003626 0.892940 0.450160 
						0.063719 0.657164 0.751049 -0.313138 -0.832271 -0.457460 -0.313012 -0.832274 -0.457541 -0.313012 -0.832274 -0.457541 -0.313138 -0.832271 -0.457460 -0.313293 -0.832275 -0.457347 -0.313046 -0.832275 -0.457516 -0.313047 -0.832273 -0.457517 -0.313294 -0.832274 -0.457347 -0.312632 -0.832268 -0.457811 -0.312338 -0.832268 -0.458012 -0.312337 -0.832269 -0.458011 -0.312630 -0.832269 -0.457809 -0.312468 -0.832267 -0.457925 -0.312907 -0.832271 -0.457618 -0.312908 -0.832270 -0.457619 -0.312468 -0.832267 -0.457925 -0.313025 -0.832277 -0.457527 -0.312989 -0.832272 -0.457560 -0.312989 -0.832273 -0.457559 -0.313025 -0.832277 -0.457527 -0.313513 -0.832286 -0.457177 -0.313348 -0.832276 -0.457307 -0.313349 -0.832275 -0.457307 -0.313515 -0.832283 -0.457180 -0.313355 -0.832274 -0.457305 -0.313353 -0.832277 -0.457303 -0.333696 -0.832654 -0.441967 -0.337577 -0.832543 -0.439220 -0.338131 -0.831889 -0.440031 -0.334202 -0.832034 -0.442751 -0.313233 -0.832277 -0.457385 -0.313231 -0.832278 -0.457383 -0.309128 -0.832233 -0.460248 -0.309129 -0.832231 -0.460250 0.827638 0.009500 -0.561182 0.825431 0.009291 -0.564426 0.700557 0.002531 -0.713592 0.689984 0.002180 -0.723821 -0.313078 -0.832247 -0.457545 -0.313168 -0.832243 -0.457490 -0.452730 -0.822238 -0.344907 -0.478664 -0.814886 -0.326865 -0.312243 -0.832236 -0.458134 -0.312815 -0.832235 -0.457747 -0.160272 -0.817611 -0.553015 -0.210529 -0.825452 -0.523742 -0.312053 -0.832232 -0.458273 -0.276544 -0.831312 -0.482124 -0.312402 -0.832231 -0.458036 -0.347205 -0.831621 -0.433423 -0.313005 -0.832240 -0.457608 -0.312810 -0.832236 -0.457748 -0.478742 -0.814911 -0.326690 -0.455568 -0.819870 -0.346801 -0.312895 -0.832240 -0.457683 -0.403466 -0.832584 -0.379498 -0.312750 -0.832233 -0.457794 -0.312658 -0.832237 -0.457851 -0.160400 -0.817352 -0.553360 -0.133027 -0.812180 -0.568038 -0.313499 -0.832245 -0.457260 -0.278236 -0.831060 -0.481584 -0.312952 -0.832241 -0.457641 
						-0.211898 -0.825099 -0.523746 -0.313029 -0.832235 -0.457599 -0.133170 -0.812254 -0.567899 -0.391067 0.707697 -0.588414 -0.516181 0.383493 -0.765826 -0.516487 0.382293 -0.766221 -0.363286 0.700288 -0.614508 0.000017 1.000000 -0.000002 0.003646 0.892857 -0.450326 0.006231 0.915173 -0.403013 0.000006 1.000000 -0.000013 0.063824 0.656996 0.751188 -0.003609 0.892863 0.450313 -0.006182 0.915188 0.402980 0.031922 0.706574 0.706919 -0.564615 -0.000017 -0.825354 -0.526680 -0.383421 -0.758681 -0.526949 -0.382239 -0.759090 -0.564610 -0.000033 -0.825358 -0.527089 0.383427 -0.758394 -0.564904 0.000019 -0.825157 -0.564913 -0.000046 -0.825150 -0.527367 0.382149 -0.758845 -0.516309 -0.383499 -0.765737 -0.391112 -0.707709 -0.588371 -0.363355 -0.700311 -0.614441 -0.516621 -0.382320 -0.766116 0.526306 0.698555 0.484792 0.307383 0.918127 0.250115 0.292283 0.926537 0.236855 0.533812 0.720826 0.442101 -0.407091 0.707626 -0.577532 -0.441531 0.700149 -0.561108 -0.406637 -0.707619 -0.577860 -0.441030 -0.700246 -0.561381 -0.063793 0.656976 -0.751208 -0.031925 0.706558 -0.706935 0.014644 0.999873 0.006228 0.008503 0.999949 -0.005416 -0.291554 0.920412 -0.260456 -0.513785 0.700341 -0.495527 -0.523226 0.720782 -0.454651 -0.278465 0.927721 -0.248578 -0.146003 0.980628 -0.130580 0.825581 -0.000059 -0.564283 0.825585 0.000024 -0.564278 0.808766 0.194230 -0.555133 0.806003 0.210205 -0.553329 0.825381 0.000087 -0.564576 0.825380 0.000023 -0.564578 0.810835 -0.194159 -0.552132 0.808120 -0.210154 -0.550251 0.825479 -0.000015 -0.564432 0.825488 -0.000007 -0.564420 0.938887 0.023952 -0.343391 0.925091 0.000123 -0.379745 0.825384 -0.000041 -0.564572 0.808533 -0.208555 -0.550254 0.825399 0.000144 -0.564550 0.786721 -0.248281 -0.565179 0.825451 -0.000011 -0.564474 0.825458 -0.000021 -0.564464 0.925159 -0.000099 -0.379581 0.938869 -0.023957 -0.343439 
						0.825469 -0.000018 -0.564448 0.919136 -0.000014 -0.393940 0.823280 0.009211 -0.567561 0.688816 0.001829 -0.724934 0.825399 -0.000103 -0.564551 0.814730 -0.244986 -0.525544 -0.478255 -0.814934 -0.327344 -0.454582 -0.819941 -0.347925 -0.409405 -0.827088 -0.385114 -0.347351 -0.831821 -0.432922 -0.277250 -0.830897 -0.482434 -0.210955 -0.824866 -0.524494 -0.160113 -0.817213 -0.553649 -0.133113 -0.812094 -0.568142 -0.133838 -0.812283 -0.567700 -0.161654 -0.817722 -0.552448 -0.212106 -0.825612 -0.522854 -0.278093 -0.831262 -0.481319 -0.348330 -0.831473 -0.432804 -0.403726 -0.832441 -0.379535 -0.452957 -0.822096 -0.344945 -0.478567 -0.814880 -0.327022 0.825583 0.000108 -0.564281 0.806167 0.208674 -0.553670 0.821161 0.007586 -0.570647 0.659735 -0.022605 -0.751159 0.829875 0.007940 -0.557892 0.661642 0.025373 -0.749391 0.825561 0.000188 -0.564313 0.785369 0.245093 -0.568441 -0.594043 -0.775544 -0.213648 -0.593559 -0.775763 -0.214194 0.747176 0.417973 -0.516746 0.739254 0.487705 -0.464378 0.812181 0.248263 -0.527947 -0.123322 -0.810226 -0.572997 -0.032802 -0.785955 -0.617413 0.518082 -0.005109 -0.855316 0.541148 -0.004664 -0.840915 -0.376206 -0.830063 -0.411661 -0.246185 -0.829084 -0.502008 0.514305 -0.006612 -0.857582 0.443975 0.031466 -0.895487 -0.558086 -0.790704 -0.251647 -0.485233 -0.813194 -0.321347 0.749082 0.415146 -0.516265 0.758143 0.389613 -0.522896 0.011451 -0.771192 -0.636500 -0.036895 -0.787021 -0.615822 0.762517 -0.389517 -0.516569 0.752744 -0.417905 -0.508656 -0.127275 -0.810767 -0.571364 -0.248666 -0.829103 -0.500752 0.746175 -0.481612 -0.459644 0.753067 -0.414986 -0.510566 -0.377114 -0.830132 -0.410689 0.985403 0.000774 -0.170233 0.994861 -0.037532 -0.094033 0.013146 -0.770484 -0.637324 0.701084 -0.487736 -0.520187 0.699101 0.481737 -0.528382 0.452954 -0.043347 -0.890479 -0.472027 -0.824503 -0.312067 0.979936 -0.000017 -0.199309 
						-0.563530 -0.785634 -0.255368 0.994865 0.037532 -0.093997 0.985361 -0.000681 -0.170479 0.719189 0.015496 0.694642 0.729140 -0.000004 0.684365 0.834900 0.000084 0.550401 0.820075 0.003989 0.572242 0.825562 -0.000139 -0.564312 0.013107 -0.770654 -0.637119 0.012659 -0.770894 -0.636837 -0.516856 0.380934 -0.766648 -0.344765 0.680976 -0.646072 0.013800 0.994743 -0.101467 -0.043669 0.998203 -0.041032 -0.040029 0.998848 -0.026475 0.041984 0.988288 -0.146711 0.005263 0.933787 -0.357791 -0.000004 1.000000 -0.000023 -0.246609 -0.829018 -0.501910 -0.375608 -0.830287 -0.411754 -0.005185 0.933805 0.357744 -0.000328 0.758438 0.651744 -0.034427 -0.786499 -0.616632 -0.124975 -0.810231 -0.572632 -0.527232 -0.380856 -0.759589 -0.564604 -0.000015 -0.825362 -0.594459 -0.775410 -0.212974 -0.559744 -0.790139 -0.249733 -0.564920 -0.000133 -0.825146 -0.527654 0.380671 -0.759388 -0.487039 -0.812819 -0.319561 -0.377909 -0.829988 -0.410250 -0.344815 -0.681005 -0.646014 -0.516983 -0.380969 -0.766545 -0.247668 -0.829296 -0.500929 0.276362 0.934747 0.223322 0.529550 0.752334 0.391879 -0.594127 -0.775510 -0.213537 -0.477738 0.680728 -0.555315 -0.477195 -0.680940 -0.555523 -0.471465 -0.824714 -0.312359 -0.563036 -0.786064 -0.255136 0.000319 0.758418 -0.651768 -0.124903 -0.810684 -0.572006 0.006896 0.999953 -0.006762 -0.033973 -0.786439 -0.616734 -0.521118 0.750503 -0.406425 -0.265133 0.934525 -0.237420 
					</float_array>
					<technique_common>
						<accessor count="5552" offset="0" source="#meshId0-tangents-array" stride="3">
							<param name="X" type="float" />
							<param name="Y" type="float" />
							<param name="Z" type="float" />
						</accessor>
					</technique_common>
				</source>
				<source id="meshId0-bitangents" name="meshId0-bitangents">
					<float_array id="meshId0-bitangents-array" count="16656"> 
						-0.993875 0.000005 -0.110513 -0.995693 -0.001939 -0.092694 -0.997971 -0.002111 -0.063634 -0.997140 -0.003707 -0.075479 -0.993724 -0.001143 -0.111851 0.000000 1.000000 0.000000 0.000000 1.000000 0.000000 0.000000 1.000000 0.000000 0.000000 1.000000 0.000000 -0.999998 0.002018 -0.000273 -0.990425 0.028684 0.135037 -0.988113 0.014235 0.153069 -0.999998 0.001956 -0.000251 0.022763 0.172966 0.984665 0.022763 0.172982 0.984662 0.022742 0.172948 0.984668 0.022729 0.172901 0.984677 0.000000 0.000071 -1.000000 0.000000 0.000072 -1.000000 0.000000 0.000056 -1.000000 0.000000 0.000058 -1.000000 0.000000 -1.000000 0.000000 0.000000 -1.000000 0.000000 0.000000 1.000000 0.000000 -0.042434 0.130971 0.990478 -0.042152 -0.000000 0.999111 -0.039073 -0.005154 0.999223 -0.049751 0.094291 0.994301 0.014156 -0.107645 0.994089 -0.119197 -0.109262 0.986840 0.020863 -0.216612 0.976035 0.125706 -0.188067 0.974078 0.110976 -0.192452 0.975011 0.005477 0.990908 -0.134432 0.005477 0.991434 -0.130495 0.005478 0.991463 -0.130273 0.007127 0.990081 -0.140318 0.005476 0.991434 0.130495 0.005568 0.990908 0.134428 0.003913 0.990080 0.140449 0.005475 0.991463 0.130273 -0.999998 -0.001944 -0.000259 -0.999998 -0.001982 -0.000269 -0.999998 -0.001988 -0.000255 -0.999998 -0.001947 -0.000253 0.988951 0.146856 0.020202 0.990711 0.134902 0.017123 0.990307 0.137766 0.017665 0.991792 0.126992 0.014908 0.999982 -0.006030 0.000804 0.999981 -0.006113 0.000883 0.999981 -0.006111 0.000711 0.999982 -0.006032 0.000737 0.914830 0.156965 0.372087 0.834191 0.143597 0.532453 0.897395 0.207645 0.389315 0.910727 0.129132 0.392302 0.944978 0.033805 0.325384 0.014291 0.106606 0.994199 0.012597 0.100288 0.994879 0.013140 0.101301 0.994769 0.010797 0.091476 0.995749 -0.042176 0.000000 0.999110 -0.042135 0.000000 0.999112 
						-0.038912 -0.005254 0.999229 -0.040315 -0.036069 0.998536 -0.995871 -0.019561 0.088650 -0.988114 -0.014190 0.153067 -0.999998 -0.001997 -0.000255 -0.999991 -0.003615 -0.002061 -0.999992 -0.003602 -0.001662 -0.999998 -0.001975 -0.000251 -0.990423 -0.028732 0.135043 -0.998680 -0.021217 0.046780 -0.999992 -0.003352 -0.002216 -0.999991 -0.003581 -0.002041 0.042523 -0.000000 -0.999095 0.042518 -0.000000 -0.999096 0.042526 0.000000 -0.999095 0.042526 0.000000 -0.999095 -0.014321 -0.109175 -0.993919 -0.014341 -0.109243 -0.993912 -0.014363 -0.109215 -0.993914 -0.014363 -0.109251 -0.993910 0.013314 0.102457 0.994648 -0.120549 0.103654 0.987281 -0.147865 0.070890 0.986464 0.013450 0.102822 0.994609 0.014700 -0.112842 0.993504 0.014627 -0.112535 0.993540 0.014769 -0.112921 0.993494 0.014808 -0.112974 0.993487 0.013865 -0.110258 0.993806 0.015612 -0.116335 0.993087 0.011980 -0.101596 0.994754 0.014421 -0.111257 0.993687 -0.042168 0.000000 0.999111 -0.042163 0.000000 0.999111 -0.034674 0.119956 0.992173 -0.042160 -0.000000 0.999111 -0.042134 -0.000000 0.999112 -0.040561 0.041097 0.998331 0.033891 0.119902 -0.992207 0.042536 0.000000 -0.999095 0.042527 -0.000000 -0.999095 0.040355 0.098334 -0.994335 -0.999991 -0.004176 -0.001228 -0.999990 -0.004192 -0.001234 -0.999998 -0.002185 -0.000314 -0.999998 -0.002176 -0.000312 0.007960 0.992722 -0.120165 0.010610 0.989905 -0.141334 -0.844473 0.000000 -0.535598 -0.765998 -0.000001 -0.642843 -0.759530 -0.000001 -0.650473 -0.844458 0.000000 -0.535622 -0.999997 0.002226 -0.000319 -0.990430 0.030574 0.134584 -0.988138 0.016474 0.152685 -0.999998 0.002192 -0.000320 -0.042155 -0.000000 0.999111 -0.042155 0.000000 0.999111 -0.042156 0.000000 0.999111 -0.042158 0.000000 0.999111 -0.092095 -0.199608 -0.975538 -0.111820 -0.193879 -0.974632 -0.014378 -0.109324 -0.993902 0.147666 -0.079875 -0.985807 
						0.061280 -0.164944 -0.984397 -0.844481 0.000000 -0.535585 -0.844452 0.000000 -0.535631 0.039270 -0.010311 -0.999175 0.039270 -0.010311 -0.999175 0.031384 -0.017701 -0.999351 0.031384 -0.017701 -0.999351 0.042519 0.000000 -0.999096 0.042519 0.000000 -0.999096 -1.000000 0.000039 0.000000 -1.000000 0.000041 0.000000 -1.000000 0.000046 0.000000 -1.000000 0.000043 0.000000 0.005530 0.904751 0.425906 0.005426 0.866057 0.499917 -0.007971 0.996237 0.086299 -0.011327 0.981933 0.188889 0.000000 0.000036 -1.000000 0.000000 0.000040 -1.000000 -0.024098 -0.013592 0.999617 -0.024098 -0.013592 0.999617 -0.034914 -0.009167 0.999348 -0.034914 -0.009167 0.999348 0.007008 -0.053265 0.998556 0.007014 -0.053304 0.998554 0.006997 -0.053253 0.998556 0.007003 -0.053265 0.998556 0.014143 -0.107642 0.994089 0.014118 -0.107553 0.994099 0.014156 -0.107638 0.994089 -0.042153 0.000000 0.999111 -0.042153 0.000000 0.999111 -0.042155 -0.000000 0.999111 -0.042532 0.030622 0.998626 -0.999998 0.002008 -0.000266 -0.999998 0.002016 -0.000263 0.940372 -0.070440 0.332773 0.936347 -0.070619 0.343899 0.919846 0.108447 0.376991 -0.000000 0.000040 -1.000000 -0.000001 0.000049 -1.000000 -0.000001 0.000072 -1.000000 -0.000000 0.000045 -1.000000 -1.000000 0.000052 0.000000 -1.000000 0.000047 0.000000 -1.000000 0.000042 0.000000 -1.000000 0.000047 0.000000 -0.042158 0.000000 0.999111 -0.039026 -0.005145 0.999225 0.149483 -0.049527 0.987523 0.093393 -0.117701 0.988648 0.141097 -0.211072 0.967233 0.114316 -0.198245 0.973463 0.021802 0.163231 -0.986347 0.042100 0.005045 -0.999101 0.042523 0.000000 -0.999095 0.042984 0.134214 -0.990020 -0.014361 -0.109294 -0.993906 -0.987576 0.064488 -0.143304 -0.989092 0.013737 -0.146659 -0.989245 0.000000 -0.146270 -0.989086 0.052868 -0.137527 -0.999971 0.006616 -0.003834 -0.999971 0.006641 -0.003838 
						-0.999998 0.002006 -0.000270 -0.999998 0.001993 -0.000272 0.147132 -0.078354 -0.986008 0.118856 -0.110980 -0.986690 0.000000 0.000040 -1.000000 0.000000 0.000044 -1.000000 -0.000000 0.000044 -1.000000 0.000000 0.000044 -1.000000 -0.000000 0.000044 -1.000000 0.000000 0.000044 -1.000000 0.000000 0.000041 -1.000000 0.000000 0.000036 -1.000000 -0.000000 0.000044 -1.000000 -0.000000 0.000044 -1.000000 0.000000 0.000036 -1.000000 -0.137587 -0.303210 -0.942939 -0.137589 -0.303214 -0.942937 -0.076446 -0.238490 -0.968131 -0.076445 -0.238488 -0.968132 0.000000 0.000036 -1.000000 0.000000 0.000036 -1.000000 -0.076466 0.238553 -0.968114 -0.076466 0.238552 -0.968115 -0.137620 0.303282 -0.942911 -0.137620 0.303281 -0.942911 0.576383 0.002135 0.817177 0.561830 0.004992 0.827237 0.168108 0.009356 0.985724 0.319079 -0.014024 0.947624 0.480320 -0.018950 0.876889 -0.042426 0.130435 0.990549 -0.042155 0.000000 0.999111 -0.042155 0.000000 0.999111 -0.042416 0.134219 0.990044 0.042530 -0.000000 -0.999095 0.042530 -0.000000 -0.999095 0.042525 0.000000 -0.999095 0.042531 -0.000000 -0.999095 0.990876 0.133733 0.016751 0.980307 0.096140 0.172496 0.979038 0.100258 0.177294 0.990421 0.136967 0.017496 -0.043881 0.005294 0.999023 -0.023562 0.163458 0.986269 -0.042156 0.000000 0.999111 -0.042689 -0.137324 0.989606 -0.037709 -0.153166 0.987481 -0.042171 -0.000000 0.999110 -0.042153 0.000000 0.999111 -0.039024 -0.005144 0.999225 0.000011 -0.000000 -1.000000 0.000017 -0.000000 -1.000000 0.002704 0.016722 -0.999856 0.001454 0.019255 -0.999814 0.000211 0.003442 -0.999994 -0.042370 0.118851 0.992008 -0.042155 -0.000000 0.999111 -0.042159 -0.000000 0.999111 -0.040323 0.098333 0.994336 0.005262 0.999985 0.001195 0.007999 0.999765 -0.020153 0.011215 0.999165 -0.039293 0.007263 0.999886 -0.013218 0.915736 -0.155145 0.370618 
						0.832729 -0.148586 0.533370 0.837204 -0.091566 0.539170 0.918767 -0.116016 0.377368 0.164513 0.135411 0.977036 0.124625 0.175327 0.976591 0.098820 0.209935 0.972709 0.118045 0.204525 0.971717 0.042528 0.000000 -0.999095 0.042522 0.000000 -0.999095 0.042092 0.005544 -0.999098 0.042035 0.005535 -0.999101 0.042524 0.000000 -0.999095 0.042957 -0.137322 -0.989594 0.042945 -0.135965 -0.989782 0.042523 -0.000000 -0.999095 0.005330 0.999986 0.000702 0.005319 0.999986 0.000694 0.042826 0.118847 -0.991988 0.042523 -0.000000 -0.999095 0.042522 -0.000000 -0.999096 0.043428 0.030592 -0.998588 0.000000 -1.000000 0.000000 0.000000 -1.000000 0.000000 0.000000 -1.000000 0.000000 -0.042671 -0.135966 0.989794 -0.042150 -0.000000 0.999111 0.000000 0.995190 0.097966 0.009220 0.997502 0.070031 0.009221 0.997502 0.070033 0.000000 0.995189 0.097971 -0.042164 0.000000 0.999111 -0.042154 0.000000 0.999111 0.189854 -0.004459 0.981802 0.204363 -0.004386 0.978885 0.149590 -0.004754 0.988737 0.186598 -0.004627 0.982425 0.148753 -0.004699 0.988863 0.189857 -0.004776 0.981800 0.149589 -0.004642 0.988737 0.999982 -0.006069 -0.000000 0.996082 -0.005593 0.088256 0.995934 -0.005520 0.089918 0.999982 -0.006074 -0.000000 -1.000000 0.000046 0.000000 -1.000000 0.000040 0.000000 -1.000000 0.000050 0.000000 -1.000000 0.000048 0.000000 -1.000000 0.000052 0.000000 -1.000000 0.000052 0.000000 -1.000000 0.000045 0.000000 -1.000000 0.000046 0.000000 -1.000000 0.000054 0.000000 -1.000000 0.000062 0.000000 -0.042152 0.000001 0.999111 -0.042150 -0.000000 0.999111 -0.034110 -0.161580 0.986270 -0.013179 -0.267212 0.963548 0.000000 0.995190 0.097961 0.009224 0.997500 0.070060 0.009991 0.997510 0.069813 0.000000 0.995189 0.097970 -0.847030 -0.074183 -0.526343 -0.847263 -0.076908 -0.525576 -0.846741 -0.069970 -0.527384 
						-0.847011 -0.074149 -0.526378 0.999982 -0.006078 -0.000000 0.996654 -0.004791 0.081598 0.000000 0.000000 1.000000 0.000000 0.000000 1.000000 0.000000 0.000000 1.000000 0.005357 0.999985 0.000705 0.005346 0.999985 0.000700 0.005357 0.999985 0.000705 0.005345 0.999985 0.000703 0.005386 0.999986 0.000250 0.003394 0.999886 0.014737 0.000000 1.000000 0.000000 0.000000 1.000000 0.000000 0.000000 1.000000 0.000000 0.000000 1.000000 0.000000 -1.000000 0.000052 -0.000005 -1.000000 0.000095 -0.000006 -0.989585 -0.036096 -0.139348 -0.988906 0.000048 -0.148546 -0.835110 0.000010 -0.550083 -0.835110 0.000018 -0.550083 -0.831785 -0.037128 -0.553855 -0.832028 -0.036093 -0.553558 -1.000000 0.000051 0.000000 -1.000000 0.000051 0.000000 -0.991688 0.000050 0.128662 -0.991679 0.000051 0.128733 -1.000000 0.000070 -0.000006 -0.989581 0.036203 -0.139353 -1.000000 0.000052 0.000000 -0.991688 0.000054 0.128662 -1.000000 0.000060 0.000000 -0.990099 0.000052 0.140369 0.000000 -1.000000 0.000000 -1.000000 0.000046 0.000000 -0.990099 0.000051 0.140370 0.000000 0.000022 -1.000000 0.000000 0.000022 -1.000000 -0.015515 -0.114136 -0.993344 -0.014288 -0.108781 -0.993963 0.000000 0.000022 -1.000000 0.000000 0.000028 -1.000000 -0.014345 0.108801 -0.993960 -0.014315 0.108981 -0.993941 0.000000 0.000267 -1.000000 -0.011944 0.099493 -0.994967 0.000000 -1.000000 0.000000 0.000000 -1.000000 0.000000 0.000000 -1.000000 0.000000 -0.000000 0.000024 -1.000000 -0.014339 -0.108758 -0.993965 -1.000000 0.000040 0.000000 -0.990034 0.000054 0.140828 -1.000000 0.000014 0.000000 -1.000000 0.000026 0.000000 -1.000000 0.000053 -0.000020 -0.999920 0.000053 0.012667 -1.000000 0.000302 0.000000 -1.000000 0.000037 0.000000 -0.994770 -0.102123 -0.001914 -0.990835 -0.134106 -0.016141 -1.000000 -0.000090 -0.000000 -1.000000 0.000304 0.000000 
						-0.987957 -0.153217 -0.021553 -0.988104 -0.152255 -0.021645 0.000000 1.000000 0.000000 0.000000 -1.000000 0.000000 0.000000 -1.000000 0.000000 0.000000 -1.000000 0.000000 -1.000000 0.000035 -0.000001 -1.000000 0.000042 -0.000005 -0.988257 0.090833 -0.122875 -0.994295 0.092067 -0.053861 -1.000000 0.000026 0.000000 -1.000000 0.000026 0.000000 -0.987793 -0.154274 -0.021545 -0.987899 -0.153627 -0.021321 -0.835110 0.000026 -0.550083 -0.835109 0.000018 -0.550084 -0.832097 0.035778 -0.553476 -0.832026 0.036116 -0.553560 -0.835110 0.000023 -0.550084 -0.835110 0.000018 -0.550083 -0.832101 -0.035733 -0.553471 -0.831910 -0.036816 -0.553688 -1.000000 0.000225 0.000000 -0.999717 0.000021 0.023786 -1.000000 0.000026 0.000000 -1.000000 0.000027 0.000000 -1.000000 0.000053 -0.000321 -1.000000 0.000053 0.000023 -1.000000 0.000052 -0.000005 -0.988257 -0.090831 -0.122875 -1.000000 0.000082 0.000000 -0.999717 0.000067 0.023798 -0.042433 0.131106 0.990460 -0.042157 0.000000 0.999111 -0.042163 0.000000 0.999111 -0.042435 0.131035 0.990469 0.018583 0.996238 -0.084641 0.031746 0.982735 -0.182274 0.999982 -0.006069 0.000000 0.996083 -0.005464 0.088255 0.996649 -0.005641 0.081601 0.999982 -0.006058 -0.000000 -0.995869 0.019603 0.088658 -0.999979 0.005921 -0.002759 -0.999970 0.006661 -0.003821 -0.042131 0.000000 0.999112 -0.042127 0.000000 0.999112 -0.042618 0.031950 0.998580 -0.039060 -0.005195 0.999223 0.000000 0.995190 0.097965 0.008969 0.997501 0.070078 0.000000 -1.000000 0.000000 0.000000 -1.000000 0.000000 0.000000 -1.000000 0.000000 -1.000000 0.000004 0.000000 -1.000000 0.000025 -0.000000 -1.000000 0.000053 0.000015 -1.000000 0.000002 0.000013 -0.034029 0.102241 0.994177 -0.043859 0.005776 0.999021 0.137566 0.985193 0.102322 0.138684 0.989444 0.042048 -0.000000 0.000023 -1.000000 -0.011939 -0.099448 -0.994971 
						0.047091 -0.150370 0.987508 0.059135 -0.146192 0.987487 0.025440 -0.053551 0.998241 0.005539 -0.057996 0.998301 -1.000000 0.000061 -0.000002 -0.986743 -0.149900 -0.062196 0.000000 0.000022 -1.000000 -0.015563 0.114481 -0.993304 -0.835109 0.000014 -0.550084 -0.831904 0.036869 -0.553694 -1.000000 0.000026 0.000000 -1.000000 0.000026 -0.000000 -0.987300 -0.157287 -0.022368 -0.987558 -0.155717 -0.021916 -1.000000 -0.000021 0.000000 -1.000000 0.000056 -0.000659 0.003476 0.036394 0.999331 0.023715 0.034009 0.999140 0.052651 0.124810 0.990783 0.041048 0.131076 0.990522 0.813812 -0.113415 0.569953 0.813461 -0.077404 0.576446 0.794465 -0.151548 0.588097 0.787320 -0.205240 0.581381 -0.834733 -0.192515 -0.515906 -0.824263 -0.221673 -0.521010 -0.811722 -0.134154 -0.568428 -0.824298 -0.130045 -0.551017 -0.823734 -0.139908 -0.549444 -0.824343 -0.067074 -0.562103 -0.817536 0.107412 -0.565772 -0.824026 0.025644 -0.565971 0.813017 -0.133187 0.566802 0.785951 -0.222204 0.576980 0.825565 0.026022 0.563706 0.818372 0.107522 0.564540 0.823842 -0.067033 0.562842 0.824475 -0.139823 0.548352 0.819046 0.106319 0.563790 0.823878 -0.066347 0.562870 0.827590 0.000808 0.561333 0.826633 -0.002437 0.562735 0.826587 -0.002596 0.562803 0.827314 0.036349 0.560563 -0.814021 -0.133352 -0.565321 -0.815511 -0.113771 -0.567449 -0.824762 -0.051062 -0.563171 -0.824393 -0.066391 -0.562111 0.133284 -0.010370 0.991024 0.016499 -0.010875 0.999805 0.132616 -0.035128 0.990545 0.000029 1.000000 -0.000041 0.000029 1.000000 -0.000041 0.000029 1.000000 -0.000041 0.000029 1.000000 -0.000041 0.803163 -0.000000 0.595759 0.803160 -0.000000 0.595764 0.803160 -0.000000 0.595763 0.803163 -0.000000 0.595760 0.131204 0.016143 0.991224 0.016499 -0.010875 0.999805 0.133284 -0.010372 0.991024 -0.105299 -0.000000 -0.994441 -0.105296 -0.000001 -0.994441 
						-0.105269 -0.000001 -0.994444 -0.105295 -0.000000 -0.994441 -0.827440 0.036345 -0.560377 -0.829216 -0.003789 -0.558915 -0.829162 -0.003560 -0.558997 -0.827408 0.000799 -0.561601 0.047090 -0.150370 0.987508 0.005539 -0.057997 0.998301 0.000000 -0.010961 0.999940 -0.132412 -0.010864 0.991135 -0.128546 -0.070199 0.989216 0.820558 -0.038577 0.570260 0.823734 -0.050903 0.564687 0.812420 -0.209992 0.543946 0.813019 -0.133187 0.566799 0.785236 -0.224856 0.576926 0.783464 -0.292429 0.548334 -0.812153 -0.210004 -0.544340 -0.814016 -0.133350 -0.565327 0.003476 0.036390 0.999332 0.000000 -0.010961 0.999940 0.000000 -0.010962 0.999940 0.000000 -0.010961 0.999940 0.000000 -0.010962 0.999940 0.000000 -0.010961 0.999940 0.803861 0.088594 0.588182 0.792594 0.083446 0.604012 0.774524 0.132095 0.618599 0.783183 0.139823 0.605866 -0.999999 0.001153 -0.000412 -0.999999 0.000785 -0.001567 -0.999994 -0.002432 -0.002375 -0.999998 -0.002171 0.000208 -0.827510 -0.024746 -0.560905 -0.834479 0.111862 -0.539566 -0.790665 0.301779 -0.532709 -0.791424 0.179738 -0.584245 0.134653 -0.102066 0.985622 -0.070903 -0.192608 0.978711 -0.836331 -0.189246 -0.514525 -0.879834 -0.144853 -0.452669 -0.908766 -0.176129 -0.378316 -0.877855 -0.220117 -0.425345 -0.999987 -0.005085 -0.000486 -0.999984 -0.004840 -0.003045 -0.999965 -0.007473 -0.003687 -0.999966 -0.007794 -0.002557 -0.834674 -0.192144 -0.516140 -0.819510 -0.131637 -0.557742 -0.822539 -0.129502 -0.553768 -0.130712 0.048828 0.990217 0.041095 0.131431 0.990473 -0.076985 0.174241 0.981689 0.691606 0.358377 0.627094 0.674931 0.480826 0.559710 0.790831 0.301774 0.532465 0.793599 0.180491 0.581054 -0.827566 -0.015312 -0.561160 -0.855813 0.039782 -0.515754 -0.846501 0.039599 -0.530913 -0.832440 -0.001547 -0.554113 -0.672667 0.480110 -0.563039 -0.688074 0.356050 -0.632284 -0.818181 0.106216 -0.565064 
						0.005418 -0.449058 -0.893486 -0.181421 -0.281768 -0.942174 -0.120353 -0.222675 -0.967435 0.100954 -0.360540 -0.927264 0.827863 -0.021090 0.560534 0.832809 0.113676 0.541763 0.832958 0.114821 0.541292 0.827770 -0.018788 0.560753 -0.995719 0.002506 -0.092400 -0.999975 -0.004479 -0.005548 -0.999968 -0.003660 -0.007068 -0.995741 -0.003671 -0.092123 0.955639 -0.000002 0.294539 0.955647 -0.000001 0.294516 0.955647 -0.000001 0.294513 0.955638 -0.000002 0.294545 -0.827458 -0.018609 -0.561219 -0.834780 0.114118 -0.538627 -0.834748 0.114259 -0.538647 -0.827421 -0.018806 -0.561266 -0.999532 -0.006924 0.029796 -0.999877 -0.006369 0.014362 -0.999933 -0.010289 0.005201 -0.999836 -0.011274 0.014146 -0.827415 -0.013244 -0.561435 -0.835775 0.114722 -0.536954 -0.834918 0.113124 -0.538623 -0.827393 -0.017268 -0.561357 -0.999997 0.000146 -0.002574 -0.996190 -0.023620 -0.083944 -0.995728 -0.009720 -0.091821 -0.999984 -0.002818 -0.004935 0.827736 -0.018596 0.560810 0.832868 0.114718 0.541453 0.832986 0.113743 0.541477 0.827724 -0.017255 0.560870 0.775719 -0.087757 0.624946 0.727169 -0.085494 0.681114 0.705744 -0.043018 0.707159 0.781307 -0.080949 0.618875 -0.132338 -0.010864 0.991145 0.827617 -0.013239 0.561137 0.833866 0.115364 0.539777 0.834774 0.109465 0.539601 0.829166 0.042298 0.557400 0.827541 0.002654 0.561399 0.864015 0.250747 0.436582 0.867097 0.221269 0.446300 0.783526 0.066981 0.617738 0.707565 0.023659 0.706252 0.726987 0.086242 0.681214 0.768525 0.115183 0.629366 0.827548 0.002627 0.561389 0.828084 0.008264 0.560542 -0.815512 -0.078392 -0.573406 -0.823186 -0.039825 -0.566373 0.000000 -0.010962 0.999940 -0.996159 0.016756 -0.085945 -0.999966 -0.006829 -0.004583 -0.955614 -0.000001 -0.294622 -0.955613 -0.000002 -0.294623 -0.955614 -0.000002 -0.294622 -0.955614 -0.000001 -0.294622 -0.955614 0.000002 -0.294622 
						-0.955616 0.000001 -0.294616 -0.955616 0.000001 -0.294615 -0.955613 0.000002 -0.294623 -0.995741 -0.003673 -0.092123 -0.999968 -0.003662 -0.007068 -0.999841 -0.003707 0.017417 -0.999993 -0.003662 0.000000 -0.999854 -0.003656 0.016689 -0.999993 -0.003664 0.000000 -0.999841 -0.003671 0.017430 -0.999993 -0.003662 0.000000 -0.999887 -0.000775 0.015006 0.811597 0.056142 0.581515 0.820162 0.038639 0.570826 0.822183 -0.011179 0.569114 0.816990 -0.011124 0.576544 0.816990 -0.011124 0.576544 0.816990 -0.011124 0.576544 0.822183 -0.011179 0.569114 0.816990 -0.011124 0.576544 0.822156 -0.011205 0.569152 0.816171 -0.011122 0.577704 -0.999376 -0.004706 0.034993 -0.988218 -0.013386 0.152465 -0.987264 -0.003723 0.159046 -0.999445 -0.003666 0.033104 -0.988225 0.005983 0.152890 -0.999379 -0.002709 0.035137 -0.988924 0.030049 0.145349 -0.999511 -0.001064 0.031260 0.803171 -0.000000 0.595748 0.803172 0.000000 0.595748 -0.999864 0.004160 0.015967 -0.999967 0.003556 0.007260 -0.999542 0.000124 0.030277 -0.132412 -0.010864 0.991135 0.129246 0.081128 0.988288 -0.999987 -0.003660 -0.003534 -0.999987 -0.003664 -0.003534 -0.999968 -0.003663 -0.007068 -0.999987 -0.003662 -0.003534 -0.025611 0.999671 0.001269 -0.025627 0.999671 0.001270 -0.025628 0.999671 0.001270 -0.025612 0.999671 0.001269 0.105466 -0.000001 0.994423 0.105471 0.000000 0.994422 0.105469 0.000000 0.994423 0.105468 -0.000001 0.994423 -0.802999 0.000000 -0.595980 -0.802999 0.000000 -0.595981 -0.802998 0.000000 -0.595981 -0.802999 0.000000 -0.595980 -0.105272 -0.000000 -0.994444 -0.105264 -0.000000 -0.994444 -0.045390 0.000721 -0.998969 0.222093 0.000614 -0.975025 -0.119783 0.220847 -0.967925 0.101505 0.359165 -0.927738 -0.181934 0.282913 -0.941733 0.003501 0.452346 -0.891836 -0.999504 -0.005834 0.030946 -0.988883 -0.037351 0.143927 -0.105274 0.000000 -0.994443 
						-0.105275 0.000000 -0.994443 -0.025611 0.999671 0.001269 -0.025611 0.999671 0.001269 0.783322 0.139551 0.605749 0.004085 -0.999989 0.002315 0.003085 -0.999989 0.003489 0.002970 -0.999989 0.003625 0.003969 -0.999989 0.002451 0.000029 1.000000 -0.000041 0.000020 1.000000 -0.000029 0.000020 1.000000 -0.000029 0.000028 1.000000 -0.000040 0.803170 0.000000 0.595751 0.803169 0.000000 0.595751 0.004209 0.999989 0.002170 0.002908 0.999989 0.003697 0.002758 0.999989 0.003874 0.004058 0.999989 0.002347 0.786253 0.141681 0.601442 -0.830567 0.007192 -0.556873 -0.827261 0.002613 -0.561812 -0.835110 0.000018 -0.550083 -0.831771 0.037267 -0.553867 0.002909 0.992722 0.120394 0.000275 0.989907 0.141718 -0.043802 0.005769 0.999023 -0.042161 0.000000 0.999111 0.012854 0.101068 0.994796 0.013272 0.101996 0.994696 0.042527 -0.000000 -0.999095 0.039759 0.041041 -0.998366 0.999981 -0.006078 0.001014 0.999981 -0.006067 0.000610 -0.043902 0.011768 0.998966 -0.040972 0.023065 0.998894 -0.022216 0.119153 0.992627 -0.815473 -0.160822 -0.556004 -0.873823 -0.134067 -0.467397 -0.770651 -0.093657 -0.630337 0.042893 0.130432 -0.990529 -0.014550 0.108176 -0.994025 -0.013926 0.105730 -0.994297 0.000000 -0.000000 -1.000000 0.000000 -0.000000 -1.000000 0.042523 -0.000000 -0.999095 0.042530 -0.000000 -0.999095 0.204371 -0.005226 0.978880 0.168327 -0.018673 0.985554 0.126999 -0.187957 0.973932 0.110942 -0.192455 0.975014 -0.096691 -0.107845 0.989455 0.055569 -0.207685 0.976616 0.002748 0.999766 0.021456 -0.000606 0.999167 0.040805 -0.031941 0.996396 -0.078580 -0.027029 0.995635 -0.089334 -0.027864 0.956157 -0.291526 -0.041006 0.959650 -0.278191 0.948137 0.315736 0.036705 0.949557 0.299960 0.091466 0.995285 0.096606 0.008668 0.992928 0.102519 -0.059860 0.000012 0.000000 -1.000000 0.000011 0.000000 -1.000000 
						0.000013 0.000000 -1.000000 0.000012 0.000000 -1.000000 0.000012 0.000000 -1.000000 -0.008760 0.116635 -0.993136 -0.007130 0.138883 -0.990283 0.000014 0.000000 -1.000000 0.000014 -0.000000 -1.000000 0.000012 0.130959 -0.991388 0.009645 0.098328 -0.995107 -0.000120 0.000009 -1.000000 0.999981 -0.006069 0.000544 0.997667 -0.006055 -0.068005 0.997120 -0.006051 -0.075597 0.999982 -0.006069 -0.000000 0.997120 -0.006051 -0.075596 0.999982 -0.006069 0.000000 0.000194 0.000025 -1.000000 -0.010439 0.078325 -0.996873 0.000012 0.000000 -1.000000 -0.006242 -0.138926 -0.990283 -0.007444 -0.116736 -0.993135 0.000012 0.000000 -1.000000 0.997120 -0.006051 -0.075597 0.999982 -0.006069 0.000000 -0.007256 0.134996 -0.990820 0.000010 0.000000 -1.000000 0.000130 0.012431 -0.999923 -0.007147 0.150117 -0.988642 0.000012 -0.000000 -1.000000 0.000012 0.000000 -1.000000 0.002339 -0.000307 -0.999997 -0.000474 -0.033196 -0.999449 0.003560 -0.012342 -0.999918 -0.052368 0.171124 -0.983857 -0.009925 0.133126 -0.991050 0.001667 -0.016801 -0.999857 0.000015 -0.000000 -1.000000 0.000016 -0.000000 -1.000000 -0.000122 0.000014 -1.000000 0.001068 0.033187 -0.999449 0.067191 0.997740 0.001005 0.081054 0.996653 -0.010633 0.277665 0.960675 0.002501 0.237528 0.970787 0.033966 0.000012 0.000000 -1.000000 0.000013 0.000000 -1.000000 0.002810 -0.012368 -0.999920 0.000931 -0.019280 -0.999814 0.002222 -0.019534 -0.999807 0.006858 -0.022645 0.999720 0.006573 -0.020682 0.999765 -0.006791 0.075684 0.997109 -0.006791 0.075691 0.997108 -1.000000 -0.000005 0.000000 -1.000000 -0.000000 0.000000 -1.000000 0.000000 0.000000 -1.000000 -0.000005 -0.000000 0.000014 -0.000000 -1.000000 0.000014 0.130909 -0.991394 0.000016 0.000000 -1.000000 0.000015 -0.000000 -1.000000 0.000014 0.000000 -1.000000 0.000013 -0.118924 -0.992903 0.000015 0.000000 -1.000000 
						0.000020 0.000000 -1.000000 0.000014 -0.000000 -1.000000 0.000014 0.000000 -1.000000 0.000013 0.000000 -1.000000 0.000016 0.000000 -1.000000 0.000017 0.000000 -1.000000 0.000024 -0.130885 -0.991398 0.000513 -0.033225 -0.999448 0.000013 0.000000 -1.000000 0.000012 0.000000 -1.000000 0.000015 -0.130781 -0.991411 0.178534 0.024572 0.983627 0.126244 0.084163 0.988422 0.000012 0.000000 -1.000000 0.000011 0.000000 -1.000000 -0.002382 -0.000311 -0.999997 0.008003 -0.098609 -0.995094 0.000016 -0.131094 -0.991370 0.000014 -0.000001 -1.000000 0.000020 -0.000000 -1.000000 -1.000000 -0.000022 -0.000000 -0.991445 -0.000001 0.130523 -0.991445 -0.000000 0.130523 -1.000000 -0.000022 -0.000000 0.000011 0.000000 -1.000000 0.000006 -0.000000 -1.000000 0.000010 -0.000000 -1.000000 0.000008 0.000000 -1.000000 -0.991600 0.000000 -0.129344 -1.000000 0.000000 0.000000 -1.000000 0.000000 0.000000 -0.991600 0.000000 -0.129344 0.000013 -0.000000 -1.000000 -0.027027 0.995635 -0.089335 -0.027864 0.956105 -0.291695 0.030872 0.970129 0.240616 0.008535 0.959911 0.280174 -0.011051 0.996608 0.081549 -0.002121 0.997603 0.069161 0.000009 -0.240839 -0.970565 0.000012 -0.127827 -0.991796 0.000013 -0.127827 -0.991796 0.000011 -0.240659 -0.970610 0.000018 -0.133361 -0.991068 0.000008 0.000000 -1.000000 0.000003 0.000000 -1.000000 -0.000186 -0.000013 -1.000000 -0.010256 -0.099421 -0.994993 0.997069 -0.073167 0.022347 0.982034 -0.107101 0.155364 0.926144 -0.270338 0.263011 0.947917 -0.290894 0.129748 0.954593 0.271106 0.123508 0.929003 0.262651 0.260705 0.981605 0.110477 0.155713 0.993927 0.106990 0.025721 0.009559 0.055528 -0.998411 0.005795 0.021871 -0.999744 0.002721 -0.000415 -0.999996 0.004626 -0.001259 -0.999988 0.016954 0.043647 -0.998903 0.000014 0.000000 -1.000000 0.000012 0.000000 -1.000000 0.000000 -0.000502 1.000000 
						0.130527 -0.000459 0.991445 0.130527 -0.000459 0.991445 0.000000 -0.000502 1.000000 0.130527 -0.000459 0.991445 0.000000 -0.000502 1.000000 0.000000 -0.000502 1.000000 0.130527 -0.000459 0.991445 0.008562 -0.234524 -0.972073 0.002126 -0.112270 -0.993675 -0.000462 -0.074673 -0.997208 -0.007168 -0.235485 -0.971852 -0.013869 -0.190500 -0.981589 -0.000331 -0.040364 -0.999185 0.000016 -0.012036 -0.999928 -0.007145 -0.149506 -0.988735 -0.015115 0.191734 -0.981330 -0.000811 0.041184 -0.999151 0.000681 0.074980 -0.997185 -0.004679 0.236195 -0.971694 0.000012 -0.000000 -1.000000 0.000015 -0.000000 -1.000000 0.000013 0.000000 -1.000000 0.000013 -0.000000 -1.000000 -0.023074 0.999732 0.001749 -0.019073 0.999804 0.005259 0.000012 0.000000 -1.000000 -0.008698 -0.133218 -0.991049 -0.047382 -0.172613 -0.983849 0.008006 0.011201 -0.999905 0.000016 -0.000000 -1.000000 0.000012 0.118926 -0.992903 0.008755 0.087600 -0.996117 -0.000120 0.000015 -1.000000 0.000014 0.000000 -1.000000 -0.008125 -0.078641 -0.996870 0.002397 -0.000315 -0.999997 -0.036842 0.997592 -0.058758 -0.075742 0.970212 -0.230114 0.043247 -0.197699 -0.979308 0.012367 -0.044851 -0.998917 0.007810 -0.055746 -0.998414 0.008004 -0.104051 -0.994540 0.012989 -0.233799 -0.972198 0.001490 -0.007871 -0.999968 -0.005756 -0.057485 -0.998330 -0.002855 -0.029280 -0.999567 0.000013 -0.003445 -0.999994 0.000010 -0.000000 -1.000000 0.000011 0.000000 -1.000000 -0.002388 -0.000284 -0.999997 -0.002388 -0.000295 -0.999997 0.000010 0.000000 -1.000000 0.000025 0.000000 -1.000000 0.000017 -0.000000 -1.000000 0.949493 0.300127 0.091574 0.995285 0.096609 0.008669 0.991444 -0.000582 -0.130530 1.000000 -0.000588 0.000000 1.000000 -0.000597 -0.000000 0.991444 -0.000582 -0.130530 -0.001056 0.033176 -0.999449 0.000196 0.000025 -1.000000 0.999981 -0.006069 0.000545 0.999982 -0.006069 -0.000000 
						0.999982 -0.006069 0.000000 0.999982 -0.006069 -0.000000 -0.023072 0.999732 0.001749 -0.019100 0.999804 0.005266 -0.023074 0.999732 0.001749 -0.019074 0.999804 0.005258 0.144915 0.138157 0.979751 0.014090 0.157033 0.987493 0.000000 0.117784 0.993039 0.130322 0.112163 0.985107 0.014090 0.157031 0.987493 -0.044082 0.161963 0.985812 -0.063601 0.117547 0.991028 0.000000 0.117783 0.993039 -0.063601 0.117545 0.991029 0.000000 0.117785 0.993039 -0.063601 0.117543 0.991029 0.000000 0.117785 0.993039 -0.062261 0.055587 0.996511 -0.006791 0.075684 0.997109 0.000000 0.117780 0.993040 0.130299 0.112158 0.985111 0.000000 0.117783 0.993039 0.130322 0.112165 0.985107 0.999982 -0.006069 0.000000 0.993508 -0.005409 0.113630 0.001231 0.999815 -0.019179 0.003788 0.999879 -0.015098 -0.059515 0.997703 -0.032364 -0.078716 0.996463 -0.029417 0.001231 0.999815 -0.019177 0.003796 0.999878 -0.015126 0.001231 0.999815 -0.019179 0.003789 0.999879 -0.015099 0.999982 -0.006069 -0.000000 0.993432 -0.005433 0.114298 0.999982 -0.006069 0.000000 0.993508 -0.005459 0.113630 0.012395 0.233833 -0.972198 0.007576 0.104079 -0.994540 0.048542 0.196485 -0.979304 1.000000 -0.000597 -0.000000 0.991444 -0.000582 -0.130530 0.991444 -0.000582 -0.130530 1.000000 -0.000588 0.000000 0.014090 0.157037 0.987492 0.070854 0.230274 0.970543 0.070759 0.231826 0.970180 -1.000000 0.000000 0.000000 -0.991600 0.000000 -0.129344 -0.991600 0.000000 -0.129344 -1.000000 0.000000 0.000000 0.000013 0.130781 -0.991411 -0.201593 -0.037618 0.978747 -0.039785 -0.032205 0.998689 -0.239217 0.025272 0.970637 0.014463 -0.112209 0.993579 0.014763 -0.112713 0.993518 0.000010 0.240659 -0.970610 0.000014 0.127827 -0.991796 0.000012 0.127827 -0.991796 0.000008 0.240839 -0.970565 0.000012 0.130803 -0.991408 0.000015 0.130843 -0.991403 
						-0.027054 0.994521 -0.100973 -0.027865 0.949642 -0.312094 0.014090 0.157035 0.987492 0.070875 0.231641 0.970216 0.000000 0.117781 0.993040 0.000000 0.117781 0.993039 0.000000 0.117781 0.993040 0.000014 0.000000 -1.000000 0.000014 -0.000000 -1.000000 0.000036 0.000001 -1.000000 0.000039 0.000001 -1.000000 -0.131308 -0.095440 -0.986737 -0.162084 -0.094590 -0.982233 -0.162084 -0.094590 -0.982233 -0.131308 -0.095455 -0.986735 0.006959 -0.022332 0.999726 -0.006791 0.075684 0.997109 0.000012 0.000000 -1.000000 0.000013 -0.130986 -0.991384 0.000014 -0.130940 -0.991390 0.000014 -0.000000 -1.000000 -0.013041 -0.106899 -0.994184 -0.013140 -0.119024 -0.992804 -0.005476 -0.066530 -0.997769 -0.002409 -0.029679 -0.999556 -0.042144 0.000000 0.999112 -0.042156 -0.000000 0.999111 -0.042433 0.131273 0.990438 -0.042180 0.000000 0.999110 -0.038958 -0.005174 0.999227 0.013162 0.102183 0.994678 0.013444 0.102601 0.994632 0.002828 0.019482 -0.999806 0.006419 0.011568 -0.999913 -0.063205 0.114058 -0.991461 0.016356 0.028336 -0.999465 0.022344 0.022351 -0.999500 -0.049817 0.101940 -0.993542 0.014139 -0.111089 0.993710 0.014542 -0.111812 0.993623 -0.042174 0.000000 0.999110 -0.038946 -0.005227 0.999228 -1.000000 -0.000000 -0.000137 -1.000000 -0.000000 -0.000138 -1.000000 -0.000000 -0.000139 -1.000000 -0.000000 -0.000142 -1.000000 -0.000000 -0.000159 -1.000000 -0.000000 -0.000187 -1.000000 -0.000000 -0.000144 0.001112 -0.006566 -0.999978 0.001827 0.003984 -0.999990 0.000017 0.134186 -0.990956 0.000014 0.000000 -1.000000 0.000013 0.000000 -1.000000 -0.002596 0.120859 -0.992666 0.006278 -0.020773 0.999765 0.238287 0.172857 0.955688 0.956733 -0.000453 0.290967 0.989124 -0.000577 0.147083 0.989124 -0.000585 0.147083 0.956733 -0.000464 0.290967 1.000000 -0.000670 -0.000000 1.000000 -0.000662 -0.000000 -1.000000 0.000000 0.000000 
						-1.000000 0.000000 0.000000 -1.000000 0.000000 0.000000 -1.000000 0.000000 0.000000 0.000000 0.105850 0.994382 0.100402 0.101692 0.989736 0.100402 0.101725 0.989733 0.000000 0.105850 0.994382 -1.000000 0.000000 0.000000 -1.000000 0.000000 0.000000 -1.000000 0.000000 0.000000 -1.000000 0.000000 0.000000 0.000000 -0.000502 1.000000 0.000000 -0.000519 1.000000 -1.000000 0.000000 0.000000 -1.000000 0.000000 0.000000 -1.000000 0.000000 0.000000 -1.000000 0.000000 0.000000 0.000000 -0.000502 1.000000 0.000000 -0.000502 1.000000 0.000012 0.112323 -0.993672 0.007704 0.234548 -0.972074 0.069729 0.230696 0.970524 0.023000 0.244358 0.969413 0.989124 -0.000584 0.147084 1.000000 -0.000597 0.000000 1.000000 -0.000589 0.000000 0.989124 -0.000579 0.147084 1.000000 -0.000662 -0.000000 1.000000 -0.000589 0.000000 1.000000 -0.000597 -0.000000 1.000000 -0.000670 0.000000 -1.000000 0.000000 0.000000 -1.000000 0.000000 0.000000 -1.000000 0.000000 0.000000 -1.000000 0.000000 0.000000 0.000000 0.117782 0.993039 -0.006791 0.075683 0.997109 0.000000 0.117781 0.993040 0.000000 0.117785 0.993039 0.014090 0.157034 0.987493 0.012985 0.101648 0.994736 0.013385 0.102379 0.994655 0.000017 -0.134186 -0.990956 0.000013 -0.000000 -1.000000 0.000016 0.000000 -1.000000 0.956733 -0.000458 0.290968 0.956733 -0.000453 0.290968 0.956733 -0.000453 0.290968 0.956733 -0.000453 0.290968 -0.006430 -0.135034 -0.990820 0.000018 0.000000 -1.000000 0.000013 -0.000000 -1.000000 -0.002278 -0.120865 -0.992666 0.000011 0.000001 -1.000000 -0.000122 0.000012 -1.000000 0.032855 0.102130 -0.994228 0.041238 -0.036099 -0.998497 0.042530 0.000000 -0.999095 0.941104 -0.072869 0.330171 0.983817 -0.060417 0.168680 0.982653 -0.065670 0.173436 0.941108 -0.074089 0.329889 0.043665 -0.122943 -0.991453 0.000000 -0.120245 -0.992744 
						0.000000 -0.120244 -0.992744 0.043665 -0.122944 -0.991453 0.000001 1.000000 0.000000 0.000001 1.000000 0.000000 0.000000 1.000000 0.000000 0.000001 1.000000 0.000000 0.000000 -0.117769 -0.993041 0.000000 -0.117768 -0.993041 0.000000 -0.117768 -0.993041 0.000000 -0.117768 -0.993041 -0.999999 0.001392 0.000000 -0.999999 0.001392 0.000000 -0.999999 0.001392 0.000292 -0.999817 0.019113 -0.000072 -1.000000 -0.000005 -0.000000 -1.000000 -0.000000 0.000000 -1.000000 -0.000000 0.000000 -1.000000 -0.000006 0.000000 0.042894 0.130831 -0.990476 0.043183 0.174331 -0.983740 0.942016 0.064102 0.329387 0.940746 0.064547 0.332913 0.937131 0.059473 0.343874 0.942047 0.065203 0.329083 -0.042126 0.000000 0.999112 0.000000 -0.117802 -0.993037 0.000000 -0.117770 -0.993041 0.000000 -0.117768 -0.993041 0.000000 -0.117799 -0.993038 0.100402 0.101725 0.989733 0.000000 0.105850 0.994382 0.000000 0.105850 0.994382 0.100402 0.101692 0.989736 1.000000 -0.000631 0.000000 0.989124 -0.000586 0.147083 0.989124 -0.000577 0.147083 1.000000 -0.000631 -0.000000 -0.999999 0.001381 0.000000 -0.999609 0.027959 -0.000636 0.000000 -0.120243 -0.992744 0.000000 -0.120243 -0.992744 0.000000 -0.993358 -0.115062 -0.000000 -0.993357 -0.115071 -0.020192 -0.997208 -0.071895 -0.163731 -0.984298 -0.065955 0.000000 0.117783 0.993039 0.000000 0.117780 0.993040 0.000000 0.117780 0.993040 0.812459 -0.000031 0.583018 0.813987 -0.000031 0.580882 0.813987 -0.000031 0.580882 0.812459 -0.000031 0.583018 0.000000 -0.120276 -0.992741 0.000000 -0.120245 -0.992744 0.000000 -0.120245 -0.992744 0.000000 -0.120275 -0.992741 0.014262 -0.111550 0.993656 0.014665 -0.112230 0.993574 0.000000 -0.120274 -0.992741 0.000000 -0.120277 -0.992740 -0.042181 0.000000 0.999110 -0.038954 -0.005188 0.999227 -0.011941 0.099249 -0.994991 0.000014 0.000000 -1.000000 
						0.000020 0.133361 -0.991068 0.956733 -0.000464 0.290967 0.956733 -0.000453 0.290968 0.956733 -0.000453 0.290968 0.956733 -0.000453 0.290967 -0.002383 -0.000289 -0.999997 0.000014 0.000000 -1.000000 0.006406 -0.020671 0.999766 0.813987 -0.000031 0.580882 0.812459 -0.000031 0.583018 0.812459 -0.000031 0.583018 0.813987 -0.000031 0.580882 0.000325 0.000088 -1.000000 0.000203 0.000031 -1.000000 0.003396 -0.022189 -0.999748 -1.000000 0.000000 0.000000 -1.000000 0.000000 0.000000 -0.130525 -0.000583 0.991445 0.000000 -0.000502 1.000000 0.000000 -0.000502 1.000000 -0.130525 -0.000624 0.991445 -0.002325 -0.000287 -0.999997 0.000004 -0.000001 -1.000000 0.000009 -0.000000 -1.000000 -0.162084 -0.094590 -0.982233 -0.131308 -0.095472 -0.986734 -0.131308 -0.095473 -0.986734 -0.162084 -0.094590 -0.982233 -1.000000 0.000000 0.000000 -1.000000 0.000000 0.000000 -0.129804 0.104955 0.985969 -0.129804 0.104955 0.985969 0.000009 0.000000 -1.000000 0.000015 0.000000 -1.000000 -0.000121 -0.000013 -1.000000 -0.000125 -0.000008 -1.000000 0.070034 0.230492 0.970551 0.000000 -0.000557 1.000000 0.000000 -0.000574 1.000000 0.000017 0.000000 -1.000000 0.000010 0.000001 -1.000000 -0.000121 -0.000006 -1.000000 0.000000 -0.117768 -0.993041 0.000000 -0.117801 -0.993037 0.000000 -0.117802 -0.993037 0.000000 -0.117770 -0.993041 -0.000000 -0.993353 -0.115107 -0.014615 -0.997181 -0.073591 -1.000000 -0.000000 0.000000 -1.000000 -0.000000 0.000000 -1.000000 -0.000000 -0.000000 -1.000000 -0.000000 0.000000 0.087214 -0.125812 -0.988213 0.087214 -0.125815 -0.988213 -0.130525 -0.000667 0.991445 -0.130525 -0.000667 0.991445 -0.007286 0.028150 -0.999577 -0.006993 0.057325 -0.998331 -0.000902 0.007523 -0.999971 0.000001 1.000000 0.000000 0.000000 1.000000 0.000000 0.002635 -0.111063 -0.993810 0.000010 0.000000 -1.000000 0.000000 -0.120244 -0.992744 
						0.000000 -0.120245 -0.992744 -1.000000 0.000000 0.000000 -1.000000 0.000000 0.000000 -1.000000 0.000000 0.000000 -1.000000 0.000000 0.000000 -1.000000 -0.000001 -0.000000 -1.000000 0.000000 0.000000 0.001086 0.111104 -0.993808 -0.006124 0.028848 -0.999565 0.000443 -0.004091 -0.999992 -0.000454 0.006418 -0.999979 -0.006830 0.066381 -0.997771 -0.013128 0.119025 -0.992805 -0.015493 0.106619 -0.994179 1.000000 -0.000608 0.000000 0.991445 -0.000565 0.130523 0.991445 -0.000595 0.130523 1.000000 -0.000607 -0.000000 0.956733 -0.000453 0.290968 0.956733 -0.000457 0.290968 0.989124 -0.000579 0.147083 0.989124 -0.000583 0.147083 -1.000000 0.000000 -0.000136 -1.000000 -0.000000 -0.000139 -1.000000 -0.000000 -0.000138 -1.000000 0.000000 -0.000139 1.000000 0.000000 0.000023 1.000000 0.000000 0.000024 1.000000 -0.000000 0.000024 1.000000 -0.000000 0.000025 1.000000 -0.000000 0.000035 1.000000 0.000000 0.000037 1.000000 0.000000 0.000036 1.000000 0.000000 0.000022 1.000000 0.000000 0.000021 1.000000 0.000000 0.000024 1.000000 0.000000 0.000024 1.000000 -0.000000 0.000022 -1.000000 0.000000 -0.000136 -1.000000 0.000000 -0.000139 -1.000000 0.000000 -0.000138 -1.000000 0.000000 -0.000135 -1.000000 -0.000000 -0.000138 -1.000000 0.000000 -0.000139 -1.000000 0.000000 -0.000139 -1.000000 0.000000 -0.000133 1.000000 0.000000 0.000025 1.000000 0.000000 0.000025 1.000000 0.000000 0.000024 1.000000 -0.000000 0.000025 -1.000000 0.000000 -0.000137 -1.000000 -0.000000 -0.000129 -1.000000 -0.000000 -0.000152 -1.000000 0.000000 -0.000133 -1.000000 0.000000 -0.000138 1.000000 -0.000000 0.000025 1.000000 0.000000 0.000028 -1.000000 0.000000 -0.000141 -1.000000 0.000000 -0.000139 -1.000000 0.000000 -0.000140 -1.000000 0.000000 -0.000131 1.000000 0.000000 0.000022 1.000000 0.000000 0.000025 1.000000 0.000000 0.000025 
						1.000000 0.000000 0.000024 1.000000 0.000000 0.000026 1.000000 -0.000000 0.000025 1.000000 -0.000000 0.000024 1.000000 0.000000 0.000023 -1.000000 0.000000 -0.000137 -1.000000 0.000000 -0.000140 -1.000000 0.000000 -0.000141 -1.000000 0.000000 -0.000140 1.000000 0.000000 0.000027 1.000000 0.000000 0.000027 1.000000 0.000000 0.000025 1.000000 0.000000 0.000027 -1.000000 -0.000000 -0.000138 -1.000000 -0.000000 -0.000140 -1.000000 -0.000000 -0.000138 -1.000000 -0.000000 -0.000137 -1.000000 0.000000 -0.000138 -1.000000 0.000000 -0.000138 -1.000000 0.000000 -0.000140 -1.000000 0.000000 -0.000138 -1.000000 0.000000 -0.000138 -1.000000 -0.000000 -0.000137 1.000000 0.000000 0.000025 1.000000 -0.000000 0.000025 1.000000 -0.000000 0.000022 1.000000 -0.000000 0.000024 -1.000000 0.000000 -0.000142 -1.000000 0.000000 -0.000141 -1.000000 0.000000 -0.000140 -1.000000 0.000000 -0.000141 -1.000000 0.000000 -0.000137 -1.000000 0.000000 -0.000138 -1.000000 0.000000 -0.000138 -1.000000 0.000000 -0.000137 1.000000 0.000000 0.000021 1.000000 0.000000 0.000022 1.000000 0.000000 -0.000103 1.000000 0.000000 -0.000021 1.000000 -0.000000 0.000077 1.000000 -0.000000 0.000057 1.000000 -0.000000 0.000024 1.000000 -0.000000 0.000024 1.000000 -0.000000 0.000026 1.000000 -0.000000 0.000026 1.000000 0.000000 0.000026 1.000000 0.000000 0.000026 1.000000 0.000000 0.000026 1.000000 0.000000 0.000026 1.000000 0.000000 0.000025 1.000000 0.000000 0.000013 1.000000 -0.000000 0.000021 1.000000 -0.000000 0.000027 1.000000 0.000000 0.000017 1.000000 0.000000 0.000028 1.000000 -0.000000 0.000022 1.000000 -0.000000 0.000024 -1.000000 0.000000 -0.000141 -1.000000 0.000000 -0.000133 1.000000 0.000000 0.000021 1.000000 0.000000 0.000026 -1.000000 0.000000 -0.000134 -1.000000 0.000000 -0.000136 -1.000000 -0.000000 -0.000140 
						-1.000000 0.000000 -0.000132 1.000000 0.000000 0.000024 1.000000 -0.000000 0.000024 1.000000 -0.000000 0.000049 1.000000 0.000000 0.000066 1.000000 -0.000000 0.000030 1.000000 -0.000000 0.000028 -1.000000 0.000000 -0.000136 -1.000000 0.000000 -0.000136 1.000000 0.000000 0.000023 -1.000000 0.000000 -0.000118 -1.000000 0.000000 -0.000117 1.000000 -0.000000 0.000016 1.000000 -0.000000 -0.000007 1.000000 -0.000000 -0.000159 1.000000 -0.000000 -0.000187 1.000000 -0.000000 -0.000011 1.000000 -0.000000 0.000017 0.290681 -0.956020 0.039128 0.255968 -0.963136 0.082764 0.464114 -0.857333 0.222664 0.557446 -0.824872 0.094021 0.159348 -0.978410 0.131610 0.343403 -0.871445 0.350225 0.102837 -0.985690 0.133569 0.148532 -0.864166 0.480787 0.833115 -0.535310 0.139147 0.812416 -0.443545 0.378482 0.655186 -0.629029 0.418394 0.709802 -0.704318 0.010817 0.658998 -0.491468 0.569369 0.406810 -0.690424 0.598181 0.255410 -0.798197 0.545571 0.642581 -0.630019 0.436081 0.328616 0.020638 0.944238 0.333633 0.036919 0.941980 0.177156 0.102636 0.978816 0.571472 -0.044112 0.819435 0.562091 -0.060946 0.824827 0.685745 -0.115675 0.718591 -0.776395 -0.094757 -0.623082 -0.787199 -0.108353 -0.607106 -0.679955 -0.267708 -0.682638 -0.664449 -0.218585 -0.714653 -0.796568 -0.152603 -0.584972 -0.671351 -0.359702 -0.647998 -0.434643 -0.552798 -0.710985 -0.494520 -0.435097 -0.752423 0.447053 -0.009435 0.894458 -0.784232 -0.292491 -0.547201 -0.809104 -0.445371 -0.383400 -0.660650 -0.628500 -0.410522 -0.642151 -0.483404 -0.594948 -0.820993 -0.550652 -0.150844 -0.701783 -0.712083 -0.020918 0.040232 -0.987228 -0.154150 -0.034583 -0.978501 -0.203321 -0.217864 -0.875270 -0.431784 -0.010019 -0.860973 -0.508552 -0.200534 -0.963059 -0.179732 -0.407890 -0.853230 -0.324999 -0.277777 -0.952206 -0.127060 -0.544142 -0.819719 -0.178799 -0.389547 -0.670852 -0.631039 
						-0.260788 -0.800984 -0.538902 -0.544968 -0.628498 -0.554977 0.217874 -0.169437 0.961156 0.348392 -0.067345 0.934926 0.332582 -0.039364 0.942253 0.351887 -0.115295 0.928915 0.456931 -0.000630 0.889502 0.793520 -0.115871 0.597411 0.702429 -0.301759 0.644620 0.688759 -0.374506 0.620771 0.544871 0.112591 0.830926 0.658690 0.163485 0.734439 0.562835 0.059376 0.824434 0.575431 0.025409 0.817456 -1.000000 0.000029 0.000000 -1.000000 0.000054 0.000000 -1.000000 0.000070 0.000000 -1.000000 0.000046 0.000001 -1.000000 0.000292 0.000000 -1.000000 0.000047 0.000001 -1.000000 0.000085 0.000001 -1.000000 0.000009 0.000000 -1.000000 -0.000137 0.000000 -1.000000 -0.000008 -0.000000 -1.000000 -0.000149 0.000000 -1.000000 -0.000018 -0.000000 -1.000000 0.000117 0.000000 0.000000 0.000000 -1.000000 0.000000 0.000000 -1.000000 0.000000 0.000000 -1.000000 0.000000 0.000000 -1.000000 0.000000 0.000000 -1.000000 0.000000 0.000000 -1.000000 0.000000 0.000000 -1.000000 0.000000 0.000000 -1.000000 0.000000 0.000000 -1.000000 0.000000 0.000000 -1.000000 0.000000 0.000000 -1.000000 0.000000 0.000000 -1.000000 -1.000000 0.000138 0.000000 -1.000000 -0.000086 -0.000000 -1.000000 -0.000095 0.000000 -1.000000 0.000285 0.000000 -1.000000 -0.000000 0.000000 -1.000000 -0.000000 0.000000 0.000000 0.000000 -1.000000 -0.000000 -0.000000 -1.000000 0.000000 0.000000 -1.000000 -0.000000 -0.000001 -1.000000 0.000000 0.000000 -1.000000 0.000000 0.000000 -1.000000 -0.000000 0.000004 -1.000000 -0.000000 0.000000 -1.000000 -0.000000 0.000000 -1.000000 -0.000000 0.000001 -1.000000 0.000000 0.000233 -1.000000 -0.000000 -0.000001 -1.000000 -1.000000 -0.000005 0.000000 -1.000000 -0.000000 -0.000000 -1.000000 0.000008 0.000000 -1.000000 -0.000000 0.000000 -1.000000 0.000016 0.000000 -1.000000 0.000001 0.000000 -0.835110 0.000000 -0.550083 
						-0.835110 -0.000008 -0.550083 -0.835110 0.000001 -0.550083 -0.835110 0.000198 -0.550083 -0.835110 -0.000000 -0.550083 -0.835111 0.000401 -0.550082 -0.835110 0.000000 -0.550083 -0.835110 -0.000004 -0.550083 -0.835110 0.000191 -0.550083 -0.835111 0.000008 -0.550082 -0.835109 0.000385 -0.550084 -0.835110 0.000025 -0.550083 -1.000000 0.000000 -0.000000 -1.000000 -0.000000 0.000000 -1.000000 0.000001 -0.000000 -1.000000 0.000000 -0.000000 -1.000000 -0.000000 -0.000000 -1.000000 0.000000 -0.000000 -1.000000 0.000284 0.000000 -1.000000 0.000000 -0.000000 -1.000000 0.000285 -0.000000 -1.000000 0.000001 -0.000000 -1.000000 -0.000000 0.000000 -1.000000 -0.000000 0.000000 -0.835110 0.000000 -0.550083 -0.835110 0.000008 -0.550083 -0.835111 -0.000000 -0.550081 -0.835110 -0.000007 -0.550083 -0.835112 0.000000 -0.550080 -0.835110 -0.000015 -0.550083 -1.000000 0.000291 0.000000 -1.000000 0.000294 0.000000 -1.000000 0.000001 -0.000000 -1.000000 0.000277 -0.000000 -1.000000 -0.000001 0.000000 -1.000000 -0.000000 0.000000 -1.000000 0.000136 -0.000000 -1.000000 0.000001 -0.000000 -1.000000 0.000227 -0.000000 -1.000000 0.000001 0.000000 -1.000000 0.000226 0.000000 -1.000000 0.000000 -0.000000 -1.000000 0.000226 0.000000 -0.835110 0.000005 -0.550083 -0.835110 -0.000005 -0.550083 -0.835110 -0.000010 -0.550083 -1.000000 0.000026 0.000000 -1.000000 0.000007 0.000000 -1.000000 0.000275 0.000000 -1.000000 -0.000000 -0.000000 -1.000000 0.000270 -0.000000 -1.000000 0.000000 -0.000000 -1.000000 -0.000003 -0.000000 -1.000000 0.000086 0.000000 -1.000000 0.000027 -0.000001 -1.000000 0.000117 0.000000 -1.000000 0.000018 0.000005 -1.000000 0.000114 -0.000000 -1.000000 0.000006 0.000005 -1.000000 0.000095 -0.000000 -1.000000 0.000005 -0.000005 -1.000000 0.000093 -0.000005 -1.000000 -0.000004 0.000008 -1.000000 0.000095 0.000012 -1.000000 0.000011 0.000013 
						-1.000000 0.000102 0.000016 -1.000000 0.000053 -0.000002 -1.000000 0.000053 0.000016 -1.000000 0.000043 0.000016 -1.000000 0.000088 -0.000005 -1.000000 0.000073 0.000012 -1.000000 0.000166 0.000016 -1.000000 0.000045 -0.000005 -1.000000 0.000058 0.000008 -1.000000 0.000045 0.000013 -1.000000 0.000045 0.000001 -1.000000 0.000051 0.000000 -1.000000 0.000051 0.000000 -1.000000 0.000045 0.000001 -1.000000 0.000051 0.000000 -1.000000 0.000043 0.000000 -1.000000 0.000051 0.000000 -1.000000 0.000051 0.000000 -1.000000 0.000051 0.000000 -1.000000 0.000051 0.000000 -1.000000 0.000051 0.000000 -1.000000 0.000051 0.000000 -1.000000 -0.000004 0.000005 -1.000000 -0.000000 0.000005 -1.000000 -0.000015 -0.000001 -1.000000 0.000038 0.000001 -1.000000 -0.000014 0.000000 -1.000000 0.000009 0.000000 0.096737 -0.995175 -0.016420 0.098832 -0.995084 -0.006266 0.086098 -0.996255 0.007953 0.074654 -0.997199 0.004494 -0.789542 -0.205947 -0.578109 -0.653393 -0.411964 -0.635109 -0.424558 -0.594205 -0.683133 0.122078 0.150620 0.981025 -0.787689 -0.222696 -0.574415 -0.786965 -0.225349 -0.574372 -0.648750 -0.429074 -0.628506 -0.650410 -0.426237 -0.628720 -0.423347 -0.606239 -0.673240 -0.421934 -0.606413 -0.673970 0.109841 0.157868 0.981332 0.109145 0.158384 0.981327 0.677150 -0.447729 0.583958 0.231781 -0.255628 0.938580 0.290828 -0.193512 0.937002 0.160384 -0.231491 0.959525 0.087931 -0.286964 0.953897 -0.851264 -0.310830 -0.422770 -0.840431 -0.371583 -0.394463 -0.878709 -0.427948 -0.211497 -0.863883 -0.466226 -0.190628 0.043184 -0.858118 -0.511633 0.044678 -0.856409 -0.514362 0.063315 -0.987940 -0.141303 0.062911 -0.987811 -0.142380 0.680357 -0.430605 0.593038 0.678426 -0.444597 0.584869 0.292408 -0.191627 0.936897 0.303389 -0.175910 0.936489 0.171077 -0.221777 0.959973 0.160665 -0.230912 0.959618 0.683562 0.386114 0.619401 
						0.814942 0.096600 0.571435 0.525956 0.513632 0.677903 0.516053 0.508100 0.689583 0.525274 0.512978 0.678927 -0.056878 -0.211844 -0.975647 -0.056143 -0.209142 -0.976272 -0.056122 0.209064 -0.976290 -0.056837 0.211691 -0.975682 -0.519704 0.507638 -0.687176 -0.511535 0.503703 -0.696143 -0.680387 0.384366 -0.623969 -0.518932 0.506898 -0.688306 -0.813246 0.096124 -0.573926 0.028919 0.205374 0.978256 0.844865 -0.368439 0.387887 0.870587 -0.456278 0.184086 0.093872 -0.861010 0.499850 0.077636 -0.987251 0.138956 -0.797374 0.074972 -0.598811 -0.896691 -0.312468 -0.313543 -0.956055 -0.270380 -0.113369 -0.956840 -0.280643 -0.075475 0.801907 0.079179 0.592179 0.679110 0.391379 0.620993 0.512274 0.511088 0.690192 0.512185 0.511128 0.690228 -0.056089 -0.208941 -0.976318 -0.056118 -0.209037 -0.976296 -0.056120 0.209044 -0.976295 -0.056090 0.208946 -0.976317 -0.506352 0.505307 -0.698765 -0.506508 0.505337 -0.698630 -0.675112 0.389074 -0.626773 -0.809622 -0.268242 -0.522072 -0.866594 -0.232898 -0.441332 -0.853858 -0.237775 -0.463022 -0.807369 -0.049138 -0.587997 -0.817076 -0.033789 -0.575538 -0.820327 -0.034055 -0.570880 -0.810318 -0.058041 -0.583109 0.684076 0.220466 0.695295 0.691058 0.232043 0.684540 0.581461 0.175256 0.794474 0.588121 0.193685 0.785238 0.824743 -0.008684 0.565441 0.818949 -0.032449 0.572948 0.855708 -0.307451 0.416217 0.885033 -0.417883 0.205159 0.902500 -0.304019 0.305067 0.069815 -0.963356 0.258980 0.078730 -0.857345 0.508686 0.073260 -0.987507 0.139510 0.069111 -0.990472 0.119115 -0.999842 0.001740 0.017663 -0.995417 0.017873 0.093944 -0.982610 0.081592 0.166794 -0.999969 0.006331 0.004773 -0.974041 0.161900 0.158217 -0.999967 0.005820 -0.005613 -0.863450 0.268589 -0.426982 -0.770303 0.452252 -0.449556 0.679112 0.204713 0.704911 0.571246 0.155929 0.805831 0.811765 -0.059752 0.580920 
						-0.999987 0.000939 -0.004891 -0.997059 -0.028048 -0.071322 -0.902934 0.307434 -0.300324 -0.894948 0.359571 -0.264153 -0.868619 0.246668 -0.429716 -0.871841 0.216713 -0.439237 -0.827587 0.002653 -0.561331 -0.830322 0.042074 -0.555693 -0.836879 0.108686 -0.536490 0.837811 0.146913 0.525823 0.693802 0.238157 0.679647 0.746824 0.249330 0.616513 0.592105 0.202429 0.780022 0.617753 0.234158 0.750700 -0.999991 0.003968 0.001195 -0.999995 0.002477 -0.002052 -0.891709 0.362492 -0.271026 -0.890965 0.369572 -0.263814 -0.866560 0.252069 -0.430738 -0.866370 0.248715 -0.433063 -0.999951 -0.009483 -0.002796 -0.999948 -0.010080 0.001675 0.890788 0.381958 0.246181 0.885341 0.378368 0.270202 0.862067 0.255958 0.437409 0.864535 0.260566 0.429749 0.691534 0.231686 0.684180 0.588342 0.193174 0.785199 0.824775 -0.008672 0.565395 -0.875531 -0.223706 -0.428253 -0.824829 -0.020233 -0.565020 -0.828436 -0.012928 -0.559935 -0.999944 -0.007312 -0.007693 -0.999950 -0.007935 -0.006130 0.886055 0.371280 0.277592 0.885844 0.371611 0.277825 0.861816 0.251174 0.440664 0.861878 0.252561 0.439750 -0.999992 0.001764 -0.003576 -0.891493 0.362812 -0.271306 -0.866293 0.247318 -0.434016 -0.875359 -0.223182 -0.428878 -0.824873 -0.020336 -0.564953 -0.828430 -0.012864 -0.559945 0.838993 0.048173 0.542006 0.827563 0.003996 0.561358 0.831043 0.032854 0.555237 0.889095 0.368939 0.270913 0.897242 0.317446 0.306895 -0.826302 -0.002312 -0.563222 -0.826147 0.000360 -0.563454 -0.826446 -0.013976 -0.562843 -0.826687 -0.014336 -0.562480 -0.826694 -0.014352 -0.562469 -0.826327 -0.013752 -0.563023 -0.823020 -0.069863 -0.563699 -0.823248 -0.069250 -0.563443 0.828079 -0.001777 0.560609 0.830175 -0.035555 0.556367 0.884201 -0.162935 0.437768 0.832267 -0.004888 0.554354 0.832280 -0.004910 0.554334 0.878307 -0.131728 0.459592 -0.823441 0.068609 -0.563239 
						-0.823250 0.069232 -0.563441 0.831173 -0.087456 0.549093 0.831241 -0.089962 0.548585 0.891750 -0.298084 0.340483 0.891326 -0.296982 0.342549 0.891302 -0.297014 0.342585 0.891723 -0.298119 0.340522 0.966996 0.245119 -0.069533 0.966641 0.246304 -0.070279 0.966010 0.256012 -0.035810 0.966368 0.254710 -0.035428 -0.829674 -0.087806 -0.551300 -0.829165 -0.082808 -0.552836 -0.883821 -0.303647 -0.355891 -0.885726 -0.304083 -0.350747 -0.885747 -0.304056 -0.350716 -0.883846 -0.303696 -0.355787 -0.951415 -0.295942 -0.085022 -0.952296 -0.293489 -0.083649 0.827851 0.000916 0.560947 0.831935 -0.004657 0.554854 0.831671 -0.003710 0.555256 0.831678 -0.003698 0.555246 0.831809 -0.004405 0.555044 -0.823017 0.069877 -0.563702 -0.823156 0.069047 -0.563602 -0.829836 -0.089971 -0.550706 -0.829837 -0.090300 -0.550651 -0.886027 -0.305394 -0.348841 -0.886617 -0.304465 -0.348155 -0.886645 -0.304428 -0.348116 -0.886058 -0.305355 -0.348797 -0.952692 -0.292436 -0.082826 -0.953062 -0.291228 -0.082815 0.831368 -0.089595 0.548452 0.831760 -0.091098 0.547609 0.893239 -0.296298 0.338130 0.892228 -0.297244 0.339963 0.892207 -0.297271 0.339996 0.893222 -0.296228 0.338236 0.967426 0.244042 -0.067310 0.967204 0.244608 -0.068434 0.966581 0.253973 -0.034910 0.966809 0.253191 -0.034287 -0.828559 -0.035976 -0.558745 -0.878659 -0.170856 -0.445832 -0.872774 -0.139908 -0.467645 -0.823438 -0.068631 -0.563240 0.830551 -0.082505 0.550797 0.889355 -0.296767 0.347817 0.889332 -0.296874 0.347786 0.965826 0.249103 -0.071614 0.965539 0.250056 -0.072154 0.964880 0.260068 -0.037021 0.965168 0.259071 -0.036498 -0.802136 0.099918 -0.588723 -0.830560 -0.095006 -0.548765 -0.888416 -0.304120 -0.343843 -0.877885 -0.188754 -0.440103 -0.877787 -0.188097 -0.440579 -0.888436 -0.303982 -0.343913 -0.953742 -0.289150 -0.082269 -0.961345 -0.242363 -0.130676 -0.988172 -0.151835 -0.021517 
						-0.285674 -0.206593 -0.935794 -0.236068 -0.162999 -0.957968 -0.688702 0.012445 -0.724938 -0.754558 0.088086 -0.650294 -0.754707 0.088387 -0.650081 -0.688761 0.012488 -0.724881 -0.964437 0.057273 -0.258034 -0.967224 0.136620 -0.214040 -0.178707 -0.000031 -0.983902 -0.675918 0.000036 -0.736977 -0.675918 0.000036 -0.736977 -0.964679 0.000045 -0.263428 -0.236134 0.163234 -0.957912 -0.688712 -0.012391 -0.724930 -0.688770 -0.012435 -0.724873 -0.964447 -0.057139 -0.258026 -0.285643 0.206517 -0.935820 -0.754625 -0.087934 -0.650237 -0.754777 -0.088229 -0.650021 -0.967206 -0.136720 -0.214055 0.384141 -0.503506 -0.773898 0.111612 -0.560118 -0.820860 -0.724457 -0.267483 0.635307 -0.608026 -0.207949 0.766199 -0.884975 -0.094520 0.455944 -0.909455 -0.115497 0.399440 0.564478 -0.000131 -0.825448 -0.564472 -0.004710 0.825439 -0.874635 -0.004325 0.484764 0.383882 0.503952 -0.773736 -0.607304 0.199606 0.768986 -0.885033 0.086517 0.457417 0.112220 0.559647 -0.821098 -0.722098 0.260147 0.641014 -0.908797 0.108310 0.402936 0.067011 -0.997449 -0.024582 0.071060 -0.997429 -0.009230 0.061130 -0.997521 -0.034859 0.034924 -0.996224 -0.079490 0.046272 -0.997887 -0.045609 -0.043661 -0.995105 -0.088659 0.010846 -0.999145 -0.039892 0.005519 -0.999130 -0.041339 -0.085297 -0.994130 -0.066552 0.071040 -0.997431 -0.009222 0.061133 -0.997521 -0.034852 0.046288 -0.997886 -0.045617 0.010847 -0.999145 -0.039894 0.005520 -0.999130 -0.041341 0.071065 -0.997429 -0.009210 0.061153 -0.997521 -0.034819 0.046306 -0.997887 -0.045575 0.010858 -0.999145 -0.039887 0.005526 -0.999130 -0.041337 0.339755 -0.018776 0.940327 0.337868 -0.009875 0.941142 0.564881 0.000488 0.825172 0.563190 -0.009895 0.826268 0.663164 -0.010146 0.748405 0.000029 1.000000 -0.000041 0.000029 1.000000 -0.000042 0.105462 -0.000001 0.994423 0.105463 -0.000001 0.994423 -0.105257 0.000000 -0.994445 
						-0.105297 0.000000 -0.994441 -0.802994 0.000000 -0.595987 -0.802995 0.000000 -0.595985 -0.802997 0.000000 -0.595983 -0.802994 0.000000 -0.595987 0.105470 0.000001 0.994422 0.105466 0.000001 0.994423 0.105469 0.000000 0.994423 0.105468 0.000000 0.994423 0.337869 -0.009874 0.941142 0.338419 -0.000860 0.940995 0.563190 -0.009895 0.826268 0.563530 -0.020218 0.825848 0.663164 -0.010148 0.748405 0.502710 0.807952 0.307402 0.768553 0.453041 0.451753 0.600837 0.790776 0.116910 0.749194 0.611266 0.255072 -0.982777 -0.087204 0.162925 -0.995409 -0.026165 0.092073 -0.820541 -0.266336 -0.505744 -0.820719 -0.266805 -0.505209 -0.708794 0.267383 -0.652776 -0.756035 0.605198 -0.249290 -0.606874 0.786898 -0.111781 -0.503235 0.807909 -0.306656 -0.969578 0.211523 -0.123191 -0.820539 0.266339 -0.505747 -0.820743 0.266776 -0.505185 0.805434 0.101755 0.583886 0.713536 0.271577 0.645842 -0.835110 -0.000000 -0.550083 -0.835111 0.000000 -0.550081 -0.835112 0.000012 -0.550080 -0.826121 -0.013253 -0.563337 -0.826120 -0.013254 -0.563339 -0.823213 -0.068766 -0.563553 -0.990036 0.000026 0.140817 0.498698 0.865718 -0.042814 0.296997 0.904978 -0.304645 0.095919 0.989596 -0.107235 -0.127365 0.173206 -0.976615 -0.067892 0.189930 -0.979447 -0.308630 0.529306 -0.790305 -0.418871 0.466008 -0.779348 -0.015106 0.559556 -0.828655 0.254920 0.572328 -0.779395 0.061550 0.891949 -0.447926 0.100201 0.930951 -0.351128 0.271745 0.739285 -0.616127 0.010685 0.995814 -0.090776 0.010603 0.998377 -0.055955 0.076187 0.972096 -0.221866 0.028113 0.996399 -0.079988 -0.026123 0.993878 -0.107353 0.053051 0.971487 -0.231083 0.225644 0.898082 -0.377537 -0.118479 0.989537 0.082340 -0.133949 0.989666 0.051167 -0.357688 0.903181 0.237327 -0.471295 0.866881 0.162474 -0.136201 0.990381 0.024407 -0.239493 0.958885 0.152257 0.000205 0.998377 0.056948 
						-0.045957 0.971178 0.233882 -0.018701 0.996226 0.084762 0.000173 0.995815 0.091395 -0.059983 0.930479 0.361401 -0.050228 0.892083 0.449072 -0.240752 0.572746 0.783582 -0.200308 0.729021 0.654527 0.019579 0.217490 0.975866 0.168281 0.606571 0.777015 0.013743 0.559728 0.828562 -0.803394 0.533962 0.263520 -0.531179 0.731455 0.427577 -0.315012 0.905320 0.284893 -0.031508 0.989595 0.140389 -0.047983 0.963385 0.263792 -0.003842 0.996838 0.079372 0.837201 0.216575 0.502185 0.521059 0.136627 0.842515 0.581240 0.213197 0.785307 0.815877 0.350761 0.459687 0.261966 -0.011194 0.965012 0.338527 0.017362 0.940796 0.607140 0.283542 0.742284 -0.112189 -0.527860 -0.841889 -0.224713 -0.571997 -0.788875 -0.077274 -0.201202 -0.976497 -0.231317 0.578479 0.782211 -0.063209 0.873389 0.482904 -0.075816 0.917093 0.391397 -0.194119 0.725119 0.660697 -0.003326 0.992810 0.119655 0.788969 0.449551 0.418846 0.526178 0.845330 0.092488 0.398262 0.876267 0.271188 0.188521 0.976181 0.107383 0.129627 -0.130498 -0.982938 0.094020 -0.152669 -0.983795 0.207467 -0.397807 -0.893704 0.321699 -0.327155 -0.888527 0.114118 -0.489940 -0.864254 0.193385 -0.798131 -0.570605 0.254259 -0.730463 -0.633858 0.106156 0.975932 0.190491 0.275057 0.875442 0.397423 0.097503 0.842411 0.529941 0.545853 0.643360 0.536779 -0.014691 0.485455 -0.874138 -0.071953 0.575005 -0.814979 -0.059375 0.395027 -0.916749 -0.050768 0.801298 -0.596108 -0.283354 0.773938 -0.566331 0.856660 -0.100379 0.506021 0.870835 -0.086139 0.483969 0.900052 -0.258432 0.350883 0.670100 -0.009649 0.742208 0.927508 0.040376 0.371617 0.917734 0.101379 0.384039 0.718115 0.008872 0.695868 0.838344 0.084905 0.538490 0.688298 -0.014533 0.725282 0.817214 -0.116045 0.564531 0.686891 -0.025296 0.726321 -0.140890 0.842654 -0.519696 -0.289972 0.874952 -0.387782 
						-0.124598 0.975962 -0.178813 0.198787 0.796599 -0.570889 0.118360 0.488945 -0.864247 0.215006 0.393369 -0.893887 0.262110 0.725962 -0.635829 0.088411 0.156121 -0.983773 0.136258 0.120374 -0.983333 0.328546 0.317406 -0.889557 -0.224698 0.970023 -0.092551 -0.182476 0.976190 -0.117285 -0.394524 0.876068 -0.277227 -0.505979 0.843551 -0.180018 -0.549977 0.643363 -0.532550 0.562303 -0.012742 0.826833 0.576744 -0.008269 0.816883 0.480224 0.009808 0.877091 0.318878 0.004957 0.947783 0.858503 0.092186 0.504455 0.865271 0.103252 0.490555 0.671066 0.002404 0.741394 0.903488 0.251955 0.346739 -0.049530 -0.801451 -0.596005 -0.014333 -0.485467 -0.874138 -0.012722 -0.581748 -0.813269 -0.157302 -0.830602 -0.534187 -0.056868 -0.394712 -0.917043 0.820274 0.106185 0.562027 0.689219 0.008385 0.724504 0.689450 0.016062 0.724156 0.014589 0.996837 -0.078119 0.083020 0.964948 -0.248964 0.041041 0.989978 -0.135126 0.014242 0.992809 -0.118856 0.113343 0.917493 -0.381262 0.076860 0.873358 -0.480977 0.207507 0.577236 -0.789772 0.269484 0.736766 -0.620124 -0.117179 0.174817 -0.977603 -0.322729 0.514163 -0.794659 -0.126464 0.524262 -0.842114 -0.147793 0.153772 -0.976991 -0.424441 0.443457 -0.789428 0.567164 0.067352 0.820846 0.680694 -0.000350 0.732568 0.346594 0.144316 0.926847 0.873107 0.000842 0.487528 0.905736 -0.074481 0.417246 0.226249 0.880213 -0.417178 -0.041336 0.021317 0.998918 -0.857107 0.503640 0.108233 -0.504472 0.857463 0.101310 -0.137807 0.985772 0.096243 -0.014646 0.428988 -0.903192 0.008127 0.235393 -0.971866 -0.262091 0.558871 -0.786748 -0.158798 0.723337 -0.671987 -0.333021 0.681189 -0.651981 -0.937851 -0.093619 -0.334171 -0.020082 0.432872 0.901232 -0.048045 0.467975 0.882435 -0.055203 0.779143 0.624410 -0.055949 0.670794 0.739530 -0.999998 -0.002154 -0.000315 -0.999998 -0.002173 -0.000317 
						0.033925 0.016959 -0.999280 0.018432 0.026263 -0.999485 0.503782 0.857329 0.105785 -0.043426 0.258626 0.965001 -0.026920 0.136314 0.990300 -0.058488 0.705984 0.705809 -0.058503 0.705977 0.705814 -0.056517 0.864685 0.499125 -0.055049 0.903392 0.425267 -0.020876 0.982739 0.183815 0.044000 0.258619 -0.964977 0.051105 0.502566 -0.863027 0.059960 0.705916 -0.705753 0.057924 0.864615 -0.499085 0.059750 0.862408 -0.502675 0.005385 0.863970 -0.503514 0.005429 0.866057 -0.499917 0.044004 0.259486 -0.964744 0.044005 0.259371 -0.964775 -0.999942 0.007627 -0.007634 -0.999942 0.007645 -0.007637 -0.999998 0.002011 -0.000260 -0.999998 0.002019 -0.000259 -0.049773 0.502602 0.863084 -0.059029 0.891989 0.448187 -0.058355 0.862480 0.502716 0.006149 0.863972 0.503502 0.197292 -0.078820 0.977171 0.219106 -0.017097 0.975551 0.401300 -0.003946 0.915938 0.423025 -0.002577 0.906114 0.935421 0.036526 0.351644 0.939379 -0.068031 0.336064 0.064277 -0.505877 0.860208 0.195742 -0.613838 0.764780 0.204681 -0.611124 0.764613 -0.974676 -0.221906 0.027662 -0.958774 -0.254794 -0.125826 -0.971450 -0.234713 -0.034557 -0.973439 -0.200613 0.110325 -0.060326 -0.874406 0.481431 0.086180 -0.872853 0.480313 0.078965 -0.718318 0.691219 -0.062365 -0.724724 0.686211 -0.044033 -0.272025 0.961282 -0.031292 -0.274563 0.961060 0.951014 0.178941 0.252096 0.916839 0.120750 0.380560 -0.236912 -0.813471 -0.531167 -0.083272 -0.873275 -0.480060 -0.075388 -0.718845 -0.691070 -0.187422 -0.680917 -0.707972 0.017232 -0.274315 -0.961485 0.032196 -0.274594 -0.961021 0.038464 -0.153185 -0.987449 0.036082 -0.138911 -0.989647 0.044009 0.259835 -0.964649 0.047180 0.067004 -0.996637 0.059212 0.125466 -0.990329 0.044009 0.259835 -0.964650 -0.999941 0.007721 -0.007707 -0.999942 0.007619 -0.007617 -0.999965 0.006995 -0.004692 -0.999970 0.006698 -0.003870 
						-0.118074 -0.115727 0.986238 -0.146630 -0.083576 0.985655 0.956846 0.244000 0.157829 0.959386 0.246473 0.137220 0.059181 -0.872608 -0.484822 0.059749 -0.838861 -0.541056 0.060961 -0.719015 -0.692315 0.061250 -0.721152 -0.690064 0.044156 -0.269386 -0.962019 0.023292 -0.140506 -0.989806 0.041493 -0.005606 -0.999123 0.038991 -0.010729 -0.999182 0.019748 -0.019972 -0.999605 0.019578 -0.019861 -0.999611 0.015638 -0.023595 -0.999599 0.014428 -0.025093 -0.999581 0.107633 -0.193047 0.975268 0.120340 -0.187501 0.974865 0.115058 0.179301 0.977043 0.102771 0.184357 0.977472 -0.008377 -0.014278 0.999863 -0.009000 -0.013288 0.999871 -0.011223 -0.011153 0.999875 -0.011416 -0.011332 0.999871 -0.034405 -0.009455 0.999363 -0.020734 -0.140162 0.989911 0.067788 0.214456 -0.974379 0.048956 0.467954 -0.882396 0.057337 0.671141 -0.739109 0.057276 0.670745 -0.739474 -0.147858 -0.077875 0.985938 0.895161 -0.211116 0.392578 0.914371 -0.128435 0.383967 0.244093 -0.810729 0.532106 0.262174 -0.861052 0.435722 0.219562 -0.750370 0.623489 0.194684 -0.678583 0.708254 -0.015393 -0.274154 0.961562 -0.011620 -0.320104 0.947311 -0.034992 -0.138864 0.989693 0.218934 0.009046 0.975698 0.945059 -0.037505 0.324740 0.897686 0.203346 0.390910 0.811770 0.302791 0.499347 0.939752 0.070753 0.334456 -0.054423 -0.483474 -0.873666 0.013845 -0.319458 -0.947499 0.035329 -0.161198 -0.986289 0.015143 -0.276927 -0.960771 0.041531 -0.005475 -0.999122 0.051797 0.093986 -0.994225 0.059111 0.125168 -0.990373 0.039148 -0.010505 -0.999178 0.020192 -0.020199 -0.999592 0.020250 -0.020261 -0.999590 0.012965 -0.027529 -0.999537 0.014781 -0.025600 -0.999563 -0.147319 -0.076453 0.986130 0.041587 -0.005482 -0.999120 0.039268 -0.010536 -0.999173 0.020193 -0.020208 -0.999592 0.014780 -0.025611 -0.999563 0.110803 -0.192329 0.975055 -0.111629 -0.193762 -0.974677 
						-0.111734 -0.193829 -0.974652 -0.008667 -0.015009 0.999850 -0.008671 -0.014997 0.999850 -0.011840 -0.011830 0.999860 -0.011840 -0.011841 0.999860 -0.034664 -0.009300 0.999356 -0.034662 -0.009300 0.999356 -0.111505 -0.193668 -0.974710 -0.008602 -0.014883 0.999852 -0.011749 -0.011744 0.999862 -0.034777 -0.009337 0.999351 0.041525 -0.005505 -0.999122 0.039116 -0.010556 -0.999179 0.020185 -0.020250 -0.999591 0.020086 -0.020175 -0.999595 0.014691 -0.025516 -0.999566 0.016177 -0.024225 -0.999576 -0.998679 0.021197 0.046803 -0.999992 -0.003506 -0.002051 -0.999992 -0.003696 -0.001767 -0.995872 -0.019736 0.088595 -0.988114 -0.014291 0.153058 -0.999998 -0.001936 -0.000267 -0.007570 -0.016054 0.999842 -0.011828 -0.011825 0.999860 -0.056546 0.125652 0.990462 -0.043442 0.259636 0.964729 -0.058564 0.707482 0.704301 -0.058562 0.707359 0.704424 -0.055112 0.903871 0.424241 -0.056577 0.865464 0.497767 -0.043446 0.259794 0.964686 -0.043450 0.259933 0.964649 -0.058622 0.707867 0.703909 -0.058609 0.707666 0.704112 -0.056621 0.865578 0.497564 -0.056639 0.865681 0.497381 -0.999992 -0.003503 -0.002023 -0.999991 -0.003593 -0.002088 0.041554 -0.005579 -0.999121 0.039150 -0.010705 -0.999176 0.019852 -0.020041 -0.999602 0.014506 -0.025235 -0.999576 0.109210 -0.194163 0.974871 0.104302 0.185458 0.977101 -0.008392 -0.014391 0.999861 -0.011449 -0.011405 0.999869 -0.034440 -0.009408 0.999362 0.237151 0.166176 0.957155 0.117972 0.204537 0.971724 0.162346 0.148306 0.975525 0.019353 0.118589 -0.992755 0.037566 0.022227 -0.999047 0.040249 0.010789 -0.999131 -0.764069 -0.085902 -0.639390 -0.010065 0.235668 0.971781 0.623883 0.264383 0.735440 0.634386 0.284922 0.718591 0.736764 0.249263 0.628527 0.758400 0.296754 0.580316 0.823402 0.157123 0.545272 0.823184 0.155911 0.545948 0.060614 0.891965 -0.448023 -0.010001 0.999852 -0.013995 
						-0.008521 0.999855 -0.014759 -0.068012 0.996966 -0.037861 -0.052978 0.997189 -0.052979 0.005047 0.999986 0.001352 0.004262 0.999982 0.004281 -0.008521 0.999855 -0.014759 -0.052978 0.997189 -0.052979 0.005107 0.999986 0.001368 -0.008505 0.999855 -0.014730 -0.052978 0.997189 -0.052979 0.005106 0.999986 0.001368 -0.007161 0.999855 -0.015482 -0.065818 0.997023 -0.040163 0.005095 0.999986 0.001175 0.373065 -0.003996 0.927797 0.853335 -0.003737 0.521350 0.832085 -0.004211 0.554632 0.927785 -0.004615 0.373086 0.937319 -0.003675 0.348453 0.366875 -0.004212 0.930260 0.827135 -0.004039 0.561989 0.925490 -0.004422 0.378746 0.373069 -0.004400 0.927793 0.832089 -0.003879 0.554629 0.927788 -0.004254 0.373084 0.401312 -0.004906 0.915928 0.853338 -0.003424 0.521347 0.937317 -0.004050 0.348453 0.096449 -0.109744 -0.989269 -0.009586 -0.014185 0.999853 -0.011878 -0.011894 0.999859 -0.065472 0.214751 0.974472 0.020229 -0.020256 -0.999590 0.016323 -0.024156 -0.999575 -0.999990 0.004249 -0.001250 -0.999990 0.004246 -0.001247 -0.998707 0.022538 0.045557 0.909656 -0.135680 0.392577 0.935194 -0.042977 0.351519 0.996783 -0.007169 0.079831 0.996793 -0.005699 0.079821 0.581017 0.198165 0.789398 0.673149 0.195054 0.713319 0.308601 -0.146429 0.939853 0.229048 -0.229150 0.946059 0.114443 -0.198300 0.973437 0.219338 -0.140814 0.965434 0.141199 -0.036115 0.989322 0.148329 -0.034024 0.988353 0.025255 0.136101 -0.990373 0.059965 0.705922 -0.705747 0.056436 0.903322 -0.425234 0.168445 0.160440 0.972566 0.118060 0.204567 0.971707 0.016358 0.028336 -0.999465 0.022348 0.022351 -0.999500 0.040132 0.010756 -0.999137 -0.044014 0.011797 0.998961 0.229027 -0.229109 0.946074 0.114459 -0.198311 0.973433 0.005530 0.904751 -0.425906 0.022275 0.981941 -0.187873 0.014315 0.030406 -0.999435 0.022363 0.022366 -0.999500 
						0.155586 0.150398 0.976306 -0.245868 0.461778 -0.852238 -0.319131 0.601011 -0.732762 0.012067 0.211647 -0.977272 0.229062 -0.229133 0.946059 0.083068 -0.176471 0.980794 0.155921 -0.018882 0.987589 -0.013971 0.211918 0.977187 0.823408 0.157055 0.545283 0.749634 0.083549 0.656558 0.673925 0.185662 0.715091 0.736812 0.249154 0.628514 0.755621 0.086436 0.649281 -0.939587 -0.092321 -0.329627 -0.873708 -0.134011 -0.467627 -0.371998 0.653928 -0.658783 -0.161416 0.756659 -0.633571 -0.095188 0.482144 -0.870906 -0.304304 0.535194 -0.788014 -0.034892 0.229465 -0.972691 -0.995868 0.022364 0.088015 -0.999991 0.004155 -0.001232 -0.999991 0.004181 -0.001242 -0.000002 -0.671926 -0.740618 -0.000019 -0.801207 -0.598387 -0.017589 -0.495125 -0.868644 0.000005 -0.468498 -0.883465 0.006141 -0.002913 -0.999977 0.210124 -0.134987 0.968311 0.094516 -0.134087 0.986452 0.025569 0.946971 -0.320300 0.006708 0.831385 -0.555657 0.006429 0.866386 -0.499334 -0.000014 -0.831403 -0.555669 -0.000004 -0.866403 -0.499345 0.000002 -0.707817 -0.706395 -0.000008 -0.707726 -0.706487 -0.014839 -0.131049 -0.991265 0.000013 -0.259316 -0.965793 0.032526 0.859790 -0.509610 0.007688 0.707797 -0.706374 0.071233 0.502162 -0.861835 -0.038054 0.496832 -0.867012 0.000014 0.259316 -0.965793 -0.999970 0.006667 -0.003826 -0.999970 0.006657 -0.003825 -0.999942 0.007663 -0.007631 -0.999942 0.007658 -0.007623 0.000016 0.259376 -0.965776 0.000014 0.259436 -0.965760 -0.004540 0.859660 0.510846 -0.066428 -0.856303 -0.512184 -0.129138 -0.856246 -0.500166 -0.036214 -0.496972 -0.867010 0.024800 -0.036846 -0.999013 0.032310 -0.032104 -0.998962 0.562421 0.826288 0.030491 0.034936 0.527725 -0.848697 0.062258 0.817210 -0.572968 -0.058353 0.821094 -0.567803 -0.049014 0.336996 -0.940230 0.850599 -0.216739 0.479067 0.852780 -0.218383 0.474421 0.927778 -0.043908 0.370540 
						0.912652 0.115624 0.392043 -0.014663 0.266624 -0.963689 0.000024 0.265946 -0.963988 0.000112 0.717353 -0.696710 -0.114927 0.705450 -0.699380 -0.158422 0.842771 -0.514431 0.000132 0.871423 -0.490532 -0.972179 -0.204082 0.114970 -0.970633 -0.239156 -0.026014 -0.956729 -0.261900 -0.126798 -0.973525 -0.226726 0.029053 -0.000020 -0.529020 -0.848609 0.033595 -0.527811 -0.848697 -0.000048 -0.817612 -0.575770 0.060908 -0.817320 -0.572956 0.906699 0.371598 0.199532 0.903824 0.349840 0.246402 -0.000016 0.529020 -0.848609 -0.000015 0.528602 -0.848870 -0.000039 0.817612 -0.575770 -0.000041 0.817330 -0.576170 -0.028389 0.817000 -0.575938 -0.028389 0.817281 -0.575539 0.903652 0.350020 0.246777 -0.000015 -0.817330 -0.576170 -0.000003 -0.528602 -0.848870 -0.013760 -0.266670 -0.963690 -0.025393 -0.266772 -0.963425 -0.234484 -0.660121 -0.713623 -0.111208 -0.706044 -0.699381 -0.154108 -0.843691 -0.514233 -0.281293 -0.792990 -0.540408 0.916544 0.122684 0.380651 0.946742 0.181990 0.265630 -0.059137 -0.167248 0.984140 0.113017 -0.196669 0.973934 0.094785 -0.201999 0.974788 -0.999941 0.007731 -0.007674 -0.999940 0.007752 -0.007707 0.000015 0.259663 -0.965699 0.017183 0.130988 -0.991235 -0.018156 -0.134225 -0.990784 0.000027 -0.264342 -0.964429 0.000160 -0.715089 -0.699034 0.000445 -0.713761 -0.700389 0.000570 -0.906568 -0.422060 0.000197 -0.870248 -0.492614 0.957734 0.250413 0.141557 0.958472 0.258646 0.120141 0.091400 -0.198086 0.975914 0.110089 -0.194162 0.974773 -0.000614 0.000618 -1.000000 -0.000600 0.000711 -0.999999 -0.000847 0.000479 -1.000000 -0.000783 0.000455 -1.000000 -0.000380 0.000028 -1.000000 -0.020363 0.133925 -0.990782 -0.004628 -0.001193 -0.999989 -0.009214 -0.009086 -0.999916 -0.009234 -0.009095 -0.999916 -0.005932 -0.012300 -0.999907 -0.006762 -0.011485 -0.999911 0.105367 0.185812 0.976920 0.087352 0.189286 0.978029 
						-0.061647 -0.163169 0.984670 0.110985 -0.192430 0.975015 0.091347 -0.197987 0.975939 -0.000000 0.671947 -0.740599 -0.000013 0.672253 -0.740321 0.024448 0.463189 -0.885922 0.000003 0.468509 -0.883458 -0.030346 0.290995 -0.956243 -0.027081 0.266611 -0.963424 -0.241908 0.657465 -0.713596 -0.251678 0.679693 -0.688967 -0.299095 0.813190 -0.499264 -0.288732 0.789803 -0.541152 0.913967 -0.130585 0.384204 0.910292 -0.124120 0.394920 -0.028222 -0.290257 -0.956533 -0.045579 -0.335887 -0.940799 0.851935 0.212813 0.478454 0.806332 0.266943 0.527797 0.825070 0.326325 0.461271 0.853159 0.216333 0.474678 0.717143 -0.021956 0.696580 -0.000465 0.000780 -1.000000 -0.000518 0.000749 -1.000000 -0.000644 0.000624 -1.000000 -0.000633 0.000613 -1.000000 -0.000244 0.000061 -1.000000 0.017063 0.130793 -0.991263 -0.000460 0.000785 -1.000000 -0.000627 0.000618 -1.000000 -0.000244 0.000063 -1.000000 -0.002322 -0.000305 -0.999997 -0.002322 -0.000304 -0.999997 -0.004500 -0.001203 -0.999989 -0.004500 -0.001205 -0.999989 -0.009074 -0.009075 -0.999918 -0.009077 -0.009070 -0.999918 -0.006645 -0.011497 -0.999912 -0.006642 -0.011504 -0.999912 -0.111695 -0.193697 -0.974682 -0.002322 -0.000304 -0.999997 -0.004501 -0.001204 -0.999989 -0.009074 -0.009069 -0.999918 -0.006643 -0.011495 -0.999912 -0.111698 -0.193773 -0.974667 0.005645 -0.001469 -0.999983 0.222942 -0.136419 0.965239 0.099889 -0.141176 0.984932 0.001037 -0.000342 -0.999999 0.000261 0.000988 -0.999999 0.165741 0.235608 0.957611 -0.000437 0.000833 -1.000000 -0.000484 0.000758 -1.000000 -0.000651 0.000592 -1.000000 -0.000665 0.000605 -1.000000 -0.000247 0.000053 -1.000000 0.014932 -0.131157 -0.991249 -0.009074 -0.009071 -0.999918 -0.007277 -0.010863 -0.999915 -0.126564 -0.189440 -0.973701 -0.021300 -0.217960 -0.975725 0.000029 -0.866582 -0.499034 0.000042 -0.831646 -0.555306 0.000041 -0.708080 -0.706132 
						0.000031 -0.708138 -0.706075 0.000028 -0.259542 -0.965732 -0.999991 -0.003605 -0.002062 -0.999992 -0.003513 -0.002015 0.000026 -0.866721 -0.498793 0.000042 -0.866652 -0.498913 0.000037 -0.708289 -0.705922 0.000025 -0.708421 -0.705790 0.000015 -0.259715 -0.965685 0.000008 -0.259625 -0.965709 0.000576 0.000372 -1.000000 0.000506 0.000730 -1.000000 0.163224 0.236729 0.957767 0.121883 0.254819 0.959277 0.111012 -0.194969 0.974507 -0.000565 0.000673 -1.000000 -0.000730 0.000508 -1.000000 -0.000255 0.000020 -1.000000 -0.004623 -0.001211 -0.999989 -0.009126 -0.009056 -0.999917 -0.006690 -0.011448 -0.999912 0.106396 0.186848 0.976610 0.022608 0.038265 -0.999012 0.094414 -0.263675 0.959980 0.182555 -0.169425 0.968488 0.058281 -0.163680 0.984790 -0.062534 -0.230330 0.971101 -0.028014 0.048368 -0.998437 0.000626 0.000620 -1.000000 0.000459 0.000787 -1.000000 -0.086533 0.094514 -0.991756 -0.030326 0.127369 -0.991392 -0.154496 0.385945 -0.909493 0.000363 0.000096 -1.000000 0.824131 0.156289 0.544409 0.799892 0.265996 0.537977 0.634320 0.284578 0.718786 0.639235 0.290738 0.711934 -0.032292 -0.229864 -0.972687 0.002818 0.525228 -0.850957 -0.010395 0.808343 -0.588620 0.907456 -0.325121 0.266119 0.908070 0.324036 0.265349 -0.013352 -0.808269 -0.588662 0.000694 -0.525247 -0.850949 0.039023 0.821278 0.569192 0.005420 0.866391 0.499338 -0.007914 0.999954 0.005322 0.027641 0.997937 0.057949 0.002556 0.999989 -0.003996 0.055649 0.997998 0.030050 -0.007939 0.999954 0.005337 0.002570 0.999989 -0.004022 -0.007916 0.999954 0.005319 0.002553 0.999989 -0.003998 -0.043406 0.997932 -0.047413 -0.050552 0.997997 -0.038027 0.017565 0.998816 -0.045364 0.004669 0.999986 0.002676 0.861725 0.109853 0.495341 0.858873 0.070063 0.507374 0.503740 0.100006 0.858047 0.704301 0.113664 0.700743 0.258500 0.108470 0.959902 
						0.004723 0.999985 0.002715 0.861690 0.109839 0.495404 0.704233 0.113648 0.700813 0.258454 0.108464 0.959915 0.004721 0.999985 0.002722 0.861723 0.109860 0.495342 0.704299 0.113666 0.700744 0.258500 0.108470 0.959902 -0.008138 0.998667 0.050968 0.845974 0.149131 0.511945 0.488646 0.113090 0.865122 0.891355 -0.004236 0.453286 0.880742 -0.054127 0.470493 0.756304 -0.003944 0.654209 0.295896 -0.004394 0.955210 0.890380 -0.004290 0.455198 0.754372 -0.003976 0.656435 0.294275 -0.004311 0.955711 0.891354 -0.004350 0.453287 0.756302 -0.004015 0.654210 0.295895 -0.004229 0.955211 0.881725 0.044232 0.469686 0.007049 -0.087772 -0.996116 0.023663 -0.463223 -0.885926 -0.009069 -0.009079 -0.999918 -0.005729 -0.012416 -0.999906 -0.999991 -0.004171 -0.001238 -0.999991 -0.004131 -0.001228 -0.000392 0.000848 -1.000000 -0.000620 0.000620 -1.000000 0.114350 -0.198257 0.973457 0.218921 -0.133368 0.966585 -0.072462 -0.416115 -0.906420 -0.026383 -0.128309 -0.991383 -0.011309 -0.058253 -0.998238 0.004621 -0.001238 -0.999988 -0.028311 0.807785 -0.588797 0.117897 0.204454 0.971750 0.133686 0.199987 0.970636 0.126343 0.218003 0.967736 0.007676 0.707706 -0.706465 -0.017091 0.130747 -0.991268 0.000363 0.000095 -1.000000 0.000629 0.000616 -1.000000 0.000463 0.000783 -1.000000 0.228814 -0.229124 0.946122 0.228862 -0.229118 0.946112 0.004504 -0.001206 -0.999989 0.000636 0.000622 -1.000000 0.000512 0.000747 -1.000000 -0.365270 0.567122 -0.738208 -0.807582 -0.163862 -0.566534 -0.014016 0.946999 0.320932 0.005347 0.831391 0.555662 0.228757 -0.229096 0.946142 0.323127 -0.130704 0.937286 0.566348 0.175833 0.805191 0.041521 -0.005522 -0.999122 0.039100 -0.010587 -0.999179 0.020015 -0.020185 -0.999596 0.014629 -0.025506 -0.999568 0.112543 -0.196564 0.974011 0.112057 -0.196181 0.974144 -0.990424 -0.028589 0.135063 
						-0.999998 -0.001935 -0.000264 -0.009296 -0.013907 0.999860 -0.008524 -0.014823 0.999854 -0.011657 -0.011728 0.999863 -0.011602 -0.011630 0.999865 -0.056818 0.126035 0.990397 -0.034742 -0.009406 0.999352 0.003887 -0.006942 -0.999968 0.225129 -0.131758 0.965379 0.100583 -0.139505 0.985100 0.001387 -0.001101 -0.999998 0.000867 0.000379 -1.000000 0.167952 0.236783 0.956936 0.112832 -0.196690 0.973952 -0.000474 0.000766 -1.000000 -0.000641 0.000601 -1.000000 -0.000245 0.000057 -1.000000 -0.004618 -0.001237 -0.999989 0.015028 -0.131437 -0.991211 -0.009148 -0.009147 -0.999916 -0.009035 -0.009060 -0.999918 -0.006610 -0.011464 -0.999912 -0.005857 -0.012408 -0.999906 0.041512 -0.005532 -0.999123 0.039074 -0.010599 -0.999180 0.020018 -0.020012 -0.999599 0.014652 -0.025260 -0.999573 0.110178 -0.194868 0.974622 0.105348 0.186352 0.976819 -0.008614 -0.014612 0.999856 -0.011728 -0.011549 0.999864 -0.034476 -0.009341 0.999362 -0.001539 0.003625 -0.999992 -0.000300 0.001563 -0.999999 0.165435 0.235596 0.957667 0.111796 -0.195566 0.974297 -0.000648 0.000756 -1.000000 -0.000840 0.000574 -0.999999 -0.000258 0.000011 -1.000000 -0.004628 -0.001198 -0.999989 -0.009268 -0.009118 -0.999915 -0.006807 -0.011551 -0.999910 0.107139 0.187405 0.976422 0.005791 -0.003758 -0.999976 0.208923 -0.135694 0.968472 0.093194 -0.135164 0.986431 -0.973211 -0.227833 0.030876 -0.973958 -0.224961 0.028261 -0.972698 -0.202983 0.112503 -0.970895 -0.201473 0.129505 -0.059679 -0.838865 0.541059 -0.059855 -0.872573 0.484802 -0.061932 -0.721122 0.690035 -0.061037 -0.719012 0.692312 -0.043985 -0.269388 0.962027 0.044007 0.259683 -0.964691 0.044007 0.259683 -0.964691 -0.999941 0.007705 -0.007680 -0.999970 0.006680 -0.003849 0.960147 0.244782 0.134903 0.059802 -0.874433 -0.481446 0.061813 -0.724750 -0.686233 0.044207 -0.272023 -0.961275 -0.043445 0.260259 0.964561 
						-0.058707 0.708577 0.703187 -0.058631 0.708343 0.703429 -0.056639 0.865930 0.496949 -0.057599 0.831494 0.552540 0.018397 0.211436 0.977219 0.107058 0.187429 0.976427 0.121777 0.183761 0.975399 0.000041 0.264342 -0.964429 0.000173 0.713761 -0.700389 0.000271 0.715089 -0.699034 0.000329 0.870248 -0.492614 0.000235 0.906568 -0.422060 -0.972125 -0.212450 0.099186 -0.971685 -0.205537 0.116542 -0.973074 -0.228596 0.029510 -0.972479 -0.231365 0.027459 -0.999970 0.006684 -0.003844 -0.999941 0.007697 -0.007667 0.000016 0.259564 -0.965726 0.000024 -0.265946 -0.963988 0.000110 -0.717352 -0.696711 0.000131 -0.871423 -0.490532 0.958219 0.249295 0.140242 0.090611 0.193334 0.976940 0.107812 0.187937 0.976246 -0.061460 0.156134 0.985822 0.000066 -0.905333 -0.424702 0.000036 -0.866878 -0.498520 0.000034 -0.708723 -0.705487 0.000055 -0.708870 -0.705339 0.000018 -0.259925 -0.965629 0.004328 -0.007348 -0.999964 0.213391 -0.130957 0.968150 0.094819 -0.134159 0.986413 0.041519 -0.005516 -0.999122 0.039092 -0.010573 -0.999180 0.020063 -0.020062 -0.999597 0.014687 -0.025347 -0.999571 0.111247 -0.195711 0.974331 0.106261 0.186959 0.976604 -0.008612 -0.014683 0.999855 -0.011736 -0.011603 0.999864 -0.034494 -0.009322 0.999361 -0.001455 0.003711 -0.999992 -0.000330 0.001524 -0.999999 0.169240 0.236123 0.956872 0.112473 -0.196252 0.974082 -0.000555 0.000685 -1.000000 -0.000726 0.000526 -1.000000 -0.000254 0.000024 -1.000000 -0.004512 -0.001177 -0.999989 -0.009180 -0.009066 -0.999917 -0.006739 -0.011492 -0.999911 0.107501 0.187563 0.976352 0.092314 0.237407 -0.967014 0.154755 0.289133 -0.944697 -0.000190 0.158724 -0.987323 -0.952300 0.201148 0.229489 -0.923958 -0.013231 0.382265 -0.380774 0.050728 0.923276 -0.923880 0.000022 0.382681 -0.382673 -0.008687 0.923843 0.127565 -0.192039 0.973061 0.021874 -0.220886 0.975054 
						-0.952271 -0.201028 0.229713 -0.998679 -0.021054 0.046881 -0.141742 0.304006 0.942067 -0.087555 0.259162 0.961857 0.006955 0.178605 0.983896 -0.379855 -0.068433 0.922511 -0.923959 0.013310 0.382260 -0.923880 0.000043 0.382681 -0.382671 -0.008696 0.923844 -0.999992 -0.003270 -0.002220 -0.999992 -0.003500 -0.002036 0.380385 0.058015 -0.923007 0.060063 -0.162818 -0.984826 -0.923956 0.013149 0.382273 -0.952318 -0.201643 0.228978 0.140345 -0.304377 -0.942156 0.086979 -0.260090 -0.961659 -0.007692 -0.179165 -0.983789 -0.923886 0.000044 0.382668 0.382667 -0.001460 -0.923885 -0.093301 -0.198706 -0.975608 -0.988113 0.014365 0.153057 -0.923956 -0.013033 0.382276 -0.995870 0.019773 0.088610 -0.380282 0.060411 0.922896 -0.060365 -0.161291 0.985059 -0.091875 -0.238126 0.966879 -0.153649 -0.289407 0.944794 0.000746 -0.159174 0.987250 -0.952322 0.201574 0.229022 -0.990424 0.028688 0.135049 -0.998680 0.021231 0.046765 -0.382672 0.001459 0.923883 -0.923885 -0.000000 0.382671 0.092701 -0.197309 0.975949 0.016018 0.999543 -0.025617 0.382978 0.011543 0.923685 0.104625 -0.064328 0.992429 0.377693 0.104747 0.919987 -0.006821 0.999544 0.029428 0.400807 -0.026219 0.915787 -0.225472 0.796634 0.560835 0.237214 0.796626 -0.555982 0.442482 0.088786 0.892372 0.380528 0.106169 0.918655 0.004686 0.999987 0.001941 0.382673 0.009542 0.923835 0.004660 0.999987 0.001930 0.027557 0.095479 -0.995050 -0.123370 0.226046 -0.966273 -0.169716 0.275367 -0.946240 -0.173204 0.281680 -0.943746 0.234461 0.166623 0.957739 0.501339 0.080115 0.861534 0.495088 0.094191 0.863722 0.762331 -0.013685 0.647043 0.769288 0.048983 0.637022 0.492756 0.095026 0.864963 0.505000 0.078839 0.859511 0.762731 0.047184 0.644992 0.756188 -0.011249 0.654258 -0.198267 0.252993 -0.946934 -0.029628 0.095815 0.994958 -0.071516 -0.253777 -0.964615 
						0.460338 0.030553 0.887218 0.455555 0.024525 0.889870 0.482930 0.016140 0.875510 0.476733 0.020658 0.878805 0.480386 0.021889 0.876784 0.481134 0.015560 0.876509 0.454211 0.022810 0.890602 0.455549 0.024512 0.889873 -0.990430 -0.030611 0.134577 -0.953637 -0.203120 0.222079 -0.998708 -0.022456 0.045586 -0.137720 0.302722 0.943076 -0.137720 0.302722 0.943076 -0.137720 0.302722 0.943076 0.150919 0.288173 -0.945611 0.150919 0.288173 -0.945611 0.150919 0.288173 -0.945611 -0.953640 0.202843 0.222319 0.381043 0.049418 -0.923236 -0.923906 0.008217 0.382531 -0.988137 -0.016440 0.152691 -0.995868 -0.022360 0.088016 -0.923908 -0.008041 0.382530 -0.380916 0.052084 0.923141 0.382694 -0.001458 -0.923874 -0.923880 -0.000000 0.382681 -0.382681 0.001458 0.923879 -0.923883 0.000022 0.382676 -0.055929 -0.209027 -0.976309 -0.127845 -0.189210 -0.973579 0.234348 0.084502 0.968473 0.196407 0.070519 0.977983 0.616388 0.023923 0.787079 0.543374 0.101665 0.833312 0.619197 -0.029599 0.784677 0.546609 -0.106779 0.830552 0.235643 -0.093250 0.967355 0.630075 -0.012034 0.776441 0.628448 0.000221 0.777852 0.423039 -0.004185 0.906102 0.004938 0.072825 -0.997332 0.018000 0.071687 -0.997265 0.007844 -0.072575 -0.997332 0.005936 -0.072740 -0.997333 0.002081 0.016547 -0.999861 0.001580 0.016571 -0.999861 0.000039 -0.016652 -0.999861 0.000007 -0.016653 -0.999861 0.000071 0.000000 -1.000000 0.000035 0.000000 -1.000000 0.000024 0.000000 -1.000000 0.000023 0.000000 -1.000000 0.000093 0.000000 -1.000000 0.000008 -0.000001 -1.000000 -0.000043 -0.000003 -1.000000 -0.000677 -0.000003 -1.000000 0.000028 0.000003 -1.000000 0.000026 0.000003 -1.000000 -0.003143 -0.044612 -0.998999 -0.010709 -0.111111 -0.993750 -0.012626 0.110890 -0.993753 -0.005121 0.044374 -0.999002 -0.011905 -0.103889 -0.994518 -0.002469 -0.038563 -0.999253 
						-0.004406 0.038324 -0.999256 -0.014069 0.103590 -0.994521 -1.000000 0.000000 -0.000104 -1.000000 -0.000000 -0.000181 1.000000 -0.000000 0.000005 1.000000 -0.000000 0.000064 -1.000000 -0.000000 -0.000143 -1.000000 -0.000000 -0.000149 1.000000 -0.000000 0.000014 1.000000 -0.000000 0.000042 -0.375107 -0.091050 -0.922499 -0.375107 -0.091050 -0.922499 -0.639134 -0.094085 -0.763319 -0.639132 -0.094102 -0.763318 -0.810021 -0.098597 -0.578052 -0.810019 -0.098631 -0.578050 0.353862 0.096131 0.930344 0.353862 0.096134 0.930344 0.630332 0.098981 0.769990 0.630334 0.098951 0.769992 0.808071 0.103787 0.579870 0.808071 0.103787 0.579870 0.499998 -0.000389 0.866026 0.499998 -0.000389 0.866026 0.707103 -0.000383 0.707110 0.707103 -0.000383 0.707110 0.965927 -0.000463 0.258814 0.965927 -0.000520 0.258814 -0.518614 -0.091467 -0.850102 -0.518614 -0.091467 -0.850102 -0.866954 -0.094000 -0.489443 -0.866954 -0.094000 -0.489443 -0.870810 0.000000 -0.491620 -0.870810 0.000000 -0.491620 -0.965927 -0.000000 0.258814 -0.965927 -0.000000 0.258814 -0.707106 -0.000000 0.707107 -0.707106 -0.000000 0.707107 -0.707106 -0.000000 0.707107 -0.707106 -0.000000 0.707107 -0.258817 -0.000771 0.965926 -0.258817 -0.000688 0.965926 -0.258817 -0.000771 0.965926 -0.258817 -0.000771 0.965926 -0.707106 -0.000000 0.707107 -0.707106 -0.000000 0.707107 -0.707106 -0.000000 0.707107 -0.707106 -0.000000 0.707107 -0.965927 -0.000000 0.258814 -0.965927 -0.000000 0.258814 -0.991445 -0.000000 0.130523 -0.991445 -0.000000 0.130523 -0.020011 0.999796 0.002635 -0.020011 0.999796 0.002635 -0.010257 0.999930 0.005922 -0.010257 0.999930 0.005922 -0.002028 0.999996 0.002028 -0.002028 0.999996 0.002028 0.003912 0.999886 -0.014599 0.003912 0.999886 -0.014599 0.001990 0.999884 -0.015114 0.001990 0.999884 -0.015114 0.499998 -0.000389 0.866026 0.499998 -0.000389 0.866026 
						0.707103 -0.000383 0.707110 0.707103 -0.000383 0.707110 0.965927 -0.000463 0.258814 0.965927 -0.000520 0.258814 0.991445 -0.000595 0.130523 0.991445 -0.000566 0.130523 -0.020011 0.999796 0.002635 -0.020011 0.999796 0.002635 -0.010257 0.999930 0.005922 -0.010257 0.999930 0.005922 -0.002028 0.999996 0.002028 -0.002028 0.999996 0.002028 0.003896 0.999887 -0.014542 0.003910 0.999886 -0.014591 0.001990 0.999884 -0.015114 0.001983 0.999885 -0.015063 0.808076 0.103729 0.579873 0.808070 0.103798 0.579869 0.630333 0.098963 0.769991 0.630333 0.098959 0.769992 0.353862 0.096134 0.930344 0.353862 0.096131 0.930344 -0.810021 -0.098597 -0.578052 -0.810019 -0.098631 -0.578050 -0.639132 -0.094102 -0.763318 -0.639134 -0.094085 -0.763319 -0.375107 -0.091035 -0.922500 -0.375107 -0.091050 -0.922499 -0.870810 0.000000 -0.491620 -0.870810 0.000000 -0.491620 -0.866954 -0.094000 -0.489443 -0.866954 -0.094000 -0.489443 -0.518614 -0.091467 -0.850102 -0.518614 -0.091467 -0.850102 -0.129804 0.104955 0.985969 -0.129804 0.104955 0.985969 0.042533 0.000000 -0.999095 0.042533 0.000000 -0.999095 0.000000 -0.117802 -0.993037 0.000000 -0.117801 -0.993037 0.042533 0.000000 -0.999095 0.000000 -0.117802 -0.993037 0.000000 -0.117802 -0.993037 -1.000000 -0.000000 0.000000 -1.000000 -0.000000 0.000000 0.042510 0.000000 -0.999096 0.042530 0.000000 -0.999095 -0.039250 -0.005258 0.999216 -0.038507 -0.006255 0.999239 0.042513 0.000000 -0.999096 0.042531 -0.000000 -0.999095 0.042533 0.000000 -0.999095 0.042520 0.000000 -0.999096 -0.005264 0.999635 0.026500 0.000001 0.999618 0.027634 -0.997883 0.000014 -0.065029 -0.997883 0.000009 -0.065029 -0.999882 -0.010739 -0.010993 -0.999365 -0.022181 -0.027891 0.041269 -0.006665 -0.999126 0.041589 -0.005545 -0.999119 0.000000 -0.000000 -1.000000 0.000000 -0.000000 -1.000000 -0.013925 -0.105754 -0.994295 
						-0.014554 -0.108243 -0.994018 -0.958230 0.000015 -0.285998 -0.957594 0.000015 -0.288120 -0.957594 0.000015 -0.288120 -0.958230 0.000015 -0.285998 -0.989245 0.000000 -0.146269 -0.988784 -0.044282 -0.142637 -0.989752 -0.040487 -0.136940 -0.989092 -0.013720 -0.146657 0.000002 -0.993356 -0.115085 0.000004 -0.993357 -0.115074 0.199342 -0.973389 -0.113034 0.138735 -0.984756 -0.104924 -0.985714 0.053265 0.159782 -0.995368 0.053093 0.080150 -0.993638 0.076975 0.082204 -0.984906 0.084921 0.150829 0.996773 -0.001388 -0.080263 0.999999 -0.001392 -0.000000 0.999556 0.029789 0.000779 0.996336 0.031408 -0.079555 -0.005906 0.993029 0.117723 -0.000000 0.992979 0.118292 -0.000000 0.992979 0.118292 -0.005527 0.992977 0.118177 -0.006193 -0.953983 -0.299795 0.001336 -0.959898 -0.280345 -0.001395 -0.966382 -0.257106 -0.010173 -0.963812 -0.266389 -1.000000 0.000006 0.000000 -1.000000 0.000008 0.000000 -1.000000 0.000008 0.000000 -1.000000 0.000006 0.000000 0.000000 0.992980 0.118286 0.000000 0.992980 0.118286 -1.000000 0.000003 0.000000 -1.000000 0.000004 0.000000 -0.999977 -0.000060 -0.006750 -0.999978 -0.000074 -0.006624 -0.999999 -0.000069 0.001584 -0.958861 0.000015 -0.283874 -0.989659 0.000004 -0.143440 -0.989659 0.000001 -0.143440 -0.958861 0.000011 -0.283874 -0.042152 -0.000000 0.999111 0.042522 0.000000 -0.999095 0.042527 0.000000 -0.999095 0.000000 -0.000000 -1.000000 0.000000 -0.000000 -1.000000 0.000000 0.000000 -1.000000 0.000000 0.000000 -1.000000 0.000000 -0.000000 -1.000000 0.000000 -0.000000 -1.000000 -0.993876 0.000987 -0.110501 -0.997883 0.000009 -0.065029 -0.997883 0.000012 -0.065029 -0.993724 0.000754 -0.111855 0.042519 0.000000 -0.999096 0.042530 -0.000000 -0.999095 0.999981 -0.006096 0.000000 0.999982 -0.006045 0.000000 0.006660 0.992932 0.118496 -0.006614 0.991786 0.127733 -0.008422 0.992459 0.122290 
						0.006261 0.992986 0.118066 -0.999999 0.000078 0.001583 -0.999991 0.000486 0.004103 -0.999986 0.000253 -0.005241 -0.999978 0.000110 -0.006630 0.007198 0.993480 0.113779 0.009786 0.993167 0.116292 -1.000000 0.000013 -0.000041 -0.989659 0.000001 -0.143440 -0.989659 0.000004 -0.143440 -1.000000 0.000013 -0.000041 0.999982 -0.006075 0.000000 0.999982 -0.006069 0.000000 0.999982 -0.006067 -0.000000 0.999982 -0.006080 0.000000 0.999982 -0.006062 0.000000 -0.042160 0.000003 0.999111 -0.042138 0.000000 0.999112 -0.958861 0.000011 -0.283874 -0.958861 0.000015 -0.283874 -0.995690 0.005228 -0.092598 -0.997140 0.003724 -0.075480 -0.997971 0.002128 -0.063632 0.000000 0.992979 0.118292 0.000000 0.992979 0.118292 -0.957594 0.000015 -0.288120 -0.958230 0.000015 -0.285998 -0.958230 0.000015 -0.285998 -0.957594 0.000015 -0.288120 -1.000000 0.000013 -0.000041 -1.000000 0.000014 -0.000048 -1.000000 0.000014 -0.000048 -1.000000 0.000014 -0.000041 -1.000000 0.000009 -0.000000 -1.000000 0.000008 0.000000 -1.000000 0.000008 0.000000 -1.000000 0.000006 -0.000000 -0.027308 0.991249 0.129150 -0.027064 0.991883 0.124241 -1.000000 0.000002 -0.000048 -1.000000 0.000001 -0.000048 0.999981 -0.006079 -0.000000 0.999982 -0.006053 0.000000 0.803156 -0.271810 0.530150 0.823120 -0.330723 0.461622 0.000012 -0.672235 -0.740337 0.042522 0.000000 -0.999096 0.042523 -0.000000 -0.999095 -0.189978 -0.610828 -0.768633 -0.189048 -0.611102 -0.768645 0.895374 -0.214887 0.390038 0.916400 -0.111909 0.384301 0.042523 -0.000000 -0.999095 -0.042139 0.000000 0.999112 0.810630 -0.305329 0.499654 -0.056034 0.671189 0.739166 -0.951062 -0.296903 -0.085613 -0.833719 0.031684 -0.551279 -0.996908 0.022372 -0.075329 -0.999940 -0.006463 -0.008891 -1.000000 -0.000000 0.000000 -1.000000 -0.000000 0.000000 -1.000000 0.000000 -0.000000 -0.873263 -0.064147 -0.483009 
						0.874928 -0.011253 0.484122 0.871906 -0.011257 0.489544 0.000722 -0.994775 -0.102092 0.000722 -0.994772 -0.102120 0.000722 -0.994772 -0.102120 0.000722 -0.994775 -0.102093 0.870138 0.039147 0.491252 -1.000000 0.000040 0.000008 -0.999991 -0.004023 -0.001182 -0.999990 -0.004218 -0.001251 -0.999997 0.002227 -0.000320 -0.999997 0.002195 -0.000321 -0.999990 0.004253 -0.001252 -0.999990 0.004189 -0.001246 0.996916 -0.075400 0.021743 0.996170 -0.084732 0.021575 0.969196 -0.244212 0.031943 0.972014 -0.232496 0.033676 0.982524 0.183570 0.030812 0.982521 0.183581 0.030813 0.995790 0.091342 0.007612 0.995791 0.091340 0.007612 0.991431 0.130179 -0.010849 0.991431 0.130176 -0.010849 0.991489 0.128391 -0.021550 0.991490 0.128386 -0.021549 0.098314 -0.127333 0.986976 0.106748 -0.166393 0.980264 0.082455 -0.057776 0.994919 0.081362 -0.037752 0.995969 0.991431 0.130179 -0.010849 0.991431 0.130178 -0.010849 0.991489 0.128390 -0.021550 0.991489 0.128391 -0.021550 0.080757 0.027031 0.996367 0.081914 0.048098 0.995478 0.106146 0.163384 0.980836 0.097563 0.123530 0.987533 0.999991 -0.004275 0.000356 0.999991 -0.004274 0.000356 0.999991 -0.004279 0.000000 0.999991 -0.004274 0.000000 0.999991 -0.004277 0.000000 0.999991 -0.004278 -0.000000 0.999991 -0.004276 -0.000000 0.999991 -0.004278 -0.000000 0.995790 0.091342 0.007612 0.995790 0.091343 0.007613 -0.999892 0.001286 -0.014642 -0.999892 0.001286 -0.014642 -0.999869 -0.005422 -0.015257 -0.999864 -0.006174 -0.015296 0.083169 -0.003421 0.996530 0.083169 -0.003423 0.996530 0.083169 -0.003424 0.996530 0.083169 -0.003422 0.996530 0.083169 -0.003426 0.996530 0.083169 -0.003426 0.996530 0.995087 -0.052362 0.084019 0.999991 -0.004274 0.000356 0.999991 -0.004278 0.000000 0.996000 -0.003914 0.089267 0.999991 -0.004279 0.000000 0.996000 -0.003919 0.089267 
						0.999991 -0.004276 -0.000000 0.996000 -0.003916 0.089267 0.993841 0.070747 0.085295 0.982523 0.183572 0.030812 0.982523 0.183572 0.030812 0.995790 0.091344 0.007613 0.999991 -0.004279 0.000000 0.999991 -0.004274 0.000000 0.999991 -0.004279 0.000000 0.999991 -0.004280 0.000357 0.991431 0.130179 -0.010849 0.991489 0.128391 -0.021550 0.982523 0.183571 0.030812 0.984056 -0.003589 0.177821 0.986066 0.034234 0.162797 0.984056 -0.003589 0.177821 0.984056 -0.003585 0.177821 0.984775 -0.057351 0.164100 0.987331 0.142995 0.068770 0.989004 0.139782 0.048296 0.982013 0.163894 0.093750 0.999991 -0.004278 0.000000 0.999991 -0.004280 0.000000 0.999991 -0.004274 -0.000000 0.999991 -0.004276 0.000000 0.980064 0.196005 0.032493 0.982316 0.184687 0.030763 0.995791 0.091352 0.007358 0.995318 0.096362 0.007510 0.999991 -0.004279 0.000357 0.999991 -0.004277 -0.000440 0.999991 -0.004276 0.000000 0.999991 -0.004278 -0.000000 0.987673 0.155767 -0.015436 0.991188 0.131904 -0.012180 0.991549 0.127536 -0.023784 0.988481 0.148364 -0.029894 0.999516 -0.019490 0.024259 0.999700 -0.017245 0.017403 0.999706 -0.017303 0.017008 0.999553 -0.019762 0.022421 0.984733 -0.082957 0.153036 0.984734 -0.082942 0.153034 0.984735 -0.082930 0.153032 0.984735 -0.082929 0.153032 0.984741 -0.082870 0.153025 0.988868 -0.120256 0.087629 0.999884 -0.001263 0.015163 0.999884 -0.001546 0.015174 0.999888 0.001312 0.014937 0.999888 0.001312 0.014937 -0.999977 0.000081 -0.006753 -0.999889 -0.001289 -0.014860 -0.999888 -0.001570 -0.014894 -0.999892 0.001286 -0.014642 -0.999892 0.001286 -0.014640 0.999888 0.001312 0.014938 0.999888 0.001312 0.014937 0.977245 0.139757 0.159560 0.978902 0.129109 0.158373 0.980925 0.114939 0.156768 0.983008 0.098540 0.154873 0.984793 0.082368 0.152965 -0.996935 -0.075506 -0.020481 
						-0.996155 -0.084650 -0.022556 0.999764 -0.014034 0.016561 0.999864 -0.005394 0.015580 0.999859 -0.006148 0.015594 0.999766 -0.014108 0.016413 -0.999771 -0.014140 -0.016073 -0.999770 -0.014071 -0.016167 -0.999700 -0.017764 -0.016853 -0.999704 -0.017799 -0.016609 0.999991 -0.004278 -0.000000 0.999991 -0.004278 0.000000 0.999990 -0.004274 -0.001232 0.999991 -0.004274 0.000000 -0.999550 -0.020924 -0.021491 -0.999571 -0.021090 -0.020325 -0.999983 0.000474 -0.005850 -0.999938 0.000217 -0.011113 -0.999536 -0.000924 -0.030449 -0.999697 -0.000499 -0.024617 -0.999536 0.000922 -0.030450 -0.999697 0.000442 -0.024614 -0.999983 -0.000453 -0.005850 -0.999938 -0.000188 -0.011106 -0.999991 -0.000479 0.004102 -0.999986 -0.000297 -0.005237 0.200747 -0.266983 0.942561 0.208372 -0.281732 0.936594 0.351636 -0.277387 0.894096 0.350071 -0.279748 0.893975 0.693771 -0.716069 0.076987 0.698205 -0.711689 0.077524 0.885556 -0.461579 0.052310 0.878495 -0.474829 0.052768 -0.969139 -0.243927 -0.035620 -0.972075 -0.232840 -0.029241 -0.885615 -0.461930 -0.048036 -0.878434 -0.474522 -0.056408 -0.698232 -0.712241 -0.071996 -0.693741 -0.715658 -0.080979 0.347289 0.276651 0.896022 0.348759 0.274226 0.896196 0.198767 0.262683 0.944187 0.206731 0.278175 0.938019 -0.999940 0.007714 -0.007723 -0.999978 0.005950 -0.002819 -0.042165 0.000000 0.999111 -0.042149 -0.000000 0.999111 0.952714 -0.163654 0.256033 -0.244253 -0.681420 -0.689933 -0.291858 -0.815194 -0.500277 -0.999964 0.007105 -0.004731 -0.999940 0.007732 -0.007697 0.956206 -0.161890 0.243845 -0.254623 -0.862977 -0.436391 -0.211664 -0.751678 -0.624643 0.000096 -0.000007 1.000000 0.000101 -0.000007 1.000000 0.000243 -0.000017 1.000000 0.000278 -0.000018 1.000000 -0.999999 0.001386 0.000000 -0.999609 0.027962 -0.000636 -0.000763 0.001079 0.999999 -0.001134 0.002390 0.999996 -0.003256 0.003582 0.999988 
						-0.003048 0.001901 0.999994 0.000118 -0.000008 1.000000 0.000251 -0.000016 1.000000 0.000043 -0.000740 1.000000 0.000095 -0.000007 1.000000 0.000312 0.000163 1.000000 0.000162 -0.000585 1.000000 -0.000554 -0.000144 1.000000 -0.002871 -0.000201 0.999996 -0.000659 0.000423 1.000000 -0.000494 -0.000323 1.000000 -0.002869 -0.000201 0.999996 -0.002934 0.000537 0.999996 -0.000008 -0.001474 0.999999 0.000003 -0.001406 0.999999 -0.001156 -0.024017 -0.999711 -0.001714 -0.026263 -0.999654 0.000000 -0.000000 -1.000000 0.000000 -0.000000 -1.000000 0.000000 0.000000 -1.000000 0.000000 0.000000 -1.000000 0.000000 -0.000000 -1.000000 0.000000 -0.000000 -1.000000 -0.001686 0.025280 -0.999679 -0.001144 0.023577 -0.999721 -0.000652 -0.023589 -0.999721 0.000000 -0.000000 -1.000000 0.000000 0.000000 -1.000000 0.000000 -0.000000 -1.000000 -0.000652 0.023589 -0.999721 -0.000000 -0.993357 -0.115074 -0.014636 -0.997173 -0.073699 0.000001 0.999618 -0.027634 0.005262 0.999635 -0.026502 0.000000 -0.993356 -0.115078 -0.000000 -0.993355 -0.115088 -0.009290 -0.997213 -0.074027 -0.014632 -0.997173 -0.073698 0.000000 -0.993357 -0.115075 -0.201273 -0.972360 -0.118340 -0.000652 -0.023591 -0.999721 -0.000652 -0.023588 -0.999722 0.000000 0.000000 -1.000000 0.000000 0.000000 -1.000000 0.000000 0.000000 -1.000000 0.000000 0.000000 -1.000000 0.000000 0.000000 -1.000000 0.000000 0.000000 -1.000000 -0.000652 0.023588 -0.999722 -0.000652 0.023592 -0.999721 -0.000652 -0.023591 -0.999721 -0.027187 -0.148145 -0.988592 -0.027177 -0.148138 -0.988593 0.000000 -0.993391 -0.114778 0.000000 -0.993392 -0.114769 0.000000 -0.993392 -0.114767 0.000000 -0.993391 -0.114777 -0.000000 -0.993393 -0.114765 0.000000 -0.993392 -0.114769 -0.004348 0.999743 -0.022250 -0.004311 0.999613 -0.027486 -0.004326 0.999150 -0.040986 -0.004344 0.999000 -0.044489 0.000003 -0.993391 -0.114779 
						0.000002 -0.993393 -0.114763 0.000002 -0.993392 -0.114768 0.000003 -0.993391 -0.114778 0.999999 -0.001413 -0.000000 0.999999 -0.001378 -0.000000 0.999999 -0.001332 -0.000000 0.999999 -0.001471 -0.000000 0.999997 -0.002475 -0.000000 0.999812 0.019409 0.000346 -0.027201 0.148199 -0.988583 -0.027596 0.149227 -0.988418 -0.028818 0.147996 -0.988568 -0.027384 0.148158 -0.988584 0.000000 0.000000 -1.000000 -0.000652 0.023591 -0.999721 0.000000 0.000000 -1.000000 0.000000 -0.000000 -1.000000 -0.000490 -0.000286 1.000000 -0.002875 -0.000201 0.999996 0.000118 -0.000008 1.000000 0.000280 0.000131 1.000000 -0.031575 0.153407 -0.987658 -0.027186 0.148159 -0.988590 0.000000 -0.000001 -1.000000 -0.000652 0.023594 -0.999721 0.000000 0.000000 -1.000000 0.000000 0.000001 -1.000000 -0.000652 -0.023589 -0.999722 -0.000479 -0.000349 1.000000 -0.002863 -0.000200 0.999996 -0.999012 0.000000 -0.044431 -0.999170 -0.000874 -0.040715 -0.999170 -0.000182 -0.040742 -0.999012 0.000046 -0.044431 0.000000 -0.993391 -0.114783 -0.000000 -0.993392 -0.114771 -0.000000 -0.993392 -0.114771 0.000000 -0.993390 -0.114784 -0.986976 0.151937 0.052861 -0.986775 0.123841 0.104590 -0.988607 0.108403 0.104424 -0.991580 0.119053 0.050943 -0.999350 0.006453 -0.035457 -0.999171 -0.000118 -0.040704 -0.999170 -0.000635 -0.040731 -0.999354 0.005533 -0.035515 -0.001133 0.001198 0.999999 -0.003085 0.001270 0.999994 -1.000000 0.000009 0.000208 -1.000000 0.000009 0.000208 -0.985322 0.170539 -0.007551 -0.981249 0.192555 -0.008553 0.000000 -0.993392 -0.114773 0.000000 -0.993392 -0.114773 -0.000652 -0.023591 -0.999721 0.000000 0.000000 -1.000000 0.000000 0.000001 -1.000000 0.000000 -0.000002 -1.000000 -0.000652 0.023593 -0.999721 0.000116 -0.000008 1.000000 0.000293 0.000194 1.000000 -0.027360 0.148201 -0.988579 -0.027352 -0.148178 -0.988582 -0.027374 0.148052 -0.988601 
						-0.027372 -0.148050 -0.988601 -0.027382 -0.148161 -0.988584 -0.027240 -0.148430 -0.988548 -0.028743 -0.147595 -0.988630 -0.998966 0.000000 -0.045473 -0.998966 0.000000 -0.045473 0.999555 0.029824 0.000797 0.998138 0.060914 0.003258 0.998138 0.060914 0.003258 -0.998832 0.048310 -0.000999 -0.999135 0.041044 -0.006606 -0.999182 0.039921 -0.006447 -0.998944 0.045933 -0.001383 0.998139 0.060899 0.003216 0.994979 0.064132 -0.076835 -0.998513 0.054496 -0.001721 -0.998513 0.054462 -0.002479 -0.984267 0.176636 0.004150 -0.991089 0.133195 0.001500 -0.999012 -0.000356 -0.044431 -0.999012 -0.000402 -0.044431 -0.031472 -0.152861 -0.987746 -0.999408 0.019018 -0.028680 -0.999415 0.018561 -0.028736 -0.998670 -0.001166 -0.051556 -0.999576 -0.000388 -0.029126 -0.999576 0.000368 -0.029116 -0.998670 0.001663 -0.051531 -0.992260 0.058025 -0.109786 -0.991707 0.057367 -0.115007 -0.996404 0.046373 -0.070912 -0.997232 0.043191 -0.060514 -0.999381 0.021426 -0.027889 -0.999896 0.009395 -0.010987 -0.996545 -0.043443 -0.070787 -0.996985 -0.048329 -0.060704 -0.992864 -0.047837 -0.109235 -0.990798 -0.070217 -0.115712 -0.112635 0.190631 -0.975179 -0.107179 0.191704 -0.975583 0.013364 -0.026520 -0.999559 0.013926 -0.026155 -0.999561 0.018895 -0.021294 -0.999595 0.018808 -0.021205 -0.999598 0.038882 -0.011609 -0.999176 0.038818 -0.011592 -0.999179 -0.034364 -0.010378 0.999355 -0.034336 -0.010370 0.999357 -0.010449 -0.012712 0.999865 -0.010537 -0.012802 0.999862 -0.007763 -0.015586 0.999848 -0.007417 -0.015742 0.999849 -0.107072 -0.191541 -0.975627 -0.112566 -0.190540 -0.975204 -0.999302 -0.000906 -0.037356 -0.996775 -0.004030 -0.080150 -0.996775 0.003225 -0.080188 -0.999302 0.000698 -0.037354 -0.999197 -0.024285 -0.031858 -0.999131 -0.041146 -0.006636 -0.999573 -0.028490 -0.006439 -0.999372 -0.015510 -0.031875 -0.999315 0.032437 -0.017792 -0.999316 0.032483 -0.017681 
						-0.991234 0.100922 0.085258 -0.984139 0.098664 0.147431 -0.000000 -0.993392 -0.114769 -0.000000 -0.993392 -0.114769 -0.140679 0.221439 -0.964974 -0.134591 0.219313 -0.966327 0.001658 0.000423 0.999999 0.002256 0.001020 0.999997 0.000580 -0.000320 1.000000 0.000813 0.000033 1.000000 0.004844 0.002847 0.999984 0.005395 0.002809 0.999981 0.007138 0.006818 0.999951 0.006521 0.007609 0.999950 -0.134444 -0.219089 -0.966398 -0.140512 -0.221188 -0.965056 -0.132840 0.219987 -0.966416 -0.135128 0.219184 -0.966281 0.000566 -0.000751 1.000000 0.000546 -0.000707 1.000000 0.000637 -0.000278 1.000000 0.000612 -0.000270 1.000000 0.005004 0.003503 0.999981 0.004640 0.003854 0.999982 0.005330 0.008850 0.999947 0.005176 0.008863 0.999947 -0.133072 -0.220339 -0.966304 -0.132802 -0.219915 -0.966437 -0.133300 0.219761 -0.966404 0.000900 -0.000338 1.000000 0.000891 0.000151 1.000000 0.005470 0.002698 0.999981 0.005757 0.008384 0.999948 -0.133290 -0.219767 -0.966404 -0.132785 0.219927 -0.966437 0.000535 -0.000712 1.000000 0.000599 -0.000267 1.000000 0.005207 0.003135 0.999982 0.005420 0.008809 0.999946 -0.132740 -0.219905 -0.966448 -0.133310 0.219699 -0.966416 0.000997 -0.000350 0.999999 0.000934 0.000214 1.000000 0.005513 0.002631 0.999981 0.005808 0.008319 0.999949 -0.133298 -0.219704 -0.966417 -0.133176 0.219772 -0.966418 0.000870 -0.000480 1.000000 0.000844 0.000062 1.000000 0.005442 0.002797 0.999981 0.005701 0.008481 0.999948 -0.133140 -0.219747 -0.966429 0.380129 -0.917283 -0.118717 0.188939 -0.975525 -0.112482 -0.924869 0.379904 -0.017066 -0.924868 0.379904 -0.017069 0.009849 0.999670 -0.023738 0.000000 1.000000 0.000000 -0.012217 -0.999489 -0.029546 -0.021944 -0.999424 -0.025881 -0.000000 1.000000 0.000000 -0.012312 -0.999481 -0.029778 -0.000000 1.000000 0.000001 -0.012307 -0.999481 -0.029773 
						-0.009854 0.999670 0.023733 -0.002675 -0.999430 -0.033663 0.009414 0.998518 -0.053602 0.019591 0.998697 -0.047132 -0.220859 -0.974599 -0.037116 -0.009464 0.998518 0.053592 -0.019697 0.998697 0.047081 -0.382102 -0.916042 -0.121924 0.924069 0.381739 0.019304 0.924069 0.381739 0.019308 0.985119 0.171680 0.008137 0.981086 0.193351 0.009290 0.999999 0.000055 -0.001028 0.999999 0.000055 -0.001028 0.000002 0.998473 0.055247 0.000000 0.998473 -0.055247 -0.998513 0.054462 -0.002479 -0.042425 0.131165 0.990452 -0.042149 -0.000000 0.999111 -0.043439 0.260048 0.964618 -0.058641 0.708036 0.703737 -0.056658 0.865771 0.497224 -0.999992 -0.003497 -0.002019 -0.999998 -0.001934 -0.000257 -0.999998 -0.001935 -0.000251 -0.999992 -0.003495 -0.002004 0.000027 -0.866779 -0.498692 0.000026 -0.708531 -0.705680 0.000016 -0.259789 -0.965665 0.000016 -0.131024 -0.991379 -1.000000 -0.000000 -0.000130 -1.000000 0.000000 -0.000146 -1.000000 0.000000 -0.000145 -1.000000 0.000000 -0.000136 -1.000000 0.000000 -0.000129 -1.000000 -0.000000 -0.000131 -1.000000 -0.000000 -0.000143 -1.000000 -0.000000 0.000072 -1.000000 0.000000 -0.000162 -1.000000 0.000000 -0.000121 -1.000000 0.000000 -0.000122 -0.999999 0.001375 -0.000000 -0.999999 0.001380 -0.000000 -0.999817 0.019105 -0.000290 -0.999999 0.001381 -0.000000 -0.999998 0.001806 -0.000000 -0.999999 0.001419 -0.000000 0.044009 0.259593 -0.964715 0.044009 0.259593 -0.964715 -0.999941 0.007654 -0.007632 -0.999971 0.006602 -0.003805 -0.999998 0.001963 -0.000260 -0.999998 0.001965 -0.000256 -0.999970 0.006661 -0.003831 -0.999940 0.007742 -0.007714 0.000015 0.259503 -0.965742 0.000014 0.130877 -0.991399 0.999999 -0.001380 0.000000 -0.000002 -0.997808 0.066173 -0.000001 -0.997808 0.066175 -0.000001 -0.991246 0.132026 -0.000001 -0.991248 0.132013 -0.000003 -0.991151 -0.132737 -0.000004 -0.991151 -0.132737 
						-0.000004 -0.997784 -0.066531 -0.000004 -0.997784 -0.066538 -0.999639 -0.003461 0.026628 -0.999639 -0.003461 0.026628 -0.999639 -0.003465 0.026626 -0.999639 -0.003465 0.026628 -0.999030 0.031090 0.031184 -0.999193 0.026832 0.029875 -0.982888 0.178884 0.043942 -0.979993 0.192784 0.049471 -0.999630 0.001098 0.027171 -0.999622 0.002192 0.027401 0.983910 0.177774 -0.017835 0.984916 0.171973 -0.019117 0.999756 0.021804 -0.003671 0.999751 0.022053 -0.003498 0.999999 0.000190 -0.001222 0.999999 0.000190 -0.001223 0.065165 0.185141 -0.980549 0.072209 0.152629 -0.985642 0.107121 0.010734 -0.994188 0.106781 0.024497 -0.993981 0.000023 -0.991164 -0.132640 -0.000010 -0.997784 -0.066528 0.000006 -0.997807 0.066196 -0.000003 -0.991252 0.131979 0.004040 -0.998435 0.055774 0.005549 -0.998954 0.045386 0.004452 -0.995879 0.090581 0.005279 -0.995883 0.090498 0.004801 -0.995881 0.090546 0.003988 -0.995877 0.090628 0.005299 -0.993768 0.111339 -0.002607 -0.993704 -0.112007 -0.006685 -0.995849 -0.090778 -0.008887 -0.995852 -0.090557 -0.009915 -0.995851 -0.090454 -0.011479 -0.995849 -0.090297 -0.007167 -0.998816 -0.048107 -0.003477 -0.998347 -0.057361 -0.000000 -1.000000 0.000021 -0.000001 -1.000000 0.000015 0.001670 -0.999916 0.012857 -0.001028 -0.999927 -0.012067 -0.000006 -1.000000 -0.000016 -0.000001 -1.000000 -0.000019 0.106988 -0.016607 -0.994122 0.106623 -0.030963 -0.993817 0.112028 -0.000077 -0.993705 0.112064 -0.000152 -0.993701 0.111997 0.000031 -0.993709 0.111997 0.000025 -0.993709 0.112020 0.000052 -0.993706 0.112052 0.000201 -0.993702 0.000002 -1.000000 -0.000022 -0.000003 -1.000000 -0.000031 -0.000001 -1.000000 0.000035 -0.000004 -1.000000 0.000027 0.999999 -0.000134 -0.001185 0.999999 -0.000134 -0.001185 -0.001387 -0.999967 -0.008000 0.000352 -0.999999 0.001384 0.001008 -0.999993 0.003648 -0.002725 -0.999852 -0.017008 
						0.000745 -0.999987 0.005115 0.011123 -0.999732 0.020299 0.072633 -0.147927 -0.986327 0.064281 -0.186047 -0.980436 -0.061076 0.277494 -0.958784 -0.046652 0.254221 -0.966020 -0.517225 0.843799 0.143116 -0.516722 0.843240 0.148136 -0.842263 0.530392 0.096317 -0.850341 0.518781 0.088237 0.852875 0.518881 -0.058014 0.855490 0.514442 -0.059040 0.525644 0.843908 -0.107320 0.521566 0.846390 -0.107671 -0.046028 -0.249080 -0.967389 -0.065942 -0.277916 -0.958339 0.999999 -0.000134 -0.001185 0.999999 -0.000134 -0.001186 0.999999 -0.000135 -0.001189 0.999999 -0.000134 -0.001187 -0.000002 -0.997808 0.066175 -0.000004 -1.000000 0.000039 -0.000002 -1.000000 0.000030 -0.000003 -1.000000 -0.000033 -0.000003 -1.000000 -0.000040 -0.000002 -0.997784 -0.066540 -0.000004 -1.000000 -0.000001 -0.000004 -1.000000 -0.000004 -0.000003 -1.000000 0.000017 -0.000003 -1.000000 -0.000021 -0.000004 -1.000000 -0.000040 -0.000005 -1.000000 0.000040 -0.999639 -0.003461 0.026628 -0.999639 -0.003461 0.026628 0.000000 -0.991151 -0.132737 -0.000003 -0.991248 0.132013 -0.998513 0.054462 -0.002479 -0.006497 0.006305 -0.999959 -0.004592 0.006655 -0.999967 -0.005041 0.007263 -0.999961 -0.007024 0.006663 -0.999953 0.265240 0.963907 -0.023056 -0.045606 0.998716 -0.022048 -0.041967 0.998799 -0.025286 0.253398 0.967262 0.013877 -0.351983 0.935713 -0.023435 -0.333597 0.940356 -0.066657 -0.623960 0.781219 0.019231 -0.834808 0.550154 0.020650 -0.825310 0.554040 0.109104 -0.615927 0.784461 0.072487 0.265259 0.963970 0.019975 -0.045608 0.998803 0.017675 -0.048297 0.998778 -0.010466 0.248837 0.967334 -0.048431 -0.352023 0.935828 0.017475 -0.339235 0.940169 0.031663 -0.964163 0.265310 -0.000144 -0.998959 -0.045618 -0.000132 -0.998867 -0.047401 -0.004199 -0.966930 0.252409 0.036553 -0.834979 0.550266 -0.004108 -0.964155 0.265312 -0.003933 -0.966024 0.255326 -0.040086 
						-0.840716 0.534973 -0.083669 -0.935963 -0.352073 -0.004080 -0.781354 -0.624068 -0.004983 -0.787013 -0.610713 0.087405 -0.939654 -0.339104 0.045368 -0.781361 -0.624079 -0.000195 -0.550269 -0.834987 -0.000239 -0.563500 -0.812311 -0.150399 -0.787591 -0.608191 -0.099017 0.550140 0.834790 0.021724 0.546087 0.834471 -0.073801 -0.935970 -0.352081 -0.000147 -0.938365 -0.342137 -0.049133 -0.624078 0.781362 -0.000217 -0.834988 0.550268 -0.000187 -0.840032 0.537645 0.072695 -0.626399 0.772598 0.103521 -0.998952 -0.045613 -0.003791 -0.999032 -0.043838 0.003759 0.550109 0.834743 -0.024153 0.545422 0.836973 0.044629 -0.550262 -0.834973 -0.005637 -0.557417 -0.820361 0.127652 -0.623888 0.781122 -0.024734 -0.609299 0.786378 -0.101800 -0.202668 0.971038 -0.126533 -0.209765 0.969210 -0.128962 -0.248498 0.853104 -0.458761 -0.222807 0.852877 -0.472183 -0.333403 0.541368 -0.771857 -0.233088 0.722076 -0.651365 -0.999255 -0.038159 -0.005759 -0.973590 0.209100 0.091646 -0.950174 -0.299609 0.086049 -0.998921 -0.044821 0.012178 -0.241761 0.724727 0.645230 -0.005944 0.524279 0.851526 -0.112429 0.858227 0.500805 -0.218058 0.855168 0.470253 -0.194770 0.970656 0.141037 -0.202192 0.971242 0.125727 -0.214920 0.969736 -0.115854 -0.213156 0.973312 -0.085015 -0.235186 0.963597 -0.127153 -0.241400 0.945671 -0.217789 -0.549671 0.753140 -0.361445 -0.452542 0.855016 -0.253286 -0.483800 0.827524 -0.284853 -0.615652 0.653422 -0.440468 -0.870203 0.440827 0.220040 -0.679646 0.705365 0.201349 -0.629037 -0.737840 0.244755 -0.822539 -0.543638 0.166995 0.220804 0.649245 0.727823 0.252440 0.827714 0.501162 0.167205 0.894008 0.415682 0.152210 0.799826 0.580613 -0.162167 0.953052 0.255721 -0.151028 0.966570 0.207204 -0.185823 0.975560 0.117272 -0.187986 0.972093 0.140342 -0.189573 0.978503 0.081207 -0.070275 0.972238 0.223192 0.079135 0.950396 0.300806 
						0.234343 0.971085 0.045575 0.502977 0.857749 0.106208 -0.206144 0.977865 -0.035852 -0.198494 0.979901 0.019858 -0.164498 0.984206 0.065408 -0.250032 0.964421 -0.085879 -0.131877 0.988304 0.076567 -0.290843 0.951486 -0.100418 -0.291453 0.951410 -0.099366 -0.037223 0.998933 -0.027332 -0.964532 0.252214 -0.077888 -0.869056 0.473198 -0.144309 -0.471748 0.677531 0.564274 -0.377483 0.734733 0.563626 -0.297242 0.858418 0.418051 -0.292270 0.887611 0.355986 -0.207825 0.971233 0.116256 -0.212039 0.972050 0.100784 -0.644400 -0.716682 -0.266675 -0.829909 -0.528242 -0.179477 0.171109 0.667399 -0.724776 0.181365 0.804197 -0.566016 0.084923 0.894137 -0.439667 -0.055692 0.898573 -0.435276 -0.159484 0.966674 -0.200267 -0.187868 0.976347 -0.107012 -0.191752 0.973647 -0.123464 -0.530158 0.824710 0.196939 -0.312416 0.947882 0.062580 -0.432196 0.872177 0.229158 -0.282040 0.957330 0.063024 -0.225263 0.969382 0.097744 -0.233227 0.964248 0.125820 -0.211317 0.974835 0.071013 -0.206654 0.977828 0.033857 -0.054579 0.997755 -0.038797 0.140533 0.968233 -0.206821 -0.147869 0.985245 -0.086186 -0.164321 0.984082 -0.067691 -0.028918 0.978785 -0.202839 -0.133338 0.955886 -0.261731 -0.183395 0.979920 -0.078244 -0.199088 0.979751 -0.021277 -0.189926 0.978287 -0.082960 -0.196770 0.971988 -0.128533 -0.130052 0.869323 -0.476828 -0.070559 0.751109 -0.656397 -0.939069 -0.329437 -0.098081 -0.987634 0.103259 0.117971 -0.892559 0.312614 0.324979 -0.549829 0.819030 -0.163947 -0.698374 0.650955 0.297542 -0.455818 0.846057 0.276435 0.398314 0.870266 -0.289798 0.163024 0.912366 -0.375515 -0.009534 0.004219 -0.999946 -0.009842 0.004287 -0.999942 0.024379 -0.088786 0.995752 0.007739 0.170598 0.985310 0.149446 0.149783 0.977359 0.145197 -0.042493 0.988490 0.137532 0.365743 0.920498 0.238076 0.297513 0.924557 0.624076 0.781363 0.000108 
						0.834986 0.550271 0.000112 0.840713 0.536012 -0.076767 0.630551 0.767540 -0.115273 -0.264928 0.962760 0.053905 0.045542 0.997394 0.055953 0.038584 0.997688 0.055944 -0.261522 0.963691 0.053904 0.351327 0.933983 0.065157 0.334461 0.940157 0.065123 -0.964161 -0.265310 -0.002286 -0.998957 0.045618 -0.002205 -0.998865 0.047489 0.003598 -0.966928 -0.252313 -0.037261 0.964162 0.265314 0.000109 0.966022 0.256168 -0.034348 0.935971 -0.352077 0.000110 0.781363 -0.624076 0.000121 0.786649 -0.614428 0.060508 0.939656 -0.338255 0.051278 -0.779901 0.622910 0.061137 -0.549354 0.833594 0.057718 -0.559756 0.826645 0.057722 -0.786875 0.614088 0.061027 -0.935967 0.352079 -0.002346 -0.781359 0.624077 -0.002469 -0.787558 0.609141 0.093270 -0.938363 0.342208 0.048659 -0.624075 -0.781359 -0.002924 -0.834985 -0.550267 -0.002658 -0.840029 -0.537529 -0.073587 -0.626416 -0.772448 -0.104533 0.622458 0.779341 0.071932 0.615989 0.784455 0.072028 0.998959 -0.045613 0.000109 0.999031 -0.043016 0.009357 0.123536 -0.187533 0.974459 0.239320 -0.170083 0.955928 0.550271 -0.834986 0.000120 0.550133 -0.835077 0.000113 0.300129 0.375825 0.876743 0.366221 0.311095 0.876985 0.998875 0.046563 -0.008991 0.998713 0.005941 0.050373 0.973462 -0.070181 0.217822 0.992690 -0.113083 0.042186 -0.999782 0.018397 0.009883 -0.987539 -0.105971 -0.116349 -0.973920 -0.193382 -0.118674 -0.999245 0.030676 0.023824 -0.999261 0.037821 0.006884 0.950788 -0.295573 0.092940 0.998904 -0.042679 0.019204 0.999549 -0.006057 0.029406 0.948157 -0.198719 0.248010 0.980879 -0.116933 0.155573 0.999664 -0.002858 0.025771 0.918527 0.336384 0.207736 0.888734 0.286096 0.358192 0.959685 0.265256 0.092970 0.969003 0.244057 0.038321 0.994483 0.020196 0.102938 0.990581 0.047030 0.128599 0.967492 -0.004203 0.252866 0.979546 -0.082607 0.183480 
						0.790488 -0.045556 0.610781 0.737900 0.033437 0.674081 0.590261 0.141519 0.794710 0.702685 0.051183 0.709657 -0.870117 -0.442431 -0.217145 -0.679391 -0.705948 -0.200162 0.385595 -0.170457 0.906786 0.503247 0.002468 0.864139 0.596563 0.048655 0.801090 0.668979 0.118824 0.733722 0.714802 0.179851 0.675805 0.925702 0.295246 0.236443 0.930490 0.230014 0.285101 0.965572 0.208415 0.155673 0.961635 0.240166 0.132581 0.971745 0.179189 0.153631 0.835152 0.156649 0.527240 0.492696 0.060546 0.868093 0.987167 0.087786 0.133398 0.982641 0.136415 0.125728 0.873924 0.104164 0.474771 0.870998 0.040530 0.489612 0.747052 0.100654 0.657102 0.550936 0.142191 0.822345 0.292721 0.131222 0.947151 0.964514 0.254394 -0.070686 0.868566 0.475132 -0.140866 -0.361746 -0.664407 -0.653990 -0.256748 -0.752727 -0.606203 -0.089980 -0.881598 -0.463345 -0.162040 -0.898551 -0.407859 -0.003167 -0.991870 -0.127214 -0.017978 -0.992511 -0.120828 0.720142 -0.623377 0.304624 0.522530 -0.827496 0.205458 0.398683 -0.870284 0.289235 0.460929 -0.733105 0.500101 0.249322 -0.921382 0.298151 0.137309 -0.918143 0.371697 0.036252 -0.986817 0.157725 0.018953 -0.996643 0.079644 0.020207 -0.994138 0.106215 -0.335947 -0.940274 -0.055000 -0.608672 -0.784296 -0.119991 -0.460998 -0.831244 -0.310667 -0.275121 -0.953068 -0.126371 -0.321481 -0.885640 -0.335100 -0.110159 -0.980128 -0.164965 -0.041071 -0.983834 -0.174311 -0.023131 -0.995044 -0.096704 -0.017077 -0.997984 -0.061129 0.240313 -0.964751 0.107261 -0.050423 -0.998410 0.025201 -0.050500 -0.998407 0.025179 0.179791 -0.973500 0.141323 -0.038944 -0.999179 -0.011157 -0.020547 -0.999723 -0.011492 0.070932 -0.987041 0.143942 -0.001852 -0.999989 -0.004330 0.012472 -0.998487 0.053553 0.016595 -0.992577 0.120481 0.013578 -0.991608 0.128562 0.029856 -0.876662 0.480179 0.099182 -0.891417 0.442198 
						-0.983246 0.124543 0.133105 -0.974216 0.152818 0.165982 -0.939079 0.328948 0.099624 0.986381 0.119000 -0.113538 0.989430 0.106146 -0.098796 -0.004139 -0.878773 -0.477221 0.005297 -0.991908 -0.126849 -0.892596 -0.317633 -0.319972 0.821993 -0.545561 0.163374 0.695285 0.173130 0.697570 0.811679 0.414188 0.411857 0.691415 0.689961 -0.214241 -0.827990 0.534876 0.168347 0.257702 -0.774952 0.577094 -0.111218 0.993796 -0.000002 -0.111218 0.993796 -0.000002 -0.111217 0.993796 -0.000002 -0.111217 0.993796 -0.000002 -0.111219 0.993796 -0.000002 -0.111217 0.993796 -0.000002 -0.111219 0.993796 -0.000002 -0.111219 0.993796 -0.000002 -0.111216 0.993796 -0.000002 -0.111216 0.993796 -0.000002 -0.111218 0.993796 -0.000002 -0.111217 0.993796 -0.000002 -0.111217 0.993796 -0.000002 -0.111219 0.993796 -0.000002 -0.111218 0.993796 -0.000002 -0.111216 0.993796 -0.000002 -0.111217 0.993796 -0.000002 -0.111214 0.993796 -0.000002 -0.111220 0.993796 -0.000002 -0.111217 0.993796 -0.000002 -0.201420 0.979505 0.000006 -0.201413 0.979506 0.000011 -0.201416 0.979506 0.000005 -0.201416 0.979506 0.000007 -0.201405 0.979508 0.000017 -0.201417 0.979505 0.000007 -0.201411 0.979507 0.000009 -0.201413 0.979506 0.000002 -0.201427 0.979503 0.000014 -0.201380 0.979513 0.000001 -0.201407 0.979507 0.000008 -0.201401 0.979509 0.000006 -0.201422 0.979504 0.000005 -0.201412 0.979507 0.000006 -0.201425 0.979504 0.000010 -0.201404 0.979508 0.000009 -0.201414 0.979506 0.000013 -0.201411 0.979507 0.000008 -0.201422 0.979504 0.000002 -0.201415 0.979506 0.000008 0.987303 0.158849 0.000023 0.987317 0.158764 0.000035 0.987296 0.158889 0.000029 0.987306 0.158830 0.000021 0.987299 0.158873 0.000044 0.987304 0.158843 0.000034 0.987309 0.158812 0.000033 0.987310 0.158805 0.000039 0.987302 0.158851 0.000029 0.987305 0.158838 0.000029 
						0.987304 0.158843 0.000030 0.987312 0.158789 0.000024 0.987307 0.158821 0.000026 0.984928 0.158436 -0.069385 0.987121 0.158758 -0.019715 0.987298 0.158876 0.000034 0.987293 0.158910 0.000028 0.981586 0.157983 -0.107375 0.976121 0.157080 -0.150044 0.987313 0.158786 0.000026 0.987302 0.158854 0.000028 0.979647 0.157626 -0.124284 0.981575 0.157864 -0.107651 0.987302 0.158854 0.000036 0.987305 0.158836 0.000040 0.975248 0.156897 -0.155801 0.979436 0.157588 -0.125978 0.987309 0.158812 0.000025 0.985013 0.158439 -0.068163 0.132989 -0.184232 0.973844 0.029266 -0.087360 0.995747 0.053496 -0.160057 0.985657 0.171474 -0.235665 0.956587 0.000239 0.170923 0.985284 -0.000132 0.095857 0.995395 0.121890 0.371963 0.920210 0.103434 0.319057 0.942074 0.281777 0.386415 0.878228 0.258086 0.356683 0.897869 -0.003618 -0.004621 -0.999983 -0.002851 -0.000571 -0.999996 -0.004410 -0.001728 -0.999989 -0.004534 -0.005966 -0.999972 0.003188 0.002105 -0.999993 0.001351 0.001512 -0.999998 0.009668 0.000281 -0.999953 0.007984 0.000308 -0.999968 0.013783 -0.005129 -0.999892 0.012580 -0.004694 -0.999910 0.012900 -0.011063 -0.999855 0.012327 -0.010589 -0.999868 0.174933 -0.126555 0.976413 0.084809 -0.116535 0.989559 0.109143 -0.148747 0.982834 0.200053 -0.144229 0.969111 -0.001767 0.002085 0.999996 0.012142 -0.039929 0.999129 0.000184 0.149639 0.988741 -0.000135 0.108093 0.994141 0.087358 0.260583 0.961491 0.076193 0.228921 0.970459 0.192557 0.263706 0.945188 0.177624 0.245334 0.953027 -0.004167 -0.006174 -0.999972 -0.006093 -0.006046 -0.999963 -0.005451 -0.005608 -0.999969 -0.003673 -0.005482 -0.999978 -0.009465 -0.003688 -0.999948 -0.009027 -0.003579 -0.999953 -0.010791 0.000318 -0.999942 -0.010722 0.000282 -0.999943 -0.953495 -0.289830 -0.082741 -0.887485 -0.303787 -0.346531 -0.887501 -0.303672 -0.346591 
						-0.827454 -0.021116 -0.561136 -0.830216 -0.091499 -0.549882 0.965419 0.260701 -0.000548 0.967696 0.243105 -0.066819 0.967087 0.252159 -0.034035 0.965374 0.260869 -0.000027 0.883283 -0.180268 0.432797 0.894144 -0.296590 0.335471 0.894128 -0.296502 0.335591 0.883163 -0.179637 0.433304 0.827983 -0.024711 0.560208 0.832165 -0.094572 0.546405 0.858981 0.272592 0.433411 0.832665 0.112416 0.542247 -0.999927 -0.011995 0.001374 -0.999911 -0.008638 -0.010127 -0.974341 -0.164682 0.153422 -0.999825 -0.009457 0.016146 -0.869290 0.256307 -0.422660 -0.834611 0.113118 -0.539100 -0.896596 0.372340 -0.239746 -0.903361 0.371146 -0.214918 -0.999976 0.004204 0.005577 -1.000000 0.000067 -0.000000 -1.000000 -0.000226 0.000000 -1.000000 0.000057 0.000000 -1.000000 0.000171 0.000000 -1.000000 -0.000094 -0.000000 -1.000000 0.000165 -0.000000 -0.999367 -0.004282 0.035318 -0.999368 -0.003223 0.035402 -0.003095 -0.995556 -0.094115 0.177627 -0.979204 -0.098018 0.177627 -0.979204 -0.098018 -0.003095 -0.995556 -0.094116 -0.000016 -1.000000 -0.000473 -0.000130 -1.000000 -0.000469 -0.000130 -1.000000 -0.000469 -0.000016 -1.000000 -0.000473 -1.000000 0.000046 -0.000660 -1.000000 0.000048 0.000000 -1.000000 0.000052 0.000000 -1.000000 0.000052 0.000000 -1.000000 0.000064 0.000000 -1.000000 0.000006 0.000000 -1.000000 0.000063 0.000000 -1.000000 0.000083 0.000000 0.042524 0.000000 -0.999095 0.042524 0.000000 -0.999095 -0.042158 -0.000000 0.999111 -0.042158 -0.000000 0.999111 -1.000000 0.000052 0.000000 -1.000000 0.000052 0.000000 -1.000000 0.000051 0.000000 -0.999436 -0.003643 0.033373 0.897256 0.381955 0.221454 -0.999460 0.000033 0.032871 -0.999460 0.000039 0.032871 -0.999460 0.000033 0.032871 -0.999460 -0.000073 0.032871 -0.999460 0.000220 0.032871 -0.999460 0.000125 0.032871 0.000099 -1.000000 -0.000477 0.000099 -1.000000 -0.000477 
						-0.183795 -0.978521 -0.093354 -0.183795 -0.978521 -0.093355 -0.999179 -0.023550 0.032969 -0.999179 -0.023550 0.032969 -0.999179 -0.023550 0.032969 -0.999179 -0.023550 0.032969 0.999161 -0.023550 -0.033494 0.999161 -0.023550 -0.033494 0.999161 -0.023550 -0.033494 0.999161 -0.023550 -0.033494 0.866026 0.500000 0.000043 0.868534 0.490232 0.072942 0.999997 0.000342 -0.002568 0.965926 0.258820 0.000041 0.495958 -0.859027 0.126877 0.472042 -0.864108 0.174622 -0.015178 -0.993367 0.113981 0.000000 -0.991407 0.130812 -0.505314 -0.861363 0.052076 -0.256292 -0.956496 0.139391 0.707089 0.707088 0.007165 0.511381 0.846870 -0.145948 0.868531 0.490375 -0.072015 0.866011 0.499990 0.005936 0.999992 0.000526 0.003949 0.999987 0.000000 0.005025 0.868520 -0.490809 0.069130 0.866015 -0.499993 0.004985 0.866011 -0.499990 0.005870 0.855223 -0.508867 -0.098221 0.496139 -0.867678 -0.031324 0.707094 -0.707093 0.006077 0.258816 -0.965913 0.005230 0.005183 -0.999229 0.038912 0.258816 -0.965913 0.005230 -0.258814 -0.965908 0.006001 -0.484902 -0.868116 0.106037 -0.258814 -0.965908 0.006001 0.707107 0.707106 -0.000000 0.511402 0.846777 0.146412 0.965926 -0.258819 0.000042 0.868527 -0.489142 -0.080005 0.965926 -0.258819 0.000006 0.707106 -0.707107 -0.000000 0.511730 -0.845024 -0.155134 0.499999 -0.866026 0.000047 0.112950 -0.993601 0.000000 0.112950 -0.993601 0.000000 0.112952 -0.993600 0.000000 0.112951 -0.993601 0.000000 0.112952 -0.993600 0.000000 0.112951 -0.993600 0.000000 0.112950 -0.993601 0.000000 0.112950 -0.993601 0.000000 0.112949 -0.993601 0.000000 0.112955 -0.993600 0.000000 0.112956 -0.993600 0.000000 0.112951 -0.993600 0.000000 0.999986 0.001414 -0.005098 0.876228 -0.455647 -0.156879 0.486781 -0.771281 0.410084 0.339409 -0.676565 0.653499 0.301445 -0.814635 0.495480 0.382076 -0.860474 0.337049 
						0.261304 -0.954786 0.141787 0.267481 -0.958005 0.103345 0.547583 -0.779074 -0.305280 0.370923 -0.919010 0.133557 0.320599 -0.939964 0.116982 0.263224 -0.963997 0.037727 0.435012 -0.873873 0.217048 -0.025732 -0.995355 0.092771 0.134277 -0.982419 -0.129701 0.188797 -0.975279 -0.114832 0.252808 -0.966788 -0.037544 -0.491814 -0.870080 -0.032852 -0.040068 -0.912475 -0.407165 0.096081 -0.937095 -0.335592 0.246410 -0.963651 -0.103243 0.546798 0.783875 -0.294198 0.876274 0.458771 -0.147219 0.042049 -0.756259 -0.652920 0.144634 -0.856648 -0.495212 0.250662 -0.957638 -0.141769 0.999996 0.000755 0.002720 0.341579 -0.676000 -0.652953 0.302937 -0.814231 -0.495234 0.261620 -0.954702 -0.141774 0.876162 -0.463722 0.131536 0.440490 -0.781827 -0.441265 0.344390 -0.869769 -0.353407 0.268295 -0.957787 -0.103256 0.819485 -0.537137 -0.199820 0.482656 -0.873232 -0.067146 0.369763 -0.919313 -0.134678 0.533333 -0.757647 -0.376200 0.476744 -0.829202 -0.291788 0.343239 -0.933571 -0.103113 0.289874 -0.947433 -0.135438 0.264335 -0.963699 -0.037560 0.019734 -0.997272 0.071131 0.133151 -0.982715 0.128613 0.161920 -0.981877 0.098484 0.224274 -0.964932 0.136410 0.253923 -0.966489 0.037708 -0.439828 -0.874717 0.203521 -0.091094 -0.924448 0.370268 -0.007756 -0.957838 0.287206 0.138849 -0.924742 0.354363 0.247231 -0.963431 0.103331 0.546356 0.786373 0.288292 0.876270 0.460083 0.143090 0.044208 -0.755664 0.653465 0.013014 -0.896099 0.443663 0.146128 -0.856251 0.495460 0.250976 -0.957553 0.141784 -0.836967 0.074167 -0.542205 0.834517 0.075197 0.545826 -0.955195 -0.003807 -0.295953 -0.954571 0.020206 -0.297297 -0.874977 -0.003949 -0.484149 -0.873363 0.038551 -0.485541 -0.000016 -1.000000 0.000024 -0.000031 -1.000000 0.000047 -0.000032 -1.000000 0.000048 -0.000017 -1.000000 0.000025 0.000722 -0.994775 -0.102093 0.000722 -0.994775 -0.102092 
						0.955638 0.000002 0.294543 0.955643 0.000001 0.294528 0.955643 0.000001 0.294528 0.955639 0.000002 0.294539 -0.000031 -1.000000 0.000048 -0.000031 -1.000000 0.000048 -0.954581 -0.027532 -0.296677 -0.955195 -0.003822 -0.295952 -0.874977 -0.003983 -0.484148 -0.967525 -0.101711 -0.231411 -0.957295 -0.083002 -0.276941 -0.866187 0.128322 -0.482963 -0.896577 0.172403 -0.407953 -0.879790 0.139224 -0.454518 -0.907840 0.167727 -0.384311 -0.967114 0.095686 -0.235658 -0.957261 0.075898 -0.279088 0.850948 0.052220 0.522648 0.861329 0.133541 0.490183 0.891462 0.183397 0.414321 0.874928 -0.011255 0.484122 0.093518 -0.993666 0.062314 0.098499 -0.993625 0.054830 0.098497 -0.993626 0.054833 0.093517 -0.993666 0.062313 0.000005 -1.000000 -0.000003 -0.000000 -1.000000 -0.000000 0.000000 -1.000000 0.000000 0.000008 -1.000000 0.000001 0.000001 -1.000000 0.000000 0.000004 -1.000000 0.000004 0.098496 -0.993625 0.054840 0.093519 -0.993665 0.062315 0.000016 -1.000000 0.000005 0.000018 -1.000000 -0.000004 0.000015 -1.000000 0.000008 0.000021 -1.000000 0.000005 0.000007 -1.000000 0.000012 0.000009 -1.000000 0.000011 -0.955615 0.000001 -0.294620 -0.955615 0.000001 -0.294620 0.955644 0.000001 0.294524 0.955643 0.000001 0.294526 -0.009916 -0.997404 -0.071325 -0.004528 -0.995896 -0.090395 -0.004529 -0.995895 -0.090398 -0.009915 -0.997404 -0.071325 -0.009916 -0.997404 -0.071324 -0.004528 -0.995896 -0.090396 0.072917 -0.995523 0.060145 0.078948 -0.994796 0.064405 0.079499 -0.994728 0.064775 0.078620 -0.994688 0.066444 0.077266 -0.995245 0.059304 0.782106 0.000067 0.623146 0.719777 0.382567 0.579278 0.719855 0.382947 0.578931 0.782108 -0.000086 0.623143 0.085802 -0.994307 0.063180 0.086227 -0.994492 0.059588 0.079797 -0.994835 0.062739 0.566583 0.707070 0.423126 0.307197 0.923867 0.228253 0.309874 0.924292 0.222850 
						0.570131 0.708056 0.416662 -0.000024 -1.000000 0.000031 0.305752 -0.923890 0.230096 0.304294 -0.924035 0.231439 -0.000027 -1.000000 0.000035 0.082357 -0.994976 0.056924 0.083051 -0.994999 0.055493 0.085330 -0.994435 0.061785 0.088125 -0.994234 0.061094 0.082339 -0.994976 0.056949 0.074030 -0.995176 0.064379 0.082141 -0.994886 0.058779 0.075691 -0.995444 0.057987 -0.725527 -0.382542 -0.572077 -0.551343 -0.706892 -0.443085 -0.548219 -0.707658 -0.445730 -0.724829 -0.383316 -0.572443 0.086945 -0.994187 0.063503 0.087277 -0.994241 0.062185 0.090111 -0.993952 0.062765 0.089668 -0.994012 0.062457 0.085907 -0.994116 0.065981 0.089325 -0.994181 0.060205 0.091407 -0.994151 0.057523 0.088031 -0.994230 0.061298 -0.008736 -0.999673 -0.024022 -0.008741 -0.999673 -0.024033 0.017207 -0.999535 0.025181 0.016795 -0.999552 0.024790 0.061430 -0.996633 0.054313 0.048589 -0.997682 0.047640 -0.008737 -0.999673 -0.024019 0.017025 -0.999534 0.025346 0.059552 -0.996647 0.056109 -0.802996 0.000000 -0.595984 -0.802997 0.000000 -0.595983 0.062259 -0.996685 0.052363 0.067385 -0.995511 0.066456 0.073114 -0.995529 0.059810 0.076523 -0.995573 0.054576 0.075862 -0.995654 0.054019 0.073844 -0.995512 0.059179 -0.760847 -0.294085 -0.578468 -0.815059 -0.262573 -0.516463 0.782847 -0.102908 0.613645 0.790535 -0.094666 0.605056 0.803166 0.000000 0.595755 0.803165 -0.000000 0.595757 0.719736 -0.382451 0.579406 0.718907 -0.383199 0.579941 -0.725305 0.382654 -0.572284 -0.787296 0.000067 -0.616575 -0.787308 -0.000089 -0.616560 -0.725468 0.383026 -0.571828 0.540161 0.706558 0.457167 0.276259 0.922802 0.268546 0.279729 0.923283 0.263248 0.541582 0.707102 0.454639 -0.284636 0.923328 -0.257773 -0.547362 0.706844 -0.448069 -0.549050 0.707348 -0.445200 -0.288555 0.923723 -0.251935 0.545028 -0.706693 0.451143 0.541547 -0.707360 0.454278 
						-0.305799 -0.923889 -0.230034 -0.304374 -0.924035 -0.231334 -0.304472 0.923867 -0.231875 -0.563622 0.707071 -0.427060 -0.567024 0.708058 -0.420878 -0.306673 0.924293 -0.227231 -0.154620 0.980783 -0.118981 -0.155983 0.980834 -0.116760 0.001249 0.999998 -0.001659 0.001579 0.999996 -0.002158 0.304388 0.923098 0.235026 0.557754 0.704550 0.438770 -0.000026 -1.000000 0.000032 -0.294257 -0.924502 -0.242298 -0.787297 0.004626 -0.616557 -0.728372 0.386383 -0.565846 -0.559636 -0.704544 -0.436377 -0.729771 -0.378512 -0.569353 0.558479 0.709102 0.430436 0.722629 0.386448 0.573119 -0.555677 0.704552 -0.441396 -0.302261 0.923100 -0.237750 0.000975 0.999999 -0.001244 0.724238 -0.378534 0.576360 0.553775 -0.704544 0.443792 -0.566453 0.708844 -0.420322 0.294217 -0.924502 0.242347 0.312392 0.924120 0.220029 0.782104 0.004630 0.623131 -0.153038 0.980810 -0.120791 -0.322141 0.923593 -0.207849 -0.787309 0.002119 -0.616555 -0.735149 0.383493 -0.559007 -0.000299 1.000000 0.000353 0.287468 0.923839 0.252753 0.344407 0.920067 0.186707 0.577388 0.705746 0.410543 -0.585724 0.704857 -0.400130 -0.734531 -0.380336 -0.561968 0.728995 0.383789 0.566809 0.782113 0.002123 0.623133 0.729211 -0.380555 0.568709 -0.288306 0.923837 -0.251802 -0.147098 0.980839 -0.127737 -0.355658 0.918384 -0.173430 0.279301 -0.924287 0.260164 -0.000026 -1.000000 0.000028 0.529115 0.706633 0.469795 -0.279425 -0.924287 -0.260029 0.569548 -0.705296 0.422104 -0.575384 -0.704861 -0.414855 -0.530443 0.706633 -0.468295 -0.787311 0.004309 -0.616541 -0.740798 0.382418 -0.552245 0.782105 0.004315 0.623132 0.736092 -0.375783 0.562989 -0.276251 0.923025 -0.267788 -0.141044 0.980786 -0.134780 0.510606 -0.708384 0.487312 0.495284 -0.709023 0.501976 0.267514 -0.924424 0.271803 -0.000030 -1.000000 0.000029 0.272482 0.923026 0.271618 0.501926 0.704437 0.501836 
						-0.267524 -0.924423 -0.271795 -0.594546 -0.698010 -0.399121 -0.740937 -0.375411 -0.556848 0.589971 0.702039 0.398843 0.734440 0.382947 0.560311 -0.510986 -0.708389 -0.486908 -0.495204 -0.709022 -0.502057 -0.506089 0.704438 -0.497636 0.589683 -0.698720 0.405049 -0.001728 0.999997 0.001774 -0.597285 0.700844 -0.389960 0.480648 -0.707075 0.518674 0.260118 -0.923870 0.280719 0.739023 0.377525 0.557961 0.782107 -0.000067 0.623144 0.256696 0.923879 0.283820 0.476927 0.707130 0.522022 -0.260173 -0.923869 -0.280670 -0.480707 -0.707074 -0.518620 -0.000025 -1.000000 0.000023 0.739484 -0.377589 0.557306 0.602757 -0.695996 0.390222 -0.607431 -0.695056 -0.384611 -0.744177 -0.377103 -0.551357 0.602006 0.696087 0.391219 -0.787306 -0.000067 -0.616562 -0.745592 0.376839 -0.549623 -0.484153 0.707132 -0.515325 -0.263414 0.923880 -0.277594 -0.003056 0.999991 0.002838 -0.609782 0.694511 -0.381864 -0.135707 0.980778 -0.140209 0.623034 -0.382843 0.682100 0.679846 -0.000025 0.733355 0.681746 0.000436 0.731589 0.690085 -0.367267 0.623617 -0.132630 0.980840 -0.142698 -0.132608 0.980839 -0.142723 -0.008823 0.958600 -0.284620 -0.055787 0.968593 -0.242311 -0.132421 0.980842 -0.142876 -0.132556 0.980840 -0.142761 -0.171474 0.977645 -0.121681 -0.094870 0.981503 -0.166287 -0.132491 0.980841 -0.142819 0.027129 0.954258 -0.297750 0.401844 -0.702249 0.587680 0.607839 -0.675172 0.417941 -0.259334 0.923916 -0.281291 -0.475392 0.707359 -0.523111 -0.572698 0.720309 -0.391372 -0.305520 0.926975 -0.217658 0.240858 -0.923442 0.298735 0.354997 -0.695910 0.624249 0.342970 -0.720432 0.602785 0.190801 -0.926989 0.322933 -0.133970 0.980785 -0.141819 -0.153453 0.981505 -0.114455 0.251733 0.923917 0.288111 -0.003474 0.999989 0.003127 0.001610 0.999996 -0.002224 0.309758 0.926971 0.211599 0.467210 0.707387 0.530395 0.577755 0.720511 0.383486 
						0.633103 0.382828 0.672773 0.574015 0.368507 0.731238 -0.240965 -0.923447 -0.298633 -0.000017 -1.000000 0.000016 -0.000031 -1.000000 0.000019 -0.190816 -0.926989 -0.322924 0.489879 0.707108 0.509919 0.375415 0.676831 0.633216 -0.490360 0.707091 -0.509479 -0.633609 0.382812 -0.672306 -0.570998 0.367625 -0.734038 -0.372234 0.675688 -0.636307 -0.680299 -0.000035 -0.732934 -0.679114 -0.000275 -0.734033 -0.623572 -0.382854 -0.681601 -0.405869 -0.702683 -0.584386 -0.604475 -0.676335 -0.420928 -0.687031 -0.368160 -0.626455 -0.132313 0.980841 -0.142981 -0.025093 0.977456 -0.209643 -0.132366 0.980840 -0.142940 -0.132288 0.980842 -0.142997 -0.249773 0.968291 0.005192 -0.284809 0.958383 0.019619 -0.132554 0.980841 -0.142761 -0.105976 0.978265 -0.178229 -0.132365 0.980840 -0.142943 -0.132291 0.980841 -0.143006 0.023258 0.967847 -0.250461 0.040724 0.958174 -0.283273 -0.132500 0.980840 -0.142819 -0.131269 0.981120 -0.142028 -0.132605 0.980840 -0.142720 -0.132491 0.980841 -0.142815 -0.299388 0.954122 0.004201 -0.284509 0.958154 -0.031564 0.738167 -0.002687 -0.674613 0.733884 -0.000000 -0.679274 0.720017 -0.193697 -0.666376 0.673889 -0.181658 -0.716152 -0.132618 0.980844 -0.142682 -0.239218 0.967985 -0.076022 -0.132332 0.980837 -0.142995 -0.132438 0.980837 -0.142892 -0.156068 0.982098 -0.105479 -0.204747 0.978017 -0.039514 -0.355162 -0.695936 -0.624125 -0.342882 -0.720433 -0.602833 -0.259783 0.924004 -0.280587 -0.479967 0.707734 -0.518405 -0.346220 0.720456 -0.600896 -0.191788 0.926973 -0.322394 0.729538 -0.002587 -0.683935 0.728930 -0.007107 -0.684551 0.788759 -0.171205 -0.590380 0.766045 -0.181495 -0.616632 0.733649 -0.000000 -0.679529 0.737360 0.002190 -0.675497 0.673070 0.181152 -0.717050 0.719783 0.193702 -0.666628 0.737866 0.006053 -0.674920 0.648535 0.170268 -0.741897 0.259783 0.924004 0.280587 0.000000 1.000000 -0.000000 
						-0.000038 1.000000 0.000023 0.191740 0.926974 0.322421 0.729970 0.002325 -0.683476 0.766486 0.181231 -0.616161 0.731110 0.018823 -0.682000 0.722268 0.038671 -0.690531 0.586654 -0.035562 -0.809056 0.532870 -0.031735 -0.845602 0.016725 -0.952917 0.302770 -0.044135 -0.826800 0.560761 -0.045818 -0.824750 0.563639 0.016678 -0.952320 0.304645 0.729511 0.006263 -0.683940 0.789381 0.170366 -0.589791 0.738680 -0.007270 -0.674017 0.649349 -0.171550 -0.740889 0.719970 -0.045909 -0.692486 0.729863 -0.026998 -0.683060 0.532060 0.005156 -0.846691 0.584410 0.028294 -0.810965 0.479968 0.707734 0.518405 0.346202 0.720458 0.600903 0.697711 -0.050430 -0.714602 0.570227 0.058714 -0.819386 0.701511 0.045355 -0.711214 0.574153 -0.063911 -0.816250 -0.428839 0.896815 0.108721 -0.412859 0.910395 0.026977 0.561556 -0.360279 0.744885 0.677963 0.000628 0.735096 -0.681450 -0.000482 -0.731865 -0.565803 -0.361737 -0.740955 0.184176 0.909484 -0.372716 0.141502 0.897056 -0.418649 0.006644 -0.864816 -0.502044 -0.333412 -0.653739 -0.679310 -0.047131 -0.837870 -0.543832 0.072114 0.970724 -0.229116 0.161205 0.940393 -0.299455 -0.000001 -1.000000 0.000001 0.308480 -0.927863 0.209547 -0.205685 0.971460 -0.118147 -0.060481 0.983298 -0.171660 -0.627989 0.664096 -0.405717 -0.700045 0.360385 -0.616490 0.060625 0.911170 -0.407547 -0.024471 0.942593 -0.333047 -0.307717 0.941166 0.139700 -0.384354 0.909857 0.156305 0.695894 0.361817 0.620339 0.623204 0.666020 0.409919 0.304583 0.724896 0.617863 0.166892 0.927796 0.333678 -0.229443 0.971678 0.056541 -0.010324 0.999929 0.005920 -0.105109 0.981664 -0.159021 -0.129816 0.981345 -0.141808 -0.161620 0.984286 -0.071131 -0.332492 0.941565 -0.053884 0.326363 -0.650546 0.685767 -0.308584 -0.927865 -0.209385 -0.017071 -0.860328 0.509455 0.038599 -0.832373 0.552870 -0.190851 0.927814 -0.320525 
						-0.332422 0.724122 -0.604271 -0.097403 0.972487 -0.211616 0.438216 -0.820815 0.366374 0.401609 -0.825743 0.396053 0.402335 -0.825657 0.395497 0.438956 -0.820713 0.365715 0.579454 -0.362146 -0.730126 0.529299 -0.336382 -0.778903 0.402352 -0.825119 0.396601 0.431708 -0.826000 0.362426 0.431661 -0.826001 0.362479 0.402592 -0.825136 0.396320 -0.109541 0.935907 -0.334782 -0.000085 1.000000 0.000030 0.455340 -0.824021 0.337127 0.470490 -0.820484 0.324724 0.470308 -0.820548 0.324826 0.455124 -0.824054 0.337338 0.109442 0.935907 0.334813 0.183063 0.758284 0.625695 0.474020 -0.817658 0.326712 0.463327 -0.817622 0.341794 0.463788 -0.817578 0.341272 0.474094 -0.817699 0.326502 0.772813 -0.361890 -0.521340 0.676241 -0.388839 -0.625701 0.675983 0.388850 -0.625973 0.773285 0.361613 -0.520833 0.338075 -0.817640 0.466015 0.309123 -0.815254 0.489697 0.308471 -0.815234 0.490142 0.337375 -0.817554 0.466672 0.528464 0.335043 -0.780046 0.578607 0.361622 -0.731056 0.288873 -0.816288 0.500227 0.282656 -0.820750 0.496463 0.282702 -0.820866 0.496245 0.288530 -0.816361 0.500305 0.293880 -0.826358 0.480382 0.293644 -0.826297 0.480631 0.417556 0.101227 -0.902995 0.411028 0.165446 -0.896484 0.338684 -0.830374 0.442462 0.321209 -0.829884 0.456198 0.321145 -0.829881 0.456250 0.338682 -0.830374 0.442463 0.419981 -0.055241 -0.905850 0.411408 -0.004424 -0.911440 0.818282 0.335003 -0.467106 0.370435 -0.821774 0.432972 0.369915 -0.821706 0.433546 0.817595 -0.335846 -0.467702 -0.183087 0.758279 -0.625694 0.359834 -0.829547 0.427049 0.360195 -0.829527 0.426784 0.415141 -0.171042 -0.893534 0.419829 -0.108828 -0.901055 0.132416 -0.980866 0.142718 0.132926 -0.980878 0.142159 0.132927 -0.980878 0.142160 0.132416 -0.980866 0.142718 0.384469 -0.825597 0.413005 0.384297 -0.825648 0.413064 0.384297 -0.825648 0.413062 
						0.384469 -0.825597 0.413005 0.132555 -0.980844 0.142737 0.132444 -0.980876 0.142618 0.132424 -0.980882 0.142596 0.132534 -0.980850 0.142716 0.132287 -0.980864 0.142849 0.132287 -0.980864 0.142850 0.383614 -0.825688 0.413617 0.383442 -0.825675 0.413804 0.383442 -0.825675 0.413804 0.383613 -0.825689 0.413616 0.132293 -0.980843 0.142987 0.132276 -0.980873 0.142798 0.132274 -0.980873 0.142796 0.132293 -0.980843 0.142987 0.133259 -0.980846 0.142065 0.132806 -0.980853 0.142441 0.132803 -0.980854 0.142438 0.133261 -0.980846 0.142066 0.383673 -0.825676 0.413587 0.383672 -0.825677 0.413586 0.132252 -0.980875 0.142805 0.132251 -0.980875 0.142804 0.383225 -0.825751 0.413852 0.383161 -0.825693 0.414026 0.383162 -0.825692 0.414028 0.383225 -0.825752 0.413851 0.131967 -0.980864 0.143148 0.132358 -0.980865 0.142773 0.132358 -0.980865 0.142773 0.131967 -0.980864 0.143148 0.383268 -0.825654 0.414006 0.383305 -0.825655 0.413971 0.383304 -0.825656 0.413969 0.383268 -0.825654 0.414006 0.131681 -0.980863 0.143418 0.131680 -0.980863 0.143417 -0.731333 0.001182 0.682020 -0.733284 0.000804 0.679922 -0.733298 0.000802 0.679907 -0.731346 0.001180 0.682005 0.383365 -0.825690 0.413845 0.383262 -0.825675 0.413970 0.383262 -0.825675 0.413970 0.383364 -0.825690 0.413845 0.132241 -0.980872 0.142836 0.132258 -0.980857 0.142923 0.132258 -0.980857 0.142923 0.132241 -0.980872 0.142837 0.383377 -0.825670 0.413872 0.383377 -0.825670 0.413872 0.132319 -0.980864 0.142822 0.132319 -0.980864 0.142823 0.727371 0.022096 -0.685888 0.710097 0.033693 -0.703297 0.710106 0.033706 -0.703287 0.727380 0.022077 -0.685880 -0.680246 -0.000182 -0.732984 -0.628352 -0.383576 -0.676789 -0.628370 -0.383520 -0.676803 -0.680245 0.000048 -0.732985 0.689255 -0.061545 -0.721900 0.715209 -0.062208 -0.696137 0.715221 -0.062198 -0.696125 
						0.689279 -0.061559 -0.721876 -0.479998 -0.707738 -0.518371 -0.259814 -0.924005 -0.280556 -0.259821 -0.924000 -0.280564 -0.479983 -0.707759 -0.518355 -0.000029 -1.000000 0.000027 0.259723 -0.924004 0.280642 0.259731 -0.923999 0.280651 -0.000031 -1.000000 0.000028 0.733782 -0.022903 -0.678999 0.734496 -0.015651 -0.678433 -0.481075 0.707644 -0.517501 -0.628447 0.383357 -0.676825 -0.628343 0.383719 -0.676716 -0.480886 0.707920 -0.517298 0.480680 -0.707737 0.517740 0.628082 -0.383576 0.677039 0.628100 -0.383521 0.677054 0.480667 -0.707759 0.517723 0.733348 0.000363 -0.679853 0.733473 0.000322 -0.679719 0.680014 -0.000181 0.733199 0.680016 0.000048 0.733198 0.628159 0.383360 0.677091 0.480758 0.707646 0.517792 0.480570 0.707923 0.517588 0.628056 0.383722 0.676980 -0.481002 -0.707737 -0.517441 -0.480991 -0.707759 -0.517422 0.479926 -0.707737 0.518438 0.479917 -0.707759 0.518418 0.733715 0.000296 -0.679457 0.733714 0.000301 -0.679458 0.383107 -0.825608 0.414247 0.383327 -0.825648 0.413964 0.383330 -0.825644 0.413967 0.383106 -0.825608 0.414247 0.131929 -0.980846 0.143305 0.131930 -0.980845 0.143307 0.132439 -0.980882 0.142583 0.132435 -0.980883 0.142579 0.383866 -0.825597 0.413565 0.383866 -0.825598 0.413564 0.132011 -0.980878 0.143011 0.132014 -0.980877 0.143014 0.383154 -0.825646 0.414127 0.383154 -0.825646 0.414128 -0.735825 -0.000597 0.677172 -0.735323 -0.000450 0.677716 -0.735320 -0.000449 0.677720 -0.735821 -0.000596 0.677175 0.383568 -0.825587 0.413861 0.383572 -0.825583 0.413866 -0.000027 -1.000000 0.000023 0.260054 -0.923983 0.280405 0.259237 -0.924075 0.280858 -0.000028 -1.000000 0.000025 0.579277 0.812935 0.059800 0.315045 0.948294 0.038525 0.311998 0.949311 0.038297 0.575325 0.815778 0.059233 -0.130344 -0.667063 0.733510 -0.130838 -0.663950 0.736242 -0.684045 -0.000043 -0.729440 
						-0.511030 -0.248014 -0.823005 -0.506524 -0.252759 -0.824346 -0.681066 -0.005621 -0.732200 -0.154454 0.986626 -0.052085 -0.305976 0.948102 -0.086488 -0.303815 0.948841 -0.086005 -0.154453 0.986626 -0.052088 -0.601026 -0.076340 -0.795575 -0.700206 -0.328467 -0.633893 -0.698868 -0.323682 -0.637819 -0.598094 -0.070704 -0.798301 0.128302 -0.664989 -0.735750 0.042571 -0.826179 -0.561797 0.044512 -0.823779 -0.565162 0.128812 -0.661641 -0.738674 0.003836 0.999868 -0.015800 0.003340 0.999868 -0.015914 -0.017208 -0.952926 -0.302713 -0.017145 -0.952068 -0.305405 0.000009 -1.000000 0.000210 -0.000035 -1.000000 -0.000259 0.521256 -0.752628 0.402297 0.746788 -0.542476 0.384742 0.743063 -0.547119 0.385380 0.517281 -0.755417 0.402202 -0.437928 0.175223 -0.881768 -0.434234 0.180042 -0.882624 0.237486 -0.900129 0.365196 0.235277 -0.900891 0.364748 -0.285367 -0.450218 -0.846091 -0.281407 -0.453389 -0.845723 -0.783918 0.247123 -0.569563 -0.782739 0.242689 -0.573081 -0.625265 0.383744 -0.679546 -0.677413 0.000079 -0.735603 -0.677419 0.002989 -0.735592 -0.627815 0.386032 -0.675890 -0.135693 0.980799 -0.140076 -0.263375 0.923970 -0.277334 -0.264008 0.924092 -0.276323 -0.136058 0.980813 -0.139624 -0.503128 -0.378568 -0.776884 -0.347241 -0.697136 -0.627236 -0.347562 -0.697644 -0.626493 -0.503155 -0.378914 -0.776698 -0.480552 -0.707688 -0.517926 -0.260152 -0.923983 -0.280315 -0.259346 -0.924075 -0.280758 -0.479391 -0.707945 -0.518650 -0.564673 -0.000061 -0.825315 -0.564662 -0.000094 -0.825323 0.480490 -0.707688 0.517983 0.479242 -0.707945 0.518788 -0.625172 0.383477 -0.679783 -0.677408 0.000062 -0.735607 -0.501854 0.378468 -0.777756 -0.501595 0.378639 -0.777840 -0.625184 -0.383473 -0.679774 -0.477341 -0.707718 -0.520846 -0.476449 -0.708014 -0.521261 -0.625001 -0.383739 -0.679793 0.476819 0.707715 0.521328 0.256735 0.923969 0.283494 0.257518 0.924091 0.282383 
						0.477895 0.708022 0.519924 -0.003049 0.999991 0.002822 -0.002948 0.999992 0.002753 -0.345220 0.696866 -0.628650 -0.344265 0.696825 -0.629219 -0.484008 0.707714 -0.514663 -0.485036 0.708021 -0.513269 -0.477288 0.707681 -0.520944 -0.477810 0.707943 -0.520109 -0.003433 0.999989 0.003099 -0.134017 0.980819 -0.141539 -0.128719 0.980815 -0.146404 -0.004785 0.999981 0.003942 -0.564662 -0.002996 -0.825317 -0.505143 0.377505 -0.776093 -0.484144 -0.706465 -0.516248 -0.628265 -0.381150 -0.678238 0.252555 0.923664 0.288204 0.467852 0.706545 0.530951 -0.351662 0.698104 -0.623686 -0.476256 0.706547 -0.523422 -0.260147 0.923665 -0.281367 -0.486340 0.709007 -0.510668 0.251042 -0.924465 0.286953 -0.000031 -1.000000 0.000027 -0.355111 -0.702344 -0.616935 -0.505277 -0.382807 -0.773404 -0.251099 -0.924465 -0.286905 -0.464791 -0.709305 -0.529958 0.464711 -0.709305 0.530029 -0.236703 -0.924475 -0.298859 -0.000028 -1.000000 0.000021 -0.000021 -1.000000 0.000015 -0.228580 -0.924910 -0.303798 -0.511205 0.379597 -0.771087 -0.367766 0.702926 -0.608804 -0.452989 0.706435 -0.543830 -0.248477 0.923617 -0.291873 -0.634288 0.385046 -0.670386 -0.504738 0.706654 -0.495862 0.236639 -0.924476 0.298909 -0.371745 -0.706899 -0.601747 -0.511260 -0.385031 -0.768352 -0.438273 -0.709345 -0.552038 -0.564680 -0.003127 -0.825304 0.438187 -0.709345 0.552107 -0.677416 0.003090 -0.735594 -0.500740 -0.704703 -0.502646 -0.633992 -0.380168 -0.673443 0.237927 0.923617 0.300538 0.441303 0.706431 0.553359 -0.513768 -0.388418 -0.764967 -0.564685 -0.006503 -0.825281 0.423484 -0.710863 0.561547 0.228575 -0.924910 0.303801 -0.677410 0.006432 -0.735578 -0.637051 0.386773 -0.666763 -0.515323 0.377225 -0.769509 -0.510948 -0.700994 -0.497533 -0.637617 -0.376236 -0.672228 0.230918 0.922962 0.307926 0.428592 0.704403 0.565796 -0.005537 0.999975 0.004343 -0.125767 0.980823 -0.148893 
						-0.378134 0.702660 -0.602730 -0.441665 0.704404 -0.555650 -0.242983 0.922962 -0.298497 -0.513231 0.706070 -0.487913 -0.379724 -0.709821 -0.593266 -0.423352 -0.710862 -0.561648 0.109162 0.981211 0.159087 0.109336 0.981216 0.158937 0.109334 0.981216 0.158935 0.109161 0.981211 0.159086 0.108813 0.981213 0.159315 0.108839 0.981218 0.159267 0.108839 0.981218 0.159267 0.108812 0.981213 0.159314 0.109004 0.981218 0.159155 0.108959 0.981216 0.159196 0.108960 0.981216 0.159197 0.109004 0.981218 0.159154 0.109157 0.981213 0.159077 0.109183 0.981216 0.159040 0.109183 0.981216 0.159039 0.109158 0.981213 0.159078 0.108641 0.981220 0.159390 0.108642 0.981219 0.159391 0.108617 0.981213 0.159450 0.108897 0.981217 0.159232 0.108897 0.981217 0.159233 0.108617 0.981212 0.159450 0.108482 0.981220 0.159499 0.108484 0.981219 0.159502 0.108767 0.981216 0.159328 0.108645 0.981218 0.159395 0.108646 0.981218 0.159395 0.108763 0.981217 0.159321 0.108623 0.981213 0.159441 0.108623 0.981213 0.159442 0.108926 0.981211 0.159249 0.108922 0.981212 0.159245 0.109225 0.981217 0.159009 0.109227 0.981216 0.159012 -0.820299 -0.111191 0.561023 -0.799621 -0.105230 0.591213 -0.799614 -0.105226 0.591224 -0.820304 -0.111191 0.561015 -0.270348 -0.221599 0.936913 -0.304788 -0.133404 0.943031 -0.304819 -0.131874 0.943236 -0.271964 -0.220836 0.936626 -0.695853 0.044052 0.716832 -0.736371 0.051523 0.674614 -0.736379 0.051521 0.674605 -0.695863 0.044079 0.716820 -0.754637 0.001786 0.656140 -0.754587 -0.001595 0.656197 -0.747918 -0.027511 0.663221 -0.747576 -0.029748 0.663509 -0.788018 0.100844 0.607336 -0.799520 0.105156 0.591363 -0.799515 0.105153 0.591371 -0.788016 0.100849 0.607338 -0.733773 -0.049775 0.677569 -0.695838 -0.044073 0.716845 -0.695851 -0.044096 0.716831 -0.733954 -0.049377 0.677402 
						-0.851623 -0.101037 0.514325 -0.840930 -0.105226 0.530815 -0.840938 -0.105221 0.530803 -0.851621 -0.101047 0.514326 -0.883095 -0.000004 0.469194 -0.904460 0.183781 0.384938 -0.904449 0.183750 0.384978 -0.883095 -0.000004 0.469194 -0.841031 0.105152 0.530668 -0.851744 0.100836 0.514163 -0.851744 0.100844 0.514163 -0.841037 0.105149 0.530661 -0.951156 -0.191763 0.241927 -0.904459 -0.183782 0.384938 -0.904449 -0.183756 0.384975 -0.951137 -0.191808 0.241965 -0.820298 0.111192 0.561024 -0.820299 0.111192 0.561022 -0.951157 0.191777 0.241911 -0.951138 0.191816 0.241957 -0.788123 -0.101039 0.607168 -0.788117 -0.101036 0.607177 -0.768616 -0.166552 0.617648 -0.747155 -0.150988 0.647273 -0.788407 -0.071777 0.610952 -0.798948 -0.081444 0.595860 -0.306981 -0.002856 0.951711 -0.306982 -0.000201 0.951715 -0.315763 0.062263 0.946793 -0.315795 0.062454 0.946770 -0.282326 0.568243 -0.772912 -0.511526 0.367590 -0.776671 -0.507009 0.372343 -0.777369 -0.278416 0.571047 -0.772263 -0.306430 0.133456 0.942491 -0.273370 0.220366 0.936326 -0.274743 0.219716 0.936077 -0.306442 0.131725 0.942731 -0.972332 -0.121600 -0.199458 -0.929261 -0.238044 -0.282505 -0.927932 -0.240268 -0.284979 -0.971944 -0.123244 -0.200339 -0.993349 -0.000019 -0.115144 -0.989245 -0.038364 -0.141144 -0.989184 -0.038741 -0.141471 -0.993349 0.000038 -0.115143 -0.930528 0.236409 -0.279691 -0.973007 0.120202 -0.197002 -0.972556 0.122134 -0.198036 -0.929115 0.238783 -0.282362 -0.989489 0.037867 -0.139560 -0.989401 0.038437 -0.140031 -0.702648 0.628248 0.334053 -0.696852 0.637960 0.327726 -0.697361 0.637136 0.328246 -0.702386 0.628706 0.333741 -0.694978 -0.640973 0.325821 -0.638254 -0.636624 0.432830 -0.635247 -0.636426 0.437519 -0.695420 -0.640231 0.326336 -0.692098 0.135943 -0.708887 -0.688632 0.141438 -0.711183 -0.512166 -0.584369 0.629443 -0.449829 -0.529133 0.719494 
						-0.449350 -0.529522 0.719507 -0.509508 -0.582197 0.633600 -0.802158 0.287097 0.523562 -0.876782 0.326537 0.353026 -0.914396 0.263028 0.307728 -0.853025 0.237697 0.464595 -0.833181 -0.391764 0.390296 -0.744183 -0.338735 0.575718 -0.802340 -0.286836 0.523427 -0.877045 -0.326129 0.352749 -0.703176 -0.000081 0.711016 -0.768428 0.000058 0.639936 -0.812222 -0.178935 0.555228 -0.822106 -0.088856 0.562358 -0.743721 0.339044 0.576133 -0.832543 0.392671 0.390745 -0.767922 0.167918 0.618142 -0.811980 0.180636 0.555031 -0.822050 0.089749 0.562298 -0.798617 0.082138 0.596208 -0.854022 -0.159083 0.495317 -0.844380 -0.077793 0.530066 -0.854246 0.160449 0.494490 -0.872064 0.139532 0.469080 -0.853711 0.065837 0.516568 -0.844588 0.078492 0.529632 -0.824421 0.211092 0.525138 -0.873346 0.165592 0.458090 -0.838729 0.130209 0.528752 -0.792720 0.158633 0.588584 -0.909001 -0.007688 0.416724 -0.870456 -0.006325 0.492205 -0.896434 -0.093713 0.433156 -0.859197 -0.073643 0.506317 -0.871756 -0.138678 0.469904 -0.853452 -0.065478 0.517043 -0.873856 -0.163767 0.457773 -0.824016 -0.210363 0.526065 -0.792463 -0.158267 0.589028 -0.839427 -0.128930 0.527958 -0.746463 0.151795 0.647882 -0.788042 0.072099 0.611385 0.469964 -0.554402 0.686857 0.470156 -0.554408 0.686720 0.324012 -0.525829 0.786461 0.289075 -0.533636 0.794776 -0.825420 0.000051 0.564518 -0.821968 -0.002361 0.569529 -0.825410 0.000051 0.564534 -0.828673 0.002572 0.559727 -0.829167 -0.006946 0.558958 -0.828783 -0.002551 0.559565 -0.798501 0.095614 0.594351 -0.754769 0.107996 0.647040 -0.825196 -0.005150 0.564822 -0.817430 -0.054910 0.573405 -0.829045 0.006829 0.559141 -0.754735 -0.107955 0.647087 -0.799112 -0.094659 0.593684 -0.821457 -0.006638 0.570232 -0.825263 0.000005 0.564748 -0.821598 0.006493 0.570030 -0.822079 0.002382 0.569369 -0.853043 -0.237672 0.464575 
						-0.914421 -0.262984 0.307689 0.470305 -0.554370 0.686650 0.470481 -0.554364 0.686533 0.470481 -0.554365 0.686532 0.470305 -0.554369 0.686650 0.469646 -0.554363 0.687106 0.469992 -0.554363 0.686869 0.469992 -0.554365 0.686868 0.469646 -0.554363 0.687105 0.470049 -0.554373 0.686822 0.469824 -0.554374 0.686976 0.469825 -0.554372 0.686976 0.470049 -0.554371 0.686823 0.469589 -0.554374 0.687136 0.469823 -0.554369 0.686980 0.469822 -0.554370 0.686979 0.469589 -0.554374 0.687136 0.469748 -0.554360 0.687038 0.469284 -0.554367 0.687350 0.469284 -0.554366 0.687350 0.469748 -0.554360 0.687038 0.470089 -0.554347 0.686815 0.470124 -0.554361 0.686780 0.470124 -0.554362 0.686779 0.470088 -0.554351 0.686813 0.469986 -0.554364 0.686872 0.469988 -0.554360 0.686874 0.454176 -0.552845 0.698632 0.449424 -0.552547 0.701933 0.449006 -0.553527 0.701428 0.453805 -0.553778 0.698134 0.469284 -0.554360 0.687355 0.469285 -0.554358 0.687357 0.475009 -0.554378 0.683397 0.475008 -0.554379 0.683396 -0.207286 -0.923994 -0.321351 0.007668 -0.999957 -0.005245 0.001771 -0.999997 -0.001808 -0.270049 -0.927017 -0.260217 0.468882 -0.554404 0.687594 0.469298 -0.554411 0.687305 0.559249 -0.563127 0.608382 0.501191 -0.559267 0.660324 0.469346 -0.554421 0.687264 0.469795 -0.554424 0.686955 0.569508 -0.534196 0.624736 0.614668 -0.528371 0.585668 0.469564 -0.554428 0.687109 0.635502 -0.534528 0.557151 0.469806 -0.554429 0.686943 0.630247 -0.549165 0.548822 0.469676 -0.554416 0.687042 0.468972 -0.554422 0.687518 0.439255 -0.544506 0.714541 0.377471 -0.530732 0.758841 0.469723 -0.554416 0.687011 0.606499 -0.553899 0.570399 0.470697 -0.554425 0.686336 0.470273 -0.554420 0.686631 0.362286 -0.570242 0.737274 0.432955 -0.563175 0.703835 0.469718 -0.554408 0.687020 0.282616 -0.550021 0.785878 0.469802 -0.554414 0.686958 
						0.308687 -0.564987 0.765181 0.470528 -0.554422 0.686454 0.505885 -0.548444 0.665800 0.829028 -0.006803 -0.559165 0.828632 -0.002544 -0.559787 0.771064 -0.181544 -0.610330 0.750501 -0.170866 -0.638399 -0.825259 0.000015 0.564754 -0.853039 0.237776 0.464529 -0.936021 0.147159 0.319700 -0.919111 0.000011 0.393998 -0.914457 -0.262914 0.307643 -0.853061 -0.237725 0.464515 -0.936034 -0.147092 0.319695 -0.972185 -0.142243 0.186074 0.825354 -0.000051 -0.564615 0.822031 -0.002413 -0.569438 0.848279 -0.181449 -0.497493 0.809713 -0.193805 -0.553899 -0.821747 -0.002518 0.569847 -0.825157 0.000051 0.564904 -0.809510 -0.193745 0.554217 -0.848015 -0.181573 0.497898 -0.828572 -0.002397 0.559877 -0.829033 -0.006709 0.559159 -0.750478 -0.170781 0.638449 -0.770989 -0.181443 0.610454 0.750511 -0.113654 -0.651012 0.795759 -0.103879 -0.596638 0.680543 -0.027509 -0.732191 0.640537 -0.003369 -0.767920 -0.821298 -0.006904 0.570458 -0.866711 -0.171056 0.468564 0.821555 -0.006559 -0.570092 0.866981 -0.170693 -0.468197 -0.914431 0.262991 0.307655 -0.972172 0.142283 0.186111 0.825246 -0.008569 -0.564708 0.700180 -0.009820 -0.713899 0.801577 0.086501 -0.591601 0.759109 0.101998 -0.642923 0.649201 -0.008484 -0.760570 0.685874 0.010905 -0.727638 0.819491 0.045945 -0.571248 -0.521074 0.383696 -0.762404 -0.564278 -0.000074 -0.825585 -0.565843 -0.000411 -0.824513 -0.589597 0.367700 -0.719147 0.521387 -0.383712 0.762182 0.564578 -0.000076 0.825380 0.562891 0.000297 0.826531 0.456168 -0.367695 0.810377 -0.214549 0.924931 -0.313800 -0.398637 0.707928 -0.583032 -0.254262 0.720711 -0.644924 -0.141706 0.927878 -0.344908 0.521373 0.383693 0.762201 0.586118 0.368599 0.721527 0.398843 -0.707882 0.582947 0.276431 -0.676934 0.682163 0.398685 0.707929 0.582998 0.215801 0.924046 0.315547 0.142428 0.927025 0.346900 0.254303 0.720696 0.644924 
						0.001329 0.999997 0.001911 0.000913 0.999997 0.002093 0.223994 -0.924000 0.309920 0.273035 -0.927014 0.257093 0.398793 0.707929 0.582925 0.531376 0.678203 0.507623 0.440359 -0.545018 0.713470 0.377986 -0.531285 0.758197 0.323690 -0.526328 0.786259 0.288262 -0.534030 0.794806 0.281728 -0.550352 0.785966 0.307822 -0.565328 0.765277 0.361419 -0.570471 0.737522 0.431347 -0.563574 0.704502 0.504461 -0.548923 0.666486 0.568668 -0.534708 0.625063 0.614564 -0.528679 0.585500 0.635723 -0.534917 0.556524 0.630627 -0.549477 0.548073 0.607166 -0.554113 0.569480 0.560481 -0.563474 0.606925 0.502409 -0.559577 0.659135 -0.521053 -0.383714 -0.762409 -0.459560 -0.368581 -0.808055 0.407498 -0.707842 0.576980 0.509994 -0.720675 0.469610 -0.389416 -0.707838 -0.589339 -0.507470 -0.720602 -0.472447 -0.398481 -0.707883 -0.583194 -0.280164 -0.678116 -0.679461 0.520196 -0.572933 0.633359 0.424631 -0.527970 0.735483 -0.653356 0.319349 -0.686398 -0.671779 0.582283 -0.457886 -0.535276 0.677026 -0.505090 0.170483 -0.586118 0.792087 0.272784 -0.601333 0.750991 0.298706 -0.935940 0.186523 -0.002526 -0.999989 0.003920 0.141286 -0.490499 0.859912 0.121885 -0.540320 0.832585 -0.305149 -0.935940 -0.175786 -0.572514 -0.758822 -0.310511 0.319833 -0.484815 0.814040 0.217080 -0.468042 0.856629 -0.409137 -0.323012 -0.853387 -0.567234 -0.001514 -0.823556 0.531425 -0.534510 0.657180 0.642151 -0.490843 0.588825 0.561385 0.001483 0.827553 0.402472 -0.319304 0.857940 0.718673 -0.472398 0.510244 0.749482 -0.492191 0.442747 0.664081 0.587295 0.462689 0.646571 0.323113 0.691045 0.732446 -0.538702 0.416321 0.059220 0.935973 0.347056 0.089619 0.758588 0.645377 0.401690 -0.579617 0.709006 0.182876 -0.582116 0.792274 -0.190114 -0.587137 -0.786846 0.565504 -0.758199 0.324559 0.688658 -0.565857 0.453383 0.000447 0.999998 0.002109 
						0.600935 -0.601970 0.525842 -0.089593 0.758618 -0.645346 -0.059048 0.936730 -0.345037 0.045571 0.996547 -0.069412 -0.000358 1.000000 0.000387 -0.000564 1.000000 0.000703 0.078519 0.989734 -0.119424 -0.398483 0.707928 -0.583137 0.403781 -0.578833 0.708458 0.533268 -0.533551 0.656466 0.679604 -0.361995 -0.638042 0.637308 -0.335519 -0.693733 -0.719398 -0.060601 -0.691949 -0.727131 -0.059921 -0.683879 -0.832706 -0.047992 -0.551632 -0.821571 -0.049412 -0.567961 -0.987174 0.061943 0.147143 -0.979978 0.000000 0.199104 0.749245 -0.491582 0.443823 0.731932 -0.538288 0.417757 -0.987179 -0.061853 0.147145 -0.998895 -0.030884 0.035437 0.643413 -0.489568 0.588509 0.719035 -0.471652 0.510425 0.840960 -0.361917 -0.402247 0.760327 -0.389087 -0.520109 0.423373 -0.526976 0.736920 0.319154 -0.483677 0.814983 -0.760103 -0.389066 0.520453 -0.840701 -0.362063 0.402657 0.217434 -0.467213 0.856992 0.142583 -0.489998 0.859984 -0.637261 -0.335480 0.693795 -0.679512 -0.361943 0.638169 0.123512 -0.539844 0.832654 0.529953 0.045627 -0.846799 0.494546 0.101529 -0.863201 0.518795 -0.572318 0.635061 -0.877241 -0.335801 0.343053 0.877539 -0.335415 -0.342668 0.687548 -0.565550 0.455446 0.599776 -0.601048 0.528214 -0.998892 0.030908 0.035476 0.171561 -0.585483 0.792323 0.540716 -0.009417 -0.841152 0.274126 -0.600756 0.750964 0.503448 -0.114221 -0.856443 0.534871 -0.062326 -0.842632 
					</float_array>
					<technique_common>
						<accessor count="5552" offset="0" source="#meshId0-bitangents-array" stride="3">
							<param name="X" type="float" />
							<param name="Y" type="float" />
							<param name="Z" type="float" />
						</accessor>
					</technique_common>
				</source>
				<source id="meshId0-tex0" name="meshId0-tex0">
					<float_array id="meshId0-tex0-array" count="11104"> 
						0.241906 0.719241 0.241906 0.715657 0.245478 0.711847 0.249007 0.712832 0.250349 0.719241 0.737810 0.374402 0.737810 0.374402 0.737810 0.374402 0.737810 0.374402 0.976279 0.278108 0.976283 0.254819 0.982213 0.254819 0.982215 0.278106 0.998496 0.824574 0.998490 0.832456 0.992724 0.833087 0.992730 0.825205 0.844691 0.604989 0.844696 0.611641 0.835933 0.611642 0.835928 0.604989 0.732454 0.374402 0.732454 0.374402 0.732454 0.374402 0.498955 0.139802 0.499439 0.151229 0.490776 0.151594 0.490292 0.140167 0.989558 0.823391 0.989557 0.815418 0.989982 0.814913 0.990474 0.814728 0.990474 0.823232 0.552360 0.907596 0.564018 0.907659 0.563986 0.913606 0.552328 0.913541 0.564600 0.800614 0.552941 0.800550 0.552973 0.794605 0.564632 0.794667 0.212156 0.939141 0.212157 0.968530 0.206221 0.968530 0.206223 0.939130 0.966140 0.212348 0.966138 0.202123 0.971897 0.202100 0.971947 0.212325 0.858754 0.174800 0.858861 0.202546 0.853102 0.202569 0.853032 0.174823 0.858547 0.094356 0.858536 0.078540 0.859014 0.078336 0.859466 0.078611 0.859499 0.094533 0.858920 0.212771 0.858984 0.221843 0.853142 0.221866 0.853114 0.212794 0.594106 0.021742 0.594657 0.034756 
						0.590014 0.034951 0.589431 0.021174 0.205804 0.881223 0.206228 0.881562 0.206225 0.904857 0.205306 0.904860 0.205308 0.881357 0.206220 0.975741 0.206219 0.984727 0.205795 0.985296 0.205302 0.985430 0.205303 0.975806 0.199723 0.190261 0.200096 0.181517 0.206242 0.181779 0.205870 0.190523 0.965380 0.959492 0.965379 0.951173 0.971323 0.951177 0.971322 0.959496 0.859312 0.283593 0.859378 0.296834 0.853455 0.296858 0.853397 0.283617 0.966458 0.296757 0.966400 0.283171 0.972316 0.283148 0.972382 0.296734 0.966161 0.221420 0.966140 0.212348 0.971947 0.212325 0.972002 0.221397 0.593697 0.016692 0.588891 0.016269 0.416070 0.338937 0.416284 0.343989 0.341650 0.299232 0.339635 0.294877 0.115957 0.013423 0.116172 0.008370 0.129019 0.000669 0.128790 0.006043 0.297030 0.879488 0.297030 0.897085 0.296115 0.897089 0.296115 0.879480 0.541459 0.907537 0.537724 0.911232 0.296116 0.909719 0.296118 0.982696 0.290171 0.982696 0.290168 0.909719 0.974494 0.865319 0.974495 0.815431 0.980442 0.815431 0.980441 0.863797 0.546097 0.339354 0.546409 0.346746 0.513930 0.348116 0.513617 0.340724 0.972239 0.815462 0.972239 0.944685 0.971323 0.944525 0.971324 0.815442 
						0.971745 0.815265 0.296115 0.897089 0.290168 0.897089 0.284420 0.014692 0.284735 0.007298 0.300082 0.007941 0.299767 0.015334 0.278435 0.014437 0.278749 0.007044 0.844620 0.454439 0.844602 0.475561 0.835839 0.475561 0.835861 0.449818 0.575980 0.801590 0.564598 0.801529 0.575772 0.800674 0.576112 0.801101 0.844602 0.475561 0.835839 0.475561 0.600025 0.337238 0.600338 0.344630 0.584876 0.345123 0.584563 0.337731 0.839391 0.770056 0.840177 0.762213 0.845977 0.762157 0.845191 0.770000 0.983613 0.830040 0.983614 0.823387 0.989559 0.830044 0.507505 0.341818 0.507024 0.348408 0.497292 0.348818 0.498892 0.343361 0.976279 0.291228 0.982215 0.291222 0.858579 0.140831 0.852964 0.140854 0.853558 0.093065 0.750066 0.604992 0.750071 0.611645 0.741308 0.611645 0.741304 0.604992 0.749999 0.449821 0.749977 0.475564 0.741214 0.475564 0.741233 0.454443 0.499901 0.162160 0.491238 0.162526 0.846920 0.752757 0.847408 0.752295 0.847926 0.752230 0.846920 0.762257 0.002523 0.190987 0.002911 0.181883 0.012731 0.182301 0.012343 0.191406 0.965378 0.944521 0.603602 0.861674 0.603601 0.864311 0.601690 0.864311 0.601997 0.860636 0.975359 0.348593 0.975359 0.341784 
						0.976277 0.341787 0.976277 0.348658 0.965382 0.969233 0.971321 0.969237 0.749977 0.475564 0.771442 0.475563 0.771532 0.604991 0.792908 0.475563 0.792997 0.604991 0.814373 0.475562 0.814463 0.604990 0.741214 0.475564 0.771537 0.611644 0.793002 0.611643 0.814468 0.611642 0.835884 0.413704 0.835888 0.419330 0.814428 0.413002 0.814424 0.407377 0.792965 0.410257 0.792961 0.404631 0.771497 0.413003 0.771493 0.407378 0.750026 0.419333 0.750022 0.413707 0.853755 0.075294 0.869127 0.071919 0.869130 0.072671 0.854536 0.075876 0.853759 0.075519 0.324138 0.160455 0.324524 0.169559 0.312874 0.170050 0.312489 0.160947 0.207377 0.010575 0.206898 0.003985 0.213803 0.004279 0.213488 0.011672 0.966076 0.174377 0.966034 0.155541 0.971731 0.155519 0.971798 0.174354 0.303053 0.170465 0.302667 0.161361 0.529007 0.018792 0.529215 0.023711 0.500251 0.024931 0.500043 0.020013 0.500271 0.170902 0.491608 0.171268 0.255045 0.573899 0.269534 0.556029 0.281193 0.556028 0.267919 0.572401 0.264776 0.573899 0.446892 0.345560 0.446650 0.350955 0.429131 0.351694 0.428903 0.346321 0.538930 0.896930 0.538886 0.904935 0.535063 0.908718 0.532990 0.896898 0.965743 0.094893 
						0.965637 0.078118 0.970392 0.076089 0.970748 0.094326 0.998504 0.815127 0.998888 0.814728 0.999331 0.814739 0.999323 0.824374 0.024378 0.182796 0.024750 0.174053 0.034538 0.174470 0.034166 0.183213 0.228783 0.333664 0.228993 0.328744 0.271650 0.330558 0.271441 0.335478 0.539046 0.875465 0.533106 0.875433 0.146776 0.006811 0.146535 0.001415 0.197168 0.003571 0.198766 0.009030 0.731115 0.374402 0.731115 0.374402 0.731115 0.374402 0.571880 0.021913 0.571672 0.016994 0.156154 0.953780 0.147993 0.952906 0.147930 0.931973 0.156092 0.932848 0.329709 0.292071 0.329496 0.287042 0.890619 0.077770 0.869154 0.077908 0.890595 0.072608 0.912084 0.077668 0.912061 0.072530 0.933550 0.077600 0.933526 0.072438 0.890645 0.085778 0.890627 0.079894 0.912092 0.079810 0.912110 0.085693 0.750022 0.424078 0.750026 0.419333 0.771497 0.413003 0.771492 0.418283 0.792965 0.410257 0.792960 0.415768 0.814428 0.413002 0.814423 0.418281 0.835888 0.419330 0.835884 0.424075 0.432993 0.002962 0.484549 0.016129 0.483968 0.020071 0.432385 0.005825 0.156029 0.911916 0.147868 0.911041 0.147805 0.890108 0.155967 0.890983 0.974493 0.895824 0.974493 0.883193 0.980441 0.883193 
						0.980441 0.895824 0.869180 0.085862 0.869162 0.079979 0.791653 0.373873 0.791653 0.373450 0.791653 0.373488 0.539163 0.854000 0.533222 0.853968 0.539279 0.832535 0.533339 0.832502 0.539396 0.811070 0.533456 0.811037 0.733793 0.374402 0.733793 0.374402 0.733793 0.374402 0.733793 0.374402 0.792962 0.403354 0.770901 0.406177 0.768798 0.401907 0.792966 0.398899 0.739215 0.623088 0.739212 0.636465 0.732280 0.636465 0.732283 0.623088 0.792885 0.746097 0.814351 0.746096 0.814347 0.750581 0.792881 0.750582 0.815018 0.406175 0.817128 0.401905 0.771420 0.746098 0.771416 0.750582 0.835816 0.746096 0.835812 0.750578 0.732454 0.374402 0.749954 0.746099 0.749950 0.750581 0.846460 0.640288 0.846457 0.636462 0.853390 0.636461 0.853394 0.640288 0.739215 0.640292 0.739272 0.723042 0.732338 0.723042 0.732281 0.640292 0.739277 0.729694 0.732341 0.729694 0.735132 0.374402 0.735132 0.374402 0.735132 0.374402 0.846517 0.723038 0.853452 0.723038 0.739263 0.746099 0.735209 0.748731 0.846515 0.737266 0.846522 0.729691 0.853458 0.729690 0.853453 0.737266 0.739277 0.729694 0.739270 0.737270 0.732332 0.737270 0.732341 0.729694 0.739300 0.448667 0.739281 0.469939 
						0.732351 0.469939 0.732531 0.448153 0.896445 0.367244 0.896445 0.365415 0.896445 0.358494 0.896445 0.365315 0.846567 0.423470 0.837255 0.412732 0.841812 0.409503 0.853147 0.422347 0.739278 0.474430 0.739272 0.480759 0.732341 0.480759 0.732347 0.474431 0.846460 0.623084 0.846476 0.539474 0.853408 0.539474 0.853392 0.623084 0.739234 0.525086 0.739231 0.539478 0.732299 0.539478 0.732302 0.525086 0.846510 0.743821 0.851303 0.745775 0.846523 0.474427 0.846527 0.469936 0.853457 0.469935 0.853453 0.474427 0.748652 0.412735 0.744101 0.409506 0.739265 0.743825 0.734468 0.745779 0.534472 0.138303 0.534999 0.149729 0.505586 0.150970 0.505102 0.139542 0.575191 0.907720 0.575159 0.913667 0.933576 0.085608 0.933558 0.079725 0.955023 0.079640 0.955041 0.085523 0.982638 0.254480 0.983132 0.254614 0.983133 0.278109 0.598092 0.115903 0.598893 0.134832 0.594282 0.135780 0.593449 0.116099 0.156217 0.974713 0.148055 0.973838 0.736471 0.374402 0.736471 0.374402 0.736471 0.374402 0.846489 0.513689 0.846517 0.480756 0.853448 0.480755 0.853420 0.513689 0.333928 0.160042 0.334314 0.169146 0.156237 0.981474 0.148076 0.980599 0.846522 0.729691 0.853458 0.729690 
						0.115895 0.796403 0.115415 0.800394 0.100737 0.799002 0.101217 0.795010 0.739322 0.423473 0.732744 0.422351 0.739212 0.636465 0.732280 0.636465 0.846479 0.525082 0.853410 0.525082 0.739243 0.513693 0.739234 0.525086 0.732302 0.525086 0.732312 0.513693 0.846563 0.427391 0.853173 0.426363 0.017492 0.794168 0.017011 0.798160 0.003417 0.799269 0.003897 0.795277 0.625462 0.066769 0.606399 0.078520 0.606496 0.074337 0.624409 0.062065 0.848907 0.296115 0.848951 0.307901 0.834459 0.309530 0.834415 0.297744 0.722044 0.732958 0.716398 0.729129 0.721859 0.721076 0.727506 0.724906 0.629233 0.064210 0.628125 0.059544 0.727475 0.024924 0.721831 0.028754 0.716368 0.020701 0.722013 0.016871 0.632782 0.089180 0.632425 0.077662 0.627083 0.109048 0.605573 0.119072 0.605850 0.104842 0.626864 0.093194 0.629257 0.685664 0.625485 0.683105 0.628501 0.669507 0.632432 0.672173 0.077600 0.819402 0.079805 0.798791 0.098531 0.819612 0.966433 0.613115 0.966433 0.634581 0.964444 0.634580 0.964444 0.613115 0.528813 0.909827 0.528310 0.922694 0.524784 0.922666 0.525288 0.909718 0.014806 0.818770 0.037943 0.798371 0.035737 0.818981 0.931124 0.942845 0.930663 0.944049 
						0.927237 0.943213 0.928017 0.941177 0.626867 0.656645 0.605867 0.645052 0.605588 0.630825 0.627083 0.640795 0.126023 0.712286 0.111345 0.710894 0.090414 0.710683 0.091148 0.704582 0.112080 0.704792 0.606120 0.090578 0.628496 0.080328 0.714726 0.006198 0.709081 0.010028 0.706553 0.006325 0.712198 0.002495 0.714774 0.743672 0.709128 0.739842 0.027619 0.710052 0.048551 0.710262 0.038423 0.794379 0.069482 0.710473 0.059355 0.794589 0.080286 0.794799 0.101326 0.851476 0.099952 0.838900 0.114647 0.837722 0.116020 0.850298 0.848241 0.115676 0.848276 0.125415 0.833780 0.125425 0.833745 0.115686 0.714124 0.412472 0.690420 0.397094 0.693922 0.392015 0.717615 0.407326 0.112236 0.819748 0.126757 0.706185 0.848592 0.210906 0.847946 0.198103 0.848932 0.198050 0.849566 0.210765 0.747883 0.116000 0.747919 0.125740 0.733424 0.125836 0.733388 0.116096 0.848864 0.284362 0.834372 0.285991 0.834100 0.212535 0.028354 0.703951 0.014025 0.711160 0.014759 0.705059 0.729047 0.359705 0.704851 0.374133 0.693959 0.357907 0.717662 0.342551 0.602146 0.541185 0.601677 0.525684 0.602452 0.526096 0.602952 0.541495 0.704891 0.376008 0.729083 0.390405 0.632785 0.660656 
						0.841555 0.386819 0.843070 0.407118 0.817668 0.399322 0.816874 0.379210 0.695226 0.309481 0.671449 0.325268 0.652442 0.297710 0.676283 0.281558 0.748173 0.195009 0.748113 0.178852 0.769579 0.178773 0.769638 0.194931 0.623280 0.929154 0.627917 0.913520 0.629899 0.914108 0.625303 0.929578 0.672360 0.474021 0.648545 0.457933 0.652417 0.452209 0.676245 0.468305 0.745214 0.067734 0.747858 0.109089 0.733363 0.109185 0.733132 0.075331 0.638363 0.524103 0.613534 0.509301 0.643089 0.466000 0.666885 0.482075 0.847961 0.178020 0.847865 0.194000 0.834034 0.194695 0.833975 0.178537 0.672397 0.275841 0.648569 0.291984 0.643111 0.283917 0.666921 0.267786 0.002155 0.825824 0.001984 0.822087 0.014778 0.822291 0.015151 0.826352 0.070217 0.704372 0.638391 0.225753 0.613546 0.240619 0.604569 0.227473 0.605230 0.224546 0.628521 0.211212 0.612623 0.241161 0.603633 0.227997 0.098877 0.827194 0.098503 0.823133 0.112235 0.823195 0.112856 0.826937 0.628287 0.196099 0.603920 0.207977 0.606429 0.671386 0.606141 0.659315 0.058874 0.798581 0.734338 0.194415 0.734125 0.178436 0.955464 0.358061 0.950826 0.342429 0.952849 0.342006 0.957446 0.357473 0.950817 0.338127 
						0.955467 0.322656 0.957446 0.323251 0.952841 0.338552 0.812569 0.194773 0.812510 0.178616 0.769323 0.109010 0.769349 0.115921 0.790789 0.108931 0.790814 0.115843 0.812254 0.108853 0.812279 0.115764 0.833720 0.108774 0.102696 0.864018 0.111258 0.942403 0.090326 0.942192 0.081764 0.863807 0.069395 0.941982 0.060833 0.863597 0.048463 0.941772 0.039901 0.863387 0.027532 0.941561 0.018970 0.863176 0.766825 0.016072 0.766595 0.007506 0.790400 0.002663 0.790433 0.011631 0.814240 0.007332 0.814072 0.015899 0.838834 0.018403 0.838402 0.026029 0.528649 0.936961 0.525124 0.937044 0.848198 0.074910 0.848216 0.108764 0.836061 0.067402 0.049285 0.704161 0.002028 0.818640 0.769384 0.125661 0.790850 0.125582 0.791044 0.178695 0.812315 0.125504 0.973170 0.612405 0.973170 0.590953 0.975584 0.591043 0.975584 0.612495 0.653819 0.965864 0.654280 0.967067 0.651173 0.968735 0.650392 0.966699 0.962651 0.336967 0.962312 0.351232 0.958785 0.351258 0.959125 0.336882 0.930534 0.945194 0.927009 0.945095 0.792966 0.396243 0.792949 0.376248 0.768258 0.399324 0.769019 0.379211 0.742843 0.407121 0.744326 0.386823 0.742570 0.026380 0.742083 0.018757 0.931793 0.967677 
						0.928272 0.967874 0.973170 0.633857 0.975584 0.633948 0.117391 0.862839 0.400293 0.944304 0.400293 0.965756 0.396767 0.965759 0.396768 0.944300 0.966433 0.548719 0.966433 0.570184 0.964444 0.570184 0.964444 0.548718 0.528987 0.951189 0.525462 0.951272 0.401632 0.965752 0.401632 0.944300 0.405158 0.944304 0.405158 0.965749 0.125953 0.941224 0.603912 0.541930 0.628265 0.553754 0.846457 0.636462 0.853390 0.636461 0.542040 0.800491 0.538345 0.796756 0.334684 0.177888 0.324894 0.178301 0.859038 0.230189 0.853170 0.230212 0.029383 0.065295 0.039522 0.057463 0.858920 0.212771 0.853114 0.212794 0.335599 0.177845 0.340512 0.293928 0.340142 0.294604 0.973579 0.969042 0.973578 0.895819 0.974494 0.968800 0.023990 0.191901 0.606905 0.863167 0.606890 0.859167 0.612367 0.859167 0.612369 0.863167 0.029597 0.060266 0.041538 0.053108 0.955015 0.077570 0.954991 0.072332 0.982696 0.959831 0.982697 0.830198 0.983612 0.959123 0.983190 0.959635 0.539439 0.803065 0.535657 0.799241 0.793299 0.769237 0.785748 0.768924 0.787644 0.755123 0.795195 0.755435 0.968533 0.002506 0.968556 0.010082 0.954794 0.008245 0.954771 0.000669 0.415817 0.542718 0.415817 0.531775 
						0.428324 0.531776 0.428324 0.542718 0.415817 0.523024 0.415824 0.362734 0.428331 0.354784 0.428325 0.523024 0.576852 0.555989 0.576861 0.544550 0.598771 0.544550 0.598771 0.555990 0.868933 0.008584 0.868910 0.001008 0.890375 0.000923 0.890398 0.008499 0.911841 0.000839 0.911864 0.008415 0.344984 0.523023 0.344989 0.407673 0.172717 0.523072 0.172692 0.354860 0.185202 0.362808 0.185227 0.523072 0.933306 0.000754 0.933329 0.008330 0.095031 0.667629 0.095030 0.657300 0.104516 0.660185 0.104517 0.670859 0.185230 0.542763 0.185228 0.531822 0.256073 0.531821 0.256075 0.544591 0.303177 0.555982 0.303178 0.544543 0.319871 0.544546 0.319870 0.555986 0.447538 0.543248 0.447538 0.531776 0.494707 0.531777 0.494706 0.544549 0.808931 0.855441 0.825858 0.855054 0.824246 0.868736 0.808992 0.867965 0.415816 0.555987 0.428324 0.555987 0.303188 0.573855 0.333145 0.572361 0.332435 0.573858 0.412125 0.816935 0.412125 0.833033 0.398179 0.833455 0.398179 0.817357 0.990609 0.042747 0.990609 0.072082 0.986237 0.072082 0.986237 0.042739 0.563722 0.555989 0.563744 0.544549 0.448067 0.555987 0.496535 0.555988 0.155439 0.523073 0.155414 0.354859 0.448066 0.573860 
						0.496534 0.573861 0.154971 0.573900 0.155444 0.556506 0.172722 0.556030 0.172725 0.573900 0.095017 0.573901 0.095802 0.557860 0.106329 0.557860 0.104503 0.573901 0.257906 0.556029 0.269532 0.544591 0.412125 0.843337 0.398179 0.843758 0.415816 0.573860 0.428323 0.573860 0.002249 0.573902 0.002247 0.557862 0.024169 0.557861 0.016888 0.572705 0.014229 0.573902 0.991948 0.042752 0.991948 0.002324 0.996320 0.002324 0.996320 0.042744 0.506018 0.573861 0.506019 0.555988 0.513184 0.555988 0.513184 0.573861 0.991948 0.248993 0.991948 0.239262 0.996320 0.239262 0.996320 0.248993 0.243417 0.573899 0.778218 0.768612 0.780113 0.754812 0.806228 0.867974 0.795195 0.868734 0.793299 0.855046 0.806013 0.855434 0.331472 0.700904 0.331523 0.680905 0.343149 0.680905 0.343098 0.700901 0.584861 0.665169 0.584861 0.657024 0.586789 0.655095 0.598767 0.655096 0.598767 0.665170 0.869100 0.063358 0.869121 0.070297 0.853982 0.073491 0.855357 0.065303 0.968721 0.064856 0.970149 0.073033 0.954982 0.069959 0.954961 0.063020 0.283121 0.680922 0.281212 0.678999 0.281210 0.667834 0.297875 0.667788 0.297877 0.680881 0.155441 0.531823 0.172719 0.531822 0.980470 0.199593 
						0.980463 0.192713 0.984835 0.192712 0.984842 0.199592 0.979060 0.192712 0.979067 0.199592 0.974695 0.199593 0.974688 0.192713 0.415760 0.700896 0.415811 0.680906 0.428319 0.680907 0.428296 0.698772 0.448046 0.690686 0.448062 0.674901 0.496531 0.660159 0.496530 0.670835 0.154995 0.691509 0.154987 0.675531 0.172741 0.680929 0.172752 0.698773 0.185232 0.556030 0.185234 0.573900 0.357643 0.573859 0.343154 0.555986 0.793299 0.833593 0.806013 0.833982 0.172720 0.542763 0.281192 0.544591 0.297857 0.544544 0.297858 0.555982 0.447539 0.523025 0.447545 0.354782 0.494713 0.354778 0.494707 0.523025 0.155442 0.542763 0.256054 0.407740 0.256071 0.523071 0.806013 0.769625 0.806228 0.756969 0.304305 0.699771 0.303173 0.680902 0.317954 0.680905 0.319861 0.682817 0.319814 0.700906 0.281206 0.642299 0.283115 0.640366 0.297871 0.640325 0.336287 0.573859 0.331528 0.555986 0.346017 0.573859 0.002262 0.655122 0.002260 0.644145 0.016168 0.644145 0.016170 0.653194 0.014241 0.655122 0.968579 0.017637 0.954817 0.015800 0.979123 0.000669 0.979120 0.006992 0.974748 0.006994 0.974751 0.000671 0.344984 0.544546 0.344984 0.531775 0.868956 0.016139 0.890421 0.016054 
						0.911887 0.015970 0.933352 0.015885 0.793299 0.812141 0.806013 0.812529 0.793299 0.790689 0.806013 0.791077 0.314953 0.852931 0.314953 0.842627 0.335759 0.840334 0.335759 0.850638 0.314953 0.741909 0.314953 0.730114 0.335759 0.727820 0.335759 0.739615 0.356566 0.725527 0.356566 0.737322 0.377372 0.723234 0.377372 0.735029 0.398179 0.720941 0.398179 0.732736 0.356566 0.838041 0.356566 0.848345 0.377372 0.835748 0.377372 0.846051 0.890565 0.063273 0.890586 0.070213 0.825858 0.790697 0.808930 0.791084 0.808931 0.769632 0.825858 0.769245 0.825858 0.812150 0.808930 0.812537 0.825858 0.833602 0.808930 0.833989 0.912030 0.063189 0.912051 0.070128 0.933496 0.063104 0.933517 0.070043 0.281235 0.700882 0.281215 0.682835 0.296731 0.699726 0.980523 0.006994 0.980526 0.000671 0.984898 0.000669 0.984895 0.006992 0.314953 0.826529 0.302230 0.845145 0.302230 0.829047 0.990609 0.239262 0.990609 0.248993 0.986237 0.248993 0.986237 0.239262 0.331529 0.544546 0.411314 0.704158 0.412125 0.720519 0.398813 0.703995 0.966232 0.245023 0.972136 0.245000 0.257947 0.700876 0.257925 0.680928 0.269553 0.680928 0.269575 0.700880 0.505232 0.544549 0.513185 0.544549 
						0.731153 0.766664 0.733048 0.752864 0.314953 0.773106 0.302230 0.775624 0.377372 0.819650 0.356566 0.821943 0.335759 0.824236 0.542512 0.573862 0.542580 0.555989 0.584134 0.572665 0.582936 0.573862 0.850120 0.919041 0.850492 0.868298 0.854737 0.867901 0.854365 0.918643 0.412125 0.763512 0.398179 0.763934 0.058512 0.573902 0.058448 0.557861 0.087847 0.557860 0.087850 0.573901 0.279534 0.639411 0.270393 0.634162 0.270643 0.633199 0.297858 0.633154 0.592938 0.147285 0.569215 0.148285 0.568723 0.136858 0.595970 0.065772 0.591327 0.065968 0.859130 0.245445 0.853226 0.245468 0.268627 0.573896 0.297848 0.573850 0.041070 0.058760 0.036139 0.174539 0.035457 0.174509 0.040402 0.058408 0.966183 0.229766 0.972051 0.229743 0.595121 0.045723 0.590479 0.045919 0.856076 0.629134 0.869170 0.629132 0.869170 0.640792 0.858004 0.640793 0.857040 0.640535 0.856335 0.639830 0.856076 0.638865 0.268655 0.631275 0.266770 0.575826 0.058875 0.665191 0.058835 0.655121 0.087862 0.655121 0.087864 0.665189 0.412125 0.732314 0.302230 0.855448 0.979082 0.138350 0.979082 0.144664 0.974710 0.144666 0.974710 0.138352 0.980519 0.014549 0.984891 0.014547 0.990609 0.156950 
						0.990609 0.169458 0.986237 0.169458 0.986237 0.156950 0.854623 0.933776 0.854363 0.956778 0.850120 0.957197 0.850380 0.934196 0.991948 0.227635 0.991948 0.169458 0.996320 0.169458 0.996320 0.227635 0.979079 0.211118 0.974707 0.211120 0.991948 0.137205 0.991948 0.088734 0.996320 0.088734 0.996320 0.137205 0.980482 0.211120 0.984854 0.211118 0.185251 0.680929 0.185273 0.700872 0.302230 0.744426 0.302230 0.732631 0.980491 0.069896 0.980495 0.061769 0.984867 0.061767 0.984863 0.069895 0.979116 0.014547 0.979092 0.061767 0.974720 0.061769 0.974744 0.014549 0.990609 0.079249 0.990609 0.088734 0.986237 0.088734 0.986237 0.079249 0.377372 0.759768 0.398179 0.757475 0.356566 0.762062 0.335759 0.764355 0.314953 0.766648 0.859103 0.241715 0.853215 0.241738 0.542165 0.665166 0.542203 0.655095 0.582933 0.655095 0.979087 0.085535 0.979083 0.129994 0.974711 0.129996 0.974715 0.085536 0.506014 0.667604 0.506015 0.657274 0.513181 0.655094 0.513180 0.665164 0.586792 0.573862 0.598770 0.573862 0.033778 0.192318 0.289198 0.331304 0.288656 0.336210 0.858637 0.149452 0.858681 0.155965 0.852985 0.155987 0.852976 0.149474 0.854497 0.762450 0.854538 0.779517 
						0.852686 0.779726 0.852646 0.762659 0.362672 0.911740 0.333543 0.911740 0.333543 0.890274 0.362672 0.890274 0.409717 0.871820 0.409717 0.858899 0.411569 0.858695 0.411569 0.871616 0.524784 0.847080 0.524784 0.843572 0.526694 0.843570 0.526694 0.847079 0.698229 0.859167 0.676763 0.859167 0.676764 0.857926 0.698230 0.857926 0.199336 0.199366 0.205482 0.199628 0.966033 0.149028 0.966031 0.140408 0.971645 0.140386 0.971694 0.149006 0.598333 0.147057 0.409717 0.972817 0.409717 0.961084 0.411569 0.960879 0.411569 0.972613 0.706615 0.958619 0.706875 0.935618 0.711117 0.935199 0.710857 0.958200 0.980475 0.163526 0.980485 0.144666 0.984856 0.144664 0.984847 0.163529 0.524784 0.862508 0.526694 0.862506 0.854644 0.824718 0.852792 0.824926 0.676277 0.867008 0.676140 0.875552 0.674712 0.875372 0.675350 0.865860 0.335759 0.770813 0.356566 0.768520 0.377372 0.766227 0.885381 0.358494 0.885381 0.367714 0.881009 0.367714 0.881009 0.358494 0.854686 0.842794 0.854710 0.852683 0.852858 0.852892 0.852835 0.843003 0.966224 0.241293 0.972112 0.241269 0.854737 0.864417 0.852886 0.864625 0.595762 0.060870 0.591120 0.061066 0.002263 0.665195 0.016170 0.657050 
						0.016171 0.665193 0.980485 0.138352 0.980486 0.129996 0.984858 0.129994 0.984857 0.138350 0.002258 0.628984 0.016166 0.628984 0.412125 0.757054 0.884998 0.317752 0.884998 0.308532 0.889370 0.308532 0.889370 0.317752 0.303173 0.667806 0.319866 0.667809 0.319866 0.678977 0.991948 0.156950 0.996320 0.156950 0.980525 0.251533 0.980486 0.214850 0.984858 0.214848 0.984897 0.251531 0.002257 0.624078 0.016158 0.575830 0.016165 0.624078 0.249371 0.882796 0.248999 0.933539 0.244754 0.933936 0.245126 0.883194 0.990609 0.139197 0.986237 0.139197 0.854737 0.923719 0.850494 0.924138 0.584862 0.644116 0.584862 0.628953 0.598768 0.628953 0.598767 0.644116 0.302230 0.769166 0.979083 0.214848 0.974711 0.214850 0.584862 0.624046 0.584864 0.575791 0.598768 0.624046 0.409717 0.951195 0.409717 0.937538 0.411569 0.937333 0.411569 0.950991 0.675806 0.896482 0.674378 0.896301 0.633832 0.859167 0.612367 0.859167 0.612368 0.857926 0.633833 0.857926 0.854737 0.751921 0.852886 0.752129 0.979122 0.251531 0.974750 0.251533 0.303174 0.640339 0.317955 0.640342 0.319867 0.642271 0.362672 0.933205 0.333543 0.933205 0.321794 0.680905 0.584861 0.653167 0.854654 0.829137 
						0.852803 0.829346 0.990609 0.227636 0.986237 0.227636 0.991948 0.079249 0.991948 0.072082 0.996320 0.072082 0.996320 0.079249 0.279284 0.680928 0.303186 0.633168 0.334293 0.575786 0.332415 0.631245 0.330426 0.633172 0.330678 0.634132 0.321539 0.639382 0.979072 0.163525 0.979059 0.189993 0.974687 0.189995 0.974700 0.163532 0.980490 0.087292 0.984862 0.087290 0.979088 0.069895 0.974716 0.069896 0.903802 0.544825 0.963105 0.544817 0.963105 0.603000 0.903802 0.605015 0.903810 0.666273 0.963123 0.668282 0.963123 0.679908 0.903810 0.677899 0.903810 0.656544 0.905737 0.654681 0.961195 0.656559 0.962159 0.656850 0.962865 0.657579 0.963123 0.658552 0.963123 0.738081 0.903810 0.738079 0.903802 0.532316 0.963105 0.532308 0.963105 0.614628 0.903802 0.616643 0.912929 0.418285 0.963105 0.418087 0.963105 0.447433 0.912929 0.447440 0.912939 0.828282 0.963123 0.828283 0.963123 0.835449 0.912939 0.835448 0.896632 0.629128 0.896632 0.638860 0.894704 0.640788 0.906177 0.514562 0.963105 0.514554 0.963123 0.750588 0.903810 0.750587 0.912929 0.454607 0.963105 0.454600 0.963105 0.464085 0.912929 0.464092 0.906452 0.770330 0.963123 0.770331 0.963123 0.818799 
						0.912939 0.818798 0.862082 0.770329 0.876031 0.770329 0.892869 0.818797 0.876825 0.818797 0.879706 0.454611 0.892863 0.454609 0.892863 0.464095 0.876822 0.464097 0.856076 0.738078 0.869172 0.738078 0.869172 0.750586 0.856076 0.750585 0.861475 0.514568 0.875335 0.514566 0.869170 0.532321 0.856076 0.532323 0.963105 0.624359 0.962847 0.625332 0.962142 0.626062 0.961178 0.626353 0.905729 0.628237 0.903802 0.626374 0.879710 0.828281 0.892869 0.828282 0.892869 0.835447 0.881890 0.835447 0.881885 0.418408 0.892863 0.418365 0.892863 0.447442 0.881885 0.447444 0.856076 0.617506 0.869170 0.617504 0.869170 0.544830 0.856076 0.544832 0.856076 0.665416 0.869172 0.665416 0.856076 0.644060 0.856335 0.643096 0.857040 0.642391 0.858005 0.642132 0.869172 0.642133 0.869172 0.653790 0.856076 0.653790 0.912939 0.864595 0.963123 0.864785 0.963123 0.905202 0.962865 0.906166 0.962159 0.906871 0.961194 0.907130 0.912939 0.907128 0.892869 0.864519 0.908032 0.864576 0.908032 0.907128 0.892869 0.907128 0.899937 0.770330 0.908032 0.818798 0.908023 0.454607 0.908023 0.464093 0.896639 0.738079 0.896639 0.750586 0.899597 0.514562 0.896632 0.532317 0.908023 0.418305 
						0.908023 0.447440 0.908032 0.828282 0.908032 0.835448 0.896639 0.644061 0.897599 0.643805 0.902849 0.652944 0.896639 0.653791 0.896632 0.617500 0.896632 0.544826 0.896639 0.665417 0.902841 0.629975 0.897593 0.639116 0.881890 0.864477 0.883818 0.907128 0.882854 0.906869 0.882148 0.906164 0.881890 0.905200 0.894711 0.642133 0.578746 0.910977 0.579663 0.911162 0.579819 0.912050 0.578981 0.911978 0.580657 0.911317 0.580525 0.912165 0.581498 0.911405 0.581239 0.912342 0.713410 0.001388 0.712899 0.001852 0.712373 0.001140 0.712744 0.000792 0.711637 0.001682 0.711158 0.001002 0.712041 0.000669 0.580154 0.912641 0.001907 0.819738 0.001105 0.819958 0.001148 0.819082 0.001892 0.820996 0.001094 0.820776 0.001115 0.821657 0.604796 0.675124 0.605576 0.675375 0.605462 0.676214 0.604970 0.676037 0.606529 0.675574 0.606200 0.676543 0.606017 0.677392 0.605358 0.676758 0.000669 0.820371 0.712252 0.747388 0.712956 0.748037 0.712433 0.748755 0.711695 0.748210 0.713472 0.748515 0.712808 0.749113 0.588657 0.796350 0.587814 0.796295 0.587787 0.795453 0.588515 0.795403 0.586809 0.796317 0.587073 0.795476 0.585874 0.796414 0.586230 0.795474 0.711222 0.748905 
						0.712105 0.749237 0.587476 0.794962 0.113210 0.820208 0.113119 0.821084 0.112213 0.820847 0.114057 0.820861 0.113701 0.821508 0.605541 0.074542 0.605426 0.073708 0.606165 0.073375 0.114060 0.822185 0.113213 0.822783 0.113120 0.821902 0.112213 0.822105 0.846508 0.746095 0.835817 0.745678 0.845865 0.745677 0.835817 0.745260 0.845223 0.745260 0.835817 0.744843 0.844580 0.744842 0.739913 0.737270 0.739908 0.743515 0.740556 0.737270 0.740551 0.743205 0.741199 0.737270 0.741194 0.742894 0.845817 0.640288 0.845815 0.636462 0.845174 0.640288 0.845172 0.636462 0.844531 0.640288 0.844529 0.636462 0.741141 0.636465 0.741144 0.640292 0.740501 0.640292 0.740498 0.636465 0.739858 0.640292 0.739855 0.636465 0.845867 0.743511 0.845224 0.743201 0.844582 0.742891 0.739920 0.729694 0.740563 0.729694 0.741206 0.729694 0.845879 0.729691 0.845714 0.723038 0.845236 0.729691 0.845039 0.723038 0.844593 0.729691 0.844589 0.723038 0.741201 0.723042 0.741206 0.729694 0.740563 0.729694 0.740750 0.723042 0.739920 0.729694 0.740076 0.723042 0.845872 0.737266 0.845879 0.729691 0.845230 0.737266 0.845236 0.729691 0.844587 0.737266 0.844593 0.729691 0.739874 0.539478 
						0.739858 0.623088 0.740517 0.539478 0.740501 0.623088 0.741160 0.539478 0.741144 0.623087 0.845833 0.539474 0.845675 0.525082 0.845190 0.539474 0.845001 0.525082 0.844547 0.539474 0.844550 0.525082 0.845874 0.480756 0.845880 0.474427 0.845231 0.480756 0.845237 0.474427 0.844588 0.480756 0.844594 0.474427 0.739915 0.480759 0.739886 0.513693 0.740558 0.480759 0.740529 0.513693 0.741201 0.480759 0.741172 0.513693 0.845815 0.636462 0.845817 0.623084 0.845172 0.636462 0.845174 0.623084 0.844529 0.636462 0.844531 0.623084 0.739924 0.469939 0.739920 0.474430 0.740567 0.469939 0.740563 0.474430 0.741210 0.469939 0.741206 0.474430 0.846545 0.448663 0.845884 0.469936 0.845902 0.448713 0.845241 0.469936 0.845259 0.448764 0.844598 0.469936 0.844616 0.448814 0.739877 0.525086 0.740519 0.525086 0.741162 0.525086 0.846479 0.525082 0.845675 0.525082 0.845726 0.513689 0.845001 0.525082 0.845060 0.513689 0.844550 0.525082 0.844560 0.513689 0.739318 0.427394 0.739965 0.423583 0.739961 0.427495 0.740608 0.423692 0.740604 0.427595 0.741250 0.423802 0.741247 0.427695 0.836798 0.413056 0.814820 0.406576 0.836341 0.413380 0.814622 0.406976 0.835884 0.413704 
						0.814424 0.407377 0.792961 0.403780 0.792961 0.404206 0.792961 0.404631 0.771098 0.406577 0.771296 0.406978 0.771493 0.407378 0.749109 0.413059 0.749565 0.413383 0.750022 0.413707 0.749955 0.744845 0.771421 0.744845 0.771420 0.745262 0.749955 0.745263 0.771420 0.745680 0.749955 0.745681 0.792886 0.744844 0.792886 0.745262 0.792886 0.745679 0.814352 0.744843 0.814351 0.745261 0.814351 0.745679 0.844638 0.423799 0.845281 0.423689 0.845924 0.423579 0.741193 0.744846 0.740549 0.745263 0.739906 0.745681 0.577844 0.896330 0.578748 0.896371 0.579749 0.896436 0.580577 0.896508 0.624439 0.687823 0.624186 0.688870 0.623940 0.689725 0.002526 0.799545 0.628156 0.690345 0.706606 0.743558 0.706040 0.744393 0.627892 0.691384 0.705564 0.745092 0.627637 0.692233 0.003007 0.795550 0.013145 0.711346 0.705984 0.005499 0.128736 0.706777 0.128020 0.712871 0.127072 0.712492 0.127795 0.706400 0.722839 0.733504 0.715502 0.744294 0.723415 0.733911 0.716033 0.744754 0.591492 0.794961 0.600071 0.793688 0.600208 0.794653 0.591632 0.795913 0.624153 0.061027 0.627858 0.058513 0.117853 0.797314 0.117371 0.801318 0.116453 0.800691 0.116934 0.796695 0.632812 0.090323 
						0.627771 0.093743 0.627771 0.093743 0.632824 0.091161 0.628425 0.094146 0.854338 0.636539 0.854357 0.640581 0.731318 0.640585 0.731331 0.636543 0.628433 0.655710 0.632834 0.658694 0.632817 0.659519 0.627775 0.656100 0.627775 0.656100 0.013900 0.705255 0.715451 0.005581 0.715977 0.005135 0.584123 0.913392 0.584381 0.912450 0.728842 0.724654 0.729814 0.724477 0.731372 0.737074 0.731379 0.729666 0.728810 0.025182 0.722367 0.029553 0.729777 0.025372 0.722750 0.030140 0.854414 0.723206 0.854420 0.729662 0.731379 0.729666 0.731375 0.723210 0.722785 0.719709 0.729814 0.724477 0.722397 0.720283 0.848322 0.317861 0.849930 0.307753 0.849277 0.317815 0.604678 0.670868 0.604338 0.658600 0.605160 0.658897 0.605469 0.671131 0.115676 0.837424 0.117049 0.850000 0.116568 0.836765 0.117939 0.849342 0.604871 0.105270 0.605137 0.091003 0.722805 0.016330 0.723376 0.015937 0.729777 0.025372 0.599785 0.917180 0.592435 0.916417 0.592691 0.915465 0.600208 0.916244 0.848180 0.041056 0.848177 0.034816 0.849163 0.035255 0.849165 0.041458 0.849927 0.035573 0.849930 0.041751 0.689640 0.396465 0.693151 0.391381 0.113847 0.826554 0.114706 0.825940 0.605437 0.078782 
						0.848944 0.177972 0.848850 0.193934 0.602857 0.521538 0.611854 0.508351 0.612614 0.508766 0.603627 0.521932 0.628495 0.538643 0.605221 0.525371 0.604561 0.522448 0.126843 0.955032 0.126975 0.940925 0.127862 0.954677 0.127850 0.940263 0.128736 0.953940 0.849189 0.108767 0.849215 0.115679 0.646942 0.456872 0.650820 0.451152 0.651546 0.451626 0.647670 0.457348 0.732389 0.109195 0.732155 0.075541 0.670022 0.326452 0.650837 0.298788 0.651568 0.298299 0.670621 0.325881 0.118418 0.862543 0.119304 0.861887 0.604602 0.119500 0.849885 0.295969 0.604072 0.644334 0.604891 0.644632 0.732450 0.125846 0.732414 0.116107 0.646958 0.293067 0.641491 0.285006 0.642228 0.284513 0.647691 0.292577 0.849250 0.125419 0.641476 0.464933 0.642208 0.465411 0.849841 0.284217 0.603805 0.630106 0.604618 0.630404 0.602457 0.223831 0.602958 0.208419 0.603398 0.223297 0.611858 0.241592 0.602858 0.228406 0.629153 0.554190 0.627977 0.641214 0.627977 0.641214 0.629153 0.554190 0.629797 0.554518 0.628624 0.641530 0.731349 0.622916 0.731362 0.539303 0.629174 0.195665 0.629393 0.210711 0.629393 0.210711 0.629174 0.195665 0.629813 0.195349 0.630022 0.210346 0.854343 0.524890 
						0.854344 0.539299 0.667743 0.267226 0.673215 0.275285 0.673215 0.275285 0.667743 0.267226 0.668334 0.266819 0.673804 0.274879 0.850130 0.802470 0.850151 0.796156 0.851102 0.796323 0.851081 0.802637 0.667709 0.482638 0.639223 0.524622 0.639223 0.524622 0.667709 0.482638 0.668305 0.483057 0.639847 0.525010 0.731378 0.513498 0.731402 0.480556 0.627976 0.108631 0.627976 0.108631 0.627771 0.093743 0.628425 0.094146 0.628619 0.108328 0.854326 0.622912 0.854338 0.636539 0.677061 0.468863 0.673179 0.474581 0.673179 0.474581 0.677061 0.468863 0.677653 0.469279 0.673773 0.474998 0.731408 0.474228 0.731412 0.469738 0.677098 0.281003 0.696028 0.308909 0.696028 0.308909 0.677098 0.281003 0.677685 0.280599 0.696570 0.308441 0.850199 0.828753 0.850114 0.806951 0.851066 0.807117 0.851152 0.828845 0.629369 0.539147 0.629369 0.539147 0.630002 0.539524 0.731369 0.524894 0.639250 0.225237 0.639250 0.225237 0.639869 0.224861 0.850268 0.763291 0.850309 0.751921 0.851254 0.752104 0.851215 0.763470 0.718402 0.407921 0.714913 0.413063 0.714913 0.413063 0.718402 0.407921 0.718895 0.408476 0.715415 0.413607 0.731768 0.426019 0.731801 0.421989 0.732711 0.426367 
						0.842940 0.407956 0.817616 0.400173 0.817616 0.400173 0.842940 0.407956 0.842479 0.408829 0.817418 0.401119 0.817418 0.401119 0.842479 0.408829 0.792966 0.397104 0.792966 0.397104 0.792966 0.398076 0.792966 0.398076 0.768311 0.400175 0.768311 0.400175 0.768509 0.401120 0.768509 0.401120 0.742973 0.407959 0.742973 0.407959 0.743434 0.408832 0.743434 0.408832 0.816840 0.378702 0.841484 0.386289 0.741907 0.016798 0.766517 0.005513 0.766558 0.006377 0.741998 0.017639 0.792949 0.375741 0.790393 0.000669 0.790396 0.001533 0.769052 0.378703 0.814304 0.005338 0.814268 0.006202 0.744396 0.386292 0.838995 0.016442 0.838911 0.017284 0.585906 0.810865 0.584572 0.832276 0.583744 0.832204 0.585077 0.810793 0.582744 0.832139 0.584077 0.810728 0.582744 0.832139 0.581840 0.832097 0.583173 0.810686 0.583239 0.853687 0.582411 0.853615 0.581412 0.853549 0.581412 0.853549 0.580508 0.853508 0.581908 0.875097 0.581080 0.875026 0.580080 0.874960 0.580080 0.874960 0.579176 0.874919 0.098458 0.820730 0.077527 0.820520 0.098448 0.822019 0.077517 0.821809 0.077572 0.822922 0.966433 0.591650 0.964444 0.591649 0.653690 0.964718 0.650164 0.964817 0.931793 0.941906 
						0.929170 0.939549 0.962815 0.364097 0.962989 0.368560 0.959465 0.368697 0.959290 0.364205 0.654950 0.968006 0.652326 0.970362 0.654950 0.942239 0.651428 0.942041 0.035664 0.820099 0.014733 0.819888 0.035654 0.821388 0.014723 0.821177 0.035709 0.822502 0.703822 0.374402 0.693186 0.358547 0.702714 0.374121 0.692744 0.359215 0.731877 0.035684 0.732860 0.035238 0.731801 0.421989 0.731153 0.421331 0.729814 0.391076 0.692715 0.390728 0.702756 0.376023 0.703863 0.375741 0.854089 0.421985 0.854089 0.421985 0.854737 0.421327 0.718447 0.341959 0.729777 0.359037 0.739855 0.636465 0.740498 0.636465 0.741141 0.636465 0.627775 0.656100 0.628433 0.655710 0.731331 0.636543 0.850557 0.748728 0.148199 0.981421 0.147256 0.981682 0.147153 0.980901 0.000948 0.190919 0.001621 0.190949 0.001276 0.191867 0.000669 0.191840 0.002148 0.191870 0.542211 0.905982 0.541810 0.906641 0.540851 0.906245 0.541347 0.905680 0.540191 0.907146 0.539263 0.906207 0.540175 0.905562 0.539789 0.904598 0.146267 0.981347 0.146458 0.982208 0.540754 0.905081 0.147785 0.883347 0.146860 0.882982 0.146959 0.882075 0.147903 0.882418 0.145972 0.882672 0.146158 0.881658 0.539830 0.801797 
						0.540735 0.802452 0.540339 0.803412 0.540768 0.800868 0.541418 0.801776 0.542381 0.801390 0.542775 0.802054 0.541908 0.802346 0.301768 0.161404 0.301421 0.160482 0.302289 0.160474 0.148195 0.881642 0.147222 0.881375 0.146458 0.880859 0.534877 0.798563 0.535409 0.797305 0.536189 0.798142 0.411063 0.845176 0.411615 0.844276 0.412857 0.844407 0.412414 0.845248 0.413123 0.843417 0.414046 0.843663 0.413868 0.844681 0.297256 0.543645 0.298438 0.543602 0.298792 0.544537 0.536912 0.795402 0.537655 0.795959 0.536333 0.796437 0.535732 0.795890 0.537165 0.797238 0.413487 0.845542 0.808747 0.868868 0.807950 0.868850 0.808080 0.868032 0.302647 0.699832 0.303383 0.699818 0.303407 0.700659 0.302894 0.700667 0.304244 0.700696 0.304214 0.701424 0.303386 0.701167 0.807079 0.868035 0.807251 0.868852 0.806519 0.868877 0.807631 0.869331 0.173333 0.699847 0.173015 0.700077 0.172574 0.699459 0.174001 0.700808 0.173373 0.700583 0.853832 0.074368 0.852972 0.074919 0.853032 0.074339 0.852908 0.075472 0.852634 0.092975 0.852862 0.076064 0.853222 0.076056 0.853763 0.076549 0.852862 0.076064 0.852196 0.076302 0.852454 0.075542 0.806519 0.756052 0.807251 0.756109 
						0.807079 0.756941 0.296810 0.701361 0.296789 0.700645 0.297622 0.700603 0.297638 0.701103 0.297650 0.699767 0.298377 0.699769 0.298129 0.700603 0.808992 0.756993 0.808080 0.756949 0.807950 0.756115 0.808747 0.756072 0.807631 0.755606 0.954988 0.071580 0.970390 0.074834 0.970388 0.075059 0.969614 0.075422 0.970306 0.073909 0.971171 0.074452 0.971239 0.075005 0.971107 0.073873 0.427034 0.700827 0.427711 0.699853 0.428026 0.700086 0.427662 0.700601 0.428471 0.699464 0.971958 0.075830 0.971289 0.075597 0.971694 0.075072 0.535582 0.909823 0.534794 0.910650 0.534276 0.909387 0.536549 0.910737 0.535709 0.911529 0.537025 0.912021 0.536276 0.912570 0.535101 0.912070 0.302237 0.544542 0.302588 0.543611 0.303776 0.543646 0.301447 0.544541 0.301713 0.543610 0.302823 0.856266 0.301842 0.856643 0.301441 0.855726 0.303640 0.857015 0.302548 0.857356 0.534246 0.911240 0.302137 0.170508 0.156349 0.882495 0.156053 0.883281 0.155946 0.884222 0.128752 0.007053 0.115918 0.014441 0.115918 0.014441 0.128733 0.007794 0.115900 0.015187 0.973578 0.883189 0.428862 0.345307 0.446617 0.344557 0.428836 0.344555 0.446418 0.343813 0.290168 0.897089 0.290168 0.879413 
						0.001992 0.181843 0.001310 0.181813 0.156349 0.982317 0.324101 0.159537 0.334805 0.159085 0.334805 0.159085 0.324101 0.159537 0.324078 0.158856 0.335450 0.158376 0.575805 0.794727 0.023956 0.192816 0.012309 0.192320 0.023956 0.192816 0.023941 0.193486 0.012293 0.192990 0.552369 0.906681 0.564027 0.906744 0.205448 0.200542 0.198922 0.200264 0.974687 0.348305 0.974687 0.341773 0.982216 0.341787 0.982217 0.348998 0.312452 0.160028 0.301879 0.159818 0.312428 0.159347 0.552940 0.801465 0.859014 0.078336 0.859669 0.078030 0.869156 0.078509 0.859466 0.078611 0.860148 0.079380 0.860195 0.094519 0.432297 0.006171 0.415317 0.001292 0.416335 0.001393 0.299372 0.866810 0.299372 0.885600 0.298369 0.885450 0.298377 0.866661 0.529290 0.025303 0.500326 0.026525 0.500293 0.025857 0.529256 0.024636 0.529256 0.024636 0.500293 0.025857 0.965042 0.155356 0.965030 0.148870 0.192894 0.328032 0.200123 0.325903 0.200079 0.326583 0.192944 0.328695 0.192944 0.328695 0.200079 0.326583 0.200035 0.327513 0.193027 0.329603 0.269100 0.202336 0.294645 0.203423 0.293698 0.204299 0.269065 0.203250 0.974687 0.278094 0.974688 0.253437 0.975362 0.254116 0.975360 0.278104 
						0.966499 0.306499 0.972429 0.306475 0.965182 0.212322 0.965164 0.201937 0.271738 0.328951 0.287703 0.329631 0.288329 0.330338 0.271695 0.329630 0.271695 0.329630 0.288329 0.330338 0.289785 0.317524 0.288877 0.317486 0.288877 0.317486 0.288329 0.330338 0.287703 0.329631 0.288221 0.317459 0.965214 0.221583 0.965182 0.212322 0.859878 0.212737 0.859932 0.221998 0.588438 0.035001 0.587923 0.022830 0.588559 0.022135 0.589102 0.034985 0.589102 0.034985 0.588559 0.022135 0.197814 0.009997 0.146503 0.007810 0.197127 0.010707 0.146312 0.008543 0.989559 0.959126 0.859594 0.140702 0.859639 0.149286 0.493097 0.024393 0.483528 0.021572 0.483712 0.020943 0.493157 0.023742 0.493157 0.023742 0.483712 0.020943 0.493244 0.022839 0.964501 0.077617 0.964791 0.094922 0.965014 0.140287 0.964268 0.139948 0.964093 0.094771 0.132833 0.346034 0.183501 0.331491 0.183753 0.332368 0.132821 0.346419 0.191062 0.189892 0.190674 0.198997 0.189727 0.199873 0.190153 0.189854 0.190153 0.189854 0.189727 0.199873 0.189042 0.200515 0.189498 0.189827 0.983616 0.815414 0.191435 0.181149 0.190526 0.181110 0.190526 0.181110 0.189870 0.181083 0.982697 0.823546 0.964463 0.951014 
						0.964462 0.944361 0.490032 0.171317 0.489662 0.162575 0.490326 0.162560 0.490696 0.171302 0.490696 0.171302 0.490326 0.162560 0.964463 0.959332 0.489199 0.151644 0.489864 0.151628 0.489864 0.151628 0.294003 0.218508 0.293094 0.218470 0.293698 0.204299 0.293094 0.218470 0.292439 0.218443 0.293014 0.204941 0.975858 0.254250 0.213076 0.975336 0.213076 0.984933 0.212583 0.985066 0.212158 0.984728 0.212157 0.975401 0.488649 0.138634 0.489341 0.139287 0.489341 0.139287 0.498539 0.138899 0.498539 0.138899 0.489341 0.139287 0.488649 0.138634 0.498237 0.138230 0.505065 0.138624 0.534432 0.137385 0.534432 0.137385 0.505065 0.138624 0.505042 0.137943 0.534407 0.136704 0.213076 0.939138 0.213076 0.968526 0.290253 0.306555 0.289344 0.306517 0.289344 0.306517 0.288689 0.306490 0.965244 0.229929 0.859978 0.230344 0.588902 0.045968 0.589567 0.045953 0.589567 0.045953 0.991814 0.937451 0.991897 0.833288 0.992641 0.937358 0.040031 0.057734 0.040402 0.058408 0.035457 0.174509 0.980442 0.968800 0.416029 0.337916 0.839702 0.961349 0.837880 0.948697 0.838601 0.948022 0.840422 0.960680 0.839518 0.947769 0.841339 0.960429 0.001746 0.192515 0.147127 0.973799 
						0.147065 0.952867 0.146230 0.973868 0.146167 0.952936 0.539965 0.875470 0.539848 0.896935 0.147002 0.931934 0.146105 0.932004 0.540081 0.854005 0.146940 0.911002 0.146042 0.911071 0.540198 0.832540 0.146877 0.890070 0.145980 0.890139 0.540314 0.811074 0.890622 0.078397 0.869156 0.078509 0.890622 0.078397 0.890625 0.079175 0.869159 0.079267 0.912087 0.078304 0.912087 0.078304 0.912090 0.079088 0.933552 0.078228 0.933552 0.078228 0.933555 0.079005 0.955018 0.078170 0.955018 0.078170 0.955021 0.078928 0.965377 0.815438 0.497242 0.341668 0.497938 0.342389 0.497938 0.342389 0.197814 0.009997 0.197127 0.010707 0.973578 0.865593 0.973580 0.814728 0.974074 0.814862 0.964709 0.078197 0.964032 0.078970 0.963786 0.079736 0.860399 0.080143 0.827225 0.874629 0.828043 0.874630 0.827209 0.873809 0.837660 0.769665 0.838449 0.769956 0.828027 0.873811 0.828980 0.873805 0.834780 0.873749 0.034658 0.193271 0.034658 0.193271 0.035311 0.193970 0.992739 0.815758 0.999317 0.832256 0.035766 0.183282 0.035084 0.183252 0.035084 0.183252 0.335229 0.169103 0.838447 0.761823 0.839236 0.762113 0.575409 0.906806 0.575536 0.907297 0.035311 0.193970 0.034658 0.193271 
						0.998407 0.936727 0.040831 0.057707 0.041498 0.058060 0.040831 0.057707 0.839349 0.752836 0.840198 0.752526 0.841121 0.752814 0.340941 0.294629 0.845317 0.947712 0.834795 0.874567 0.835749 0.874562 0.846235 0.947459 0.828996 0.874623 0.981356 0.883198 0.981356 0.895828 0.415806 0.360969 0.428313 0.353033 0.428326 0.353773 0.415819 0.361715 0.415819 0.361715 0.980864 0.815092 0.981358 0.815226 0.981357 0.863524 0.155008 0.353093 0.172698 0.353093 0.172693 0.353845 0.155177 0.353845 0.298809 0.555975 0.414062 0.833351 0.413133 0.833103 0.575722 0.914095 0.575849 0.914587 0.563977 0.914522 0.257666 0.542990 0.269539 0.542990 0.269534 0.543672 0.256991 0.543672 0.256991 0.543672 0.269534 0.543672 0.552319 0.914458 0.563964 0.915193 0.552305 0.915130 0.319866 0.543631 0.331524 0.543631 0.983134 0.349063 0.983133 0.341791 0.983805 0.341801 0.983805 0.349361 0.505621 0.543634 0.513180 0.543634 0.552975 0.793688 0.281198 0.542990 0.296524 0.542972 0.281193 0.543672 0.302217 0.680901 0.301421 0.680900 0.823983 0.869662 0.281238 0.701835 0.281244 0.702612 0.795506 0.754493 0.154864 0.692258 0.851954 0.093287 0.852634 0.092975 0.971676 0.094404 
						0.972627 0.140572 0.087866 0.666116 0.058877 0.666117 0.058877 0.666117 0.087866 0.666116 0.087871 0.666786 0.058882 0.666787 0.413882 0.896726 0.413884 0.915516 0.412907 0.915367 0.412910 0.896576 0.331465 0.701865 0.319807 0.701866 0.331450 0.702655 0.319792 0.702656 0.969469 0.002814 0.969492 0.010390 0.269578 0.701834 0.257950 0.701833 0.269584 0.702612 0.257956 0.702612 0.780426 0.753869 0.787956 0.754180 0.969514 0.017945 0.343076 0.702655 0.343091 0.701864 0.513175 0.666096 0.506009 0.668537 0.506009 0.668537 0.513175 0.666096 0.513161 0.666777 0.505995 0.669219 0.972667 0.149192 0.972696 0.155705 0.972855 0.306659 0.973301 0.296571 0.973348 0.306471 0.983805 0.255294 0.983805 0.278120 0.576857 0.543635 0.599681 0.543635 0.599676 0.666100 0.584856 0.666099 0.584856 0.666099 0.599676 0.666100 0.600332 0.666779 0.584842 0.666779 0.972850 0.202286 0.972890 0.212352 0.972890 0.212352 0.972938 0.221234 0.600332 0.655094 0.600332 0.666779 0.599676 0.666100 0.599677 0.655095 0.599677 0.655095 0.001351 0.666120 0.001349 0.655118 0.001349 0.655118 0.001351 0.666120 0.000687 0.666788 0.000685 0.655105 0.852205 0.221710 0.852171 0.212828 
						0.989981 0.959304 0.990475 0.829885 0.990475 0.959108 0.447985 0.353033 0.496279 0.353033 0.495623 0.353771 0.447805 0.353773 0.104519 0.671788 0.095033 0.668557 0.095033 0.668557 0.104519 0.671788 0.104525 0.672459 0.095039 0.669227 0.852005 0.149668 0.851984 0.141048 0.496525 0.671769 0.448169 0.691447 0.972360 0.094719 0.973348 0.141089 0.972627 0.140572 0.971676 0.094404 0.970930 0.075592 0.496272 0.531775 0.496272 0.542963 0.495616 0.543633 0.495616 0.531776 0.495616 0.531776 0.495616 0.543633 0.496273 0.523024 0.495616 0.523025 0.495616 0.523025 0.106324 0.523073 0.106326 0.531823 0.105413 0.531819 0.105411 0.523069 0.105411 0.523069 0.105413 0.531819 0.104748 0.531807 0.104747 0.523057 0.972239 0.951337 0.106327 0.542764 0.105414 0.542760 0.105414 0.542760 0.104750 0.542748 0.972238 0.959655 0.298805 0.573844 0.414006 0.817263 0.413118 0.817008 0.302222 0.555982 0.301426 0.555981 0.301421 0.845416 0.600337 0.542965 0.600337 0.555988 0.599680 0.555989 0.599681 0.543635 0.599680 0.555989 0.105417 0.556941 0.105417 0.556941 0.104752 0.556259 0.972238 0.969928 0.971746 0.969743 0.095127 0.556260 0.104752 0.556259 0.105417 0.556941 
						0.095410 0.556941 0.095410 0.556941 0.205304 0.968534 0.205305 0.939133 0.058450 0.556260 0.087854 0.556260 0.087849 0.556941 0.058447 0.556942 0.058447 0.556942 0.087849 0.556941 0.302218 0.667806 0.301422 0.667805 0.301421 0.744697 0.301421 0.732902 0.972982 0.229580 0.600333 0.644115 0.599677 0.644116 0.599677 0.644116 0.001347 0.644140 0.001347 0.644140 0.000683 0.644128 0.852238 0.230056 0.298828 0.680874 0.413153 0.704432 0.414062 0.720838 0.413133 0.720590 0.412285 0.704190 0.344069 0.407698 0.344065 0.523023 0.343382 0.523022 0.343387 0.407374 0.344469 0.407424 0.344468 0.406979 0.344065 0.523023 0.847138 0.960372 0.848055 0.960121 0.846955 0.946785 0.848776 0.959451 0.185204 0.361786 0.185276 0.701831 0.185282 0.702612 0.854424 0.065619 0.969657 0.065165 0.415738 0.702656 0.415753 0.701862 0.795506 0.869658 0.564633 0.793751 0.806910 0.833998 0.806909 0.855450 0.807977 0.834001 0.807978 0.855453 0.806910 0.812546 0.807977 0.812549 0.806910 0.791094 0.807977 0.791096 0.806909 0.769641 0.807978 0.769644 0.532067 0.896893 0.532183 0.875428 0.335985 0.852452 0.315179 0.854745 0.315013 0.853858 0.335820 0.851565 0.335820 0.851565 
						0.532299 0.853963 0.356792 0.850158 0.356626 0.849272 0.356626 0.849272 0.532416 0.832497 0.377598 0.847865 0.377433 0.846979 0.377433 0.846979 0.532533 0.811032 0.398405 0.845572 0.398239 0.844686 0.890589 0.070969 0.869123 0.071050 0.890592 0.071845 0.890592 0.071845 0.912054 0.070885 0.912057 0.071764 0.912057 0.071764 0.933519 0.070799 0.933523 0.071676 0.933523 0.071676 0.954985 0.070712 0.106298 0.354854 0.105386 0.353842 0.105386 0.353842 0.104721 0.353093 0.289252 0.879404 0.289252 0.897093 0.496279 0.353033 0.495623 0.353771 0.846133 0.770100 0.835733 0.873742 0.256572 0.407042 0.256572 0.407488 0.256970 0.407761 0.256988 0.523067 0.733361 0.751921 0.991903 0.825405 0.991911 0.815329 0.992355 0.815340 0.576505 0.915261 0.344064 0.543631 0.344065 0.531774 0.344065 0.531774 0.343382 0.531773 0.847709 0.762547 0.846922 0.770390 0.256989 0.531817 0.344064 0.543631 0.343382 0.542961 0.343784 0.406656 0.981358 0.968556 0.576373 0.794306 0.576505 0.793815 0.848776 0.751921 0.836551 0.873743 0.836567 0.874564 0.293242 0.236365 0.292333 0.236326 0.292333 0.236326 0.291678 0.236299 0.965535 0.296920 0.965475 0.283334 0.212152 0.881562 
						0.212156 0.904859 0.592639 0.134247 0.591873 0.116148 0.592537 0.116133 0.593331 0.134900 0.593331 0.134900 0.592537 0.116133 0.298815 0.633148 0.414010 0.763839 0.413120 0.763585 0.302227 0.573855 0.301427 0.573854 0.301437 0.829317 0.973237 0.282985 0.600336 0.573861 0.599680 0.573862 0.599680 0.573862 0.001337 0.573898 0.001334 0.556943 0.001334 0.556943 0.001337 0.573898 0.000672 0.573886 0.000669 0.556261 0.290898 0.291406 0.289989 0.291367 0.289989 0.291367 0.289334 0.291340 0.965291 0.241456 0.860037 0.241871 0.589543 0.061116 0.590208 0.061100 0.590208 0.061100 0.302219 0.640338 0.301423 0.640337 0.301421 0.769436 0.973039 0.241107 0.600334 0.628952 0.599678 0.628953 0.599678 0.628953 0.001345 0.628980 0.001345 0.628980 0.000681 0.628968 0.852287 0.241583 0.298826 0.667781 0.414062 0.732633 0.413133 0.732385 0.299352 0.828933 0.299372 0.839132 0.298388 0.838982 0.298382 0.828624 0.587923 0.022830 0.571955 0.023504 0.571921 0.022837 0.588559 0.022135 0.571921 0.022837 0.255994 0.201778 0.255958 0.202692 0.974687 0.291213 0.975360 0.291224 0.965091 0.174191 0.229081 0.327136 0.229038 0.327815 0.229038 0.327815 0.568686 0.135940 
						0.593331 0.134900 0.568686 0.135940 0.568662 0.135259 0.592639 0.134247 0.859806 0.297337 0.860238 0.283749 0.860304 0.297521 0.016173 0.666119 0.001351 0.666120 0.016173 0.666119 0.016179 0.666788 0.000687 0.666788 0.413884 0.859004 0.413879 0.869046 0.412914 0.868896 0.412929 0.858695 0.983133 0.291226 0.983805 0.291237 0.563741 0.543634 0.542160 0.666097 0.542160 0.666097 0.542146 0.666778 0.972759 0.174540 0.852535 0.296861 0.852475 0.283461 0.853031 0.297045 0.000669 0.556261 0.024175 0.556261 0.024170 0.556942 0.001334 0.556943 0.024170 0.556942 0.298822 0.640318 0.414062 0.757372 0.413133 0.757124 0.291107 0.286503 0.290198 0.286465 0.290198 0.286465 0.289542 0.286438 0.965303 0.245186 0.860059 0.245601 0.589751 0.066017 0.590415 0.066002 0.590415 0.066002 0.302225 0.633168 0.301424 0.633167 0.301436 0.775894 0.973059 0.244837 0.600334 0.624045 0.599678 0.624046 0.599678 0.624046 0.001344 0.624074 0.001344 0.624074 0.000680 0.624061 0.852302 0.245313 0.790314 0.374027 0.790125 0.373735 0.790314 0.373450 0.976283 0.254500 0.982213 0.254500 0.972430 0.306633 0.976283 0.254500 0.966499 0.306656 0.965581 0.307193 0.966076 0.307005 
						0.212152 0.881243 0.212577 0.880993 0.785541 0.373733 0.785732 0.373442 0.785732 0.374027 0.853455 0.297015 0.206228 0.881243 0.212152 0.881243 0.859379 0.296992 0.213075 0.880859 0.213076 0.904855 0.965382 0.969391 0.964958 0.969418 0.212158 0.985046 0.206219 0.985046 0.784011 0.373733 0.784202 0.373442 0.784202 0.374028 0.206219 0.985046 0.971321 0.969395 0.964464 0.969232 0.976276 0.357985 0.976276 0.358304 0.975851 0.358323 0.983615 0.815256 0.983191 0.815229 0.788787 0.374027 0.788597 0.373736 0.788787 0.373450 0.982217 0.358304 0.982217 0.357985 0.982642 0.358554 0.989557 0.815260 0.982217 0.358304 0.982698 0.815414 0.576095 0.800676 0.841123 0.752467 0.840714 0.752462 0.998471 0.814782 0.575514 0.907722 0.846922 0.752410 0.576128 0.794729 0.575482 0.913669 0.992706 0.815413 0.992706 0.815413 0.575482 0.913669 0.846922 0.752410 0.576128 0.794729 0.040536 0.058010 0.344186 0.407294 0.040536 0.058010 0.041204 0.058362 0.999233 0.936632 0.999262 0.937044 0.998435 0.937138 0.999331 0.937446 0.998504 0.937539 0.992669 0.937769 0.991842 0.937863 0.992738 0.938170 0.991911 0.938265 0.343503 0.406971 0.340646 0.294326 0.256854 0.407357 
						0.828014 0.874223 0.827196 0.874222 0.828967 0.874217 0.828014 0.874223 0.835720 0.874155 0.834767 0.874161 0.836538 0.874157 0.835720 0.874155 0.296114 0.829327 0.296114 0.829008 0.296536 0.828758 0.782483 0.373723 0.782672 0.373432 0.782672 0.374028 0.787259 0.374027 0.787071 0.373735 0.787259 0.373439 0.974495 0.815112 0.971324 0.815284 0.290168 0.829008 0.290168 0.829327 0.289746 0.828987 0.980442 0.815112 0.989559 0.959284 0.965377 0.815280 0.296114 0.829008 0.983613 0.959280 0.974495 0.815112 0.964956 0.814925 0.964462 0.814728 0.965303 0.077766 0.965158 0.077918 0.965303 0.077766 0.965158 0.077918 0.858868 0.078186 0.859014 0.078336 0.858868 0.078186 0.853992 0.076143 0.970160 0.075685 0.964709 0.078197 0.280248 0.680669 0.280954 0.679963 0.320124 0.679941 0.320830 0.680647 0.266479 0.574862 0.265749 0.574157 0.335314 0.574117 0.334584 0.574822 0.016428 0.654158 0.017134 0.654864 0.018098 0.655122 0.583897 0.654837 0.584603 0.654131 0.018086 0.573902 0.017122 0.574160 0.016416 0.574866 0.584606 0.574826 0.583900 0.574121 0.280982 0.641207 0.280370 0.640149 0.320703 0.640120 0.320091 0.641178 0.269548 0.633424 0.268912 0.632367 
						0.332158 0.632337 0.331522 0.633394 0.896854 0.639952 0.895797 0.640564 0.895803 0.642357 0.896861 0.642969 0.904637 0.628494 0.903580 0.629130 0.903588 0.653788 0.904645 0.654424 0.249044 0.934631 0.244799 0.935029 0.249180 0.935854 0.244935 0.936251 0.249371 0.936878 0.245126 0.937275 0.710900 0.959280 0.706658 0.959698 0.711037 0.960491 0.706794 0.960910 0.711231 0.961511 0.706988 0.961930 0.974687 0.191813 0.979059 0.191811 0.974687 0.190817 0.979059 0.190816 0.979059 0.190816 0.974687 0.190817 0.245071 0.882202 0.249316 0.881805 0.244907 0.881257 0.249152 0.880859 0.990609 0.249970 0.986237 0.249970 0.991948 0.001364 0.996320 0.001364 0.996320 0.001364 0.991948 0.001364 0.991948 0.000669 0.996320 0.000669 0.984898 0.252096 0.980526 0.252098 0.979123 0.252096 0.974751 0.252098 0.986237 0.000669 0.990609 0.000669 0.990609 0.001364 0.986237 0.001364 0.986237 0.001364 0.990609 0.001364 0.990609 0.002324 0.986237 0.002324 0.889974 0.373422 0.889974 0.369053 0.890796 0.369073 0.890796 0.373442 0.891791 0.369076 0.891791 0.373445 0.891791 0.373445 0.891791 0.369076 0.892693 0.369061 0.892693 0.373430 0.980462 0.191813 0.984834 0.191811 
						0.980462 0.190817 0.984834 0.190816 0.984834 0.190816 0.980462 0.190817 0.980462 0.189995 0.984834 0.189993 0.885917 0.373422 0.885917 0.369053 0.886739 0.369073 0.886739 0.373442 0.887734 0.369076 0.887734 0.373445 0.887734 0.373445 0.887734 0.369076 0.888636 0.369060 0.888636 0.373430 0.854737 0.960088 0.850494 0.960507 0.850300 0.959488 0.854542 0.959069 0.850163 0.958276 0.854406 0.957857 0.854737 0.921983 0.850492 0.922380 0.850302 0.921356 0.854546 0.920958 0.850165 0.920134 0.854410 0.919736 0.996320 0.249970 0.991948 0.249970 0.850273 0.866361 0.854518 0.865964 0.854682 0.866910 0.850437 0.867307 0.706988 0.925561 0.711231 0.925142 0.295749 0.286701 0.295540 0.291603 0.409717 0.887918 0.411569 0.887713 0.297884 0.236562 0.409717 0.933118 0.411569 0.932914 0.655298 0.859167 0.655299 0.857926 0.294894 0.306753 0.294427 0.317722 0.597290 0.017009 0.597530 0.022158 0.293873 0.330737 0.299255 0.204374 0.298645 0.218706 0.293462 0.335788 0.333543 0.868809 0.362672 0.868809 0.241906 0.724034 0.250349 0.724034 0.703705 0.859167 0.705365 0.858212 0.297296 0.330322 0.297054 0.335472 0.698231 0.863167 0.698229 0.859167 0.703705 0.859167 
						0.703695 0.863167 0.138518 0.828336 0.138519 0.879521 0.130076 0.879520 0.130076 0.828336 0.706988 0.864311 0.706990 0.861674 0.708597 0.860636 0.708899 0.864311 0.674667 0.967815 0.684445 0.969051 0.684420 0.970612 0.673708 0.968725 0.868923 0.316287 0.868961 0.319872 0.867053 0.319949 0.867015 0.316364 0.706615 0.923647 0.706615 0.907031 0.708525 0.907029 0.708525 0.923645 0.705038 0.881072 0.704629 0.902001 0.697088 0.901020 0.697497 0.880092 0.879753 0.308532 0.881751 0.309201 0.883659 0.316487 0.876939 0.316487 0.190213 0.712393 0.168747 0.712393 0.168747 0.703951 0.190213 0.703951 0.704220 0.922929 0.696679 0.921949 0.147282 0.712393 0.147282 0.703951 0.141818 0.712393 0.138313 0.708545 0.139510 0.705144 0.241906 0.819573 0.241906 0.812952 0.250348 0.812952 0.250348 0.819574 0.493375 0.018341 0.199825 0.332432 0.193157 0.334102 0.676766 0.863167 0.676763 0.859167 0.655300 0.863167 0.655298 0.859167 0.633835 0.863167 0.633832 0.859167 0.138519 0.719240 0.138519 0.724033 0.130076 0.724033 0.130076 0.719240 0.184332 0.336311 0.133069 0.349388 0.860417 0.086012 0.963804 0.085605 0.703402 0.964786 0.703306 0.973300 0.698034 0.978638 
						0.695861 0.963806 0.240915 0.705144 0.243585 0.706045 0.243345 0.708270 0.242112 0.708545 0.705276 0.872499 0.700441 0.865650 0.138518 0.783965 0.138518 0.812951 0.130075 0.812951 0.130076 0.783965 0.912126 0.090986 0.933592 0.090901 0.955057 0.090817 0.869196 0.091155 0.890661 0.091071 0.433480 0.000669 0.425359 0.001012 0.138518 0.819573 0.130075 0.819573 0.138519 0.715657 0.131418 0.712831 0.134947 0.711846 0.703811 0.943858 0.696270 0.942877 0.241906 0.879235 0.241906 0.828337 0.250349 0.828337 0.250349 0.879235 0.241906 0.783965 0.241906 0.741266 0.250349 0.741266 0.250349 0.783966 0.233144 0.712393 0.211678 0.712393 0.211678 0.703951 0.233144 0.703952 0.705276 0.973630 0.705115 0.981861 0.138519 0.741265 0.130076 0.741265 0.860433 0.091293 0.963820 0.090885 0.851268 0.141570 0.851984 0.141048 0.104721 0.353093 0.116126 0.351025 0.125149 0.351409 0.115111 0.351121 0.116126 0.351025 0.965158 0.077918 0.971289 0.075597 0.133267 0.351754 0.416335 0.001393 0.860337 0.140358 0.497242 0.341668 0.731369 0.524894 0.603390 0.526622 0.733351 0.194357 0.733141 0.178396 0.740519 0.525086 0.741162 0.525086 0.739877 0.525086 0.834049 0.198829 
						0.050121 0.955927 0.029189 0.955711 0.976923 0.632818 0.976923 0.611885 0.978767 0.612092 0.978767 0.633024 0.112914 0.956552 0.853410 0.525082 0.297030 0.828624 0.289252 0.829122 0.974493 0.883193 0.980441 0.883193 0.973578 0.883189 0.981356 0.883198 0.964462 0.800747 0.993179 0.802058 0.993535 0.808438 0.964891 0.806549 0.530702 0.795197 0.530721 0.805422 0.515982 0.803583 0.515963 0.793358 0.729317 0.905034 0.729317 0.908379 0.714472 0.907107 0.714472 0.903771 0.522881 0.817904 0.523862 0.841196 0.516092 0.841992 0.516012 0.817863 0.729317 0.954848 0.729317 0.965048 0.714472 0.963777 0.714472 0.953576 0.430150 0.818101 0.430231 0.842231 0.422458 0.841478 0.423283 0.818181 0.430049 0.765850 0.430014 0.747015 0.451479 0.746955 0.451515 0.765791 0.472945 0.746896 0.472980 0.765731 0.494410 0.746836 0.494446 0.765671 0.515876 0.746776 0.515911 0.765612 0.965336 0.452265 0.993390 0.451850 0.993794 0.480837 0.965741 0.481251 0.451616 0.818041 0.451696 0.842171 0.473081 0.817982 0.473162 0.842112 0.494547 0.817922 0.494627 0.842052 0.430127 0.807330 0.430121 0.803822 0.451586 0.803762 0.451593 0.807271 0.473051 0.803702 0.473058 0.807211 
						0.494517 0.803643 0.494523 0.807151 0.515989 0.807092 0.530608 0.745270 0.530615 0.748615 0.515869 0.743423 0.494498 0.793417 0.473032 0.793477 0.451567 0.793537 0.430101 0.793596 0.729317 0.927169 0.714472 0.925897 0.530650 0.767451 0.494547 0.817922 0.516012 0.817863 0.473081 0.817982 0.451616 0.818041 0.430150 0.818101 0.729317 0.968548 0.714472 0.967277 0.530728 0.808930 0.472938 0.743543 0.472930 0.739105 0.494395 0.739046 0.494404 0.743483 0.530728 0.706087 0.530600 0.740843 0.515861 0.738986 0.515795 0.703995 0.430008 0.743662 0.429999 0.739224 0.451465 0.739165 0.451473 0.743602 0.729317 0.865700 0.729317 0.900607 0.714472 0.899354 0.714056 0.864227 0.974893 0.642132 0.989464 0.692990 0.965854 0.695982 0.966767 0.642277 0.423283 0.818181 0.420647 0.817842 0.418321 0.816815 0.416659 0.815258 0.415915 0.813407 0.415401 0.809251 0.964534 0.795348 0.992617 0.797267 0.964743 0.779615 0.992845 0.780038 0.238608 0.712393 0.964520 0.393830 0.992555 0.391919 0.992795 0.409151 0.964739 0.409566 0.965310 0.736922 0.993411 0.737345 0.530231 0.813089 0.529494 0.814944 0.527838 0.816511 0.525516 0.817550 0.522881 0.817904 0.964444 0.388430 
						0.993114 0.387127 0.991931 0.701747 0.993794 0.708363 0.965695 0.707940 0.965764 0.702794 0.965813 0.486399 0.991935 0.487455 0.989474 0.496216 0.965908 0.493211 0.451399 0.704173 0.472864 0.704114 0.429934 0.704233 0.494330 0.704054 0.974859 0.547380 0.967072 0.546922 0.246060 0.707822 0.244986 0.709007 0.247964 0.710205 0.245887 0.710609 0.132461 0.710205 0.134538 0.710608 0.134365 0.707821 0.135439 0.709007 0.136841 0.706044 0.137080 0.708269 0.525516 0.817550 0.526531 0.840577 0.527838 0.816511 0.529003 0.839342 0.993795 0.813389 0.965086 0.811458 0.965041 0.809173 0.993675 0.811044 0.993488 0.380729 0.964877 0.382621 0.965039 0.379987 0.993644 0.378110 0.965110 0.377681 0.993794 0.375741 0.417310 0.839652 0.418321 0.816815 0.420647 0.817842 0.419787 0.840874 0.974687 0.357510 0.975358 0.358190 0.506049 0.161901 0.506419 0.170643 0.852021 0.156181 0.496525 0.671769 0.496511 0.672451 0.983134 0.358687 0.983805 0.359367 0.859672 0.155771 0.183327 0.330850 0.183501 0.331491 0.825331 0.983134 0.825331 0.997479 0.820287 0.996799 0.820290 0.983134 0.524784 0.871032 0.526694 0.871029 0.691852 0.978145 0.691909 0.991016 0.685784 0.991035 
						0.686808 0.978840 0.825331 0.965261 0.820296 0.965261 0.825331 0.884028 0.825331 0.895007 0.820337 0.895007 0.820363 0.884028 0.691767 0.959880 0.686726 0.959894 0.691351 0.878661 0.691424 0.889638 0.686424 0.889652 0.686377 0.878675 0.825331 0.871000 0.820468 0.871673 0.698224 0.848853 0.698230 0.857926 0.676764 0.857926 0.676758 0.848853 0.655299 0.857926 0.655293 0.848853 0.633833 0.857926 0.633827 0.848853 0.612368 0.857926 0.612362 0.848853 0.698218 0.840508 0.676753 0.840508 0.655287 0.840508 0.633822 0.840508 0.612356 0.840508 0.675472 0.917412 0.674044 0.917231 0.362672 0.954671 0.333543 0.954671 0.675138 0.938342 0.674803 0.959271 0.673375 0.959091 0.673709 0.938161 0.684420 0.868037 0.684445 0.866478 0.698168 0.763429 0.698174 0.773516 0.676709 0.773516 0.676702 0.763429 0.655243 0.773516 0.655236 0.763429 0.633778 0.773516 0.633771 0.763429 0.612312 0.773516 0.612305 0.763429 0.698183 0.787102 0.705347 0.773774 0.705350 0.787360 0.717529 0.847268 0.717875 0.857192 0.715389 0.859577 0.714056 0.846935 0.717857 0.826338 0.714209 0.837136 0.884578 0.372962 0.881078 0.372938 0.881009 0.369053 0.884578 0.369076 0.728852 0.754383 
						0.719493 0.753750 0.717081 0.750759 0.728726 0.750576 0.706615 0.884780 0.706615 0.865651 0.708214 0.865650 0.708434 0.865709 0.708525 0.865852 0.708525 0.884780 0.605139 0.773774 0.605129 0.763687 0.605259 0.849109 0.605229 0.840764 0.633787 0.787102 0.612321 0.787102 0.655252 0.787102 0.676718 0.787102 0.691542 0.909704 0.686510 0.909719 0.825331 0.915077 0.820305 0.915077 0.605232 0.858212 0.605154 0.787360 0.633814 0.828981 0.612349 0.828981 0.655280 0.828981 0.676745 0.828981 0.698211 0.828981 0.691507 0.904798 0.686489 0.904813 0.633771 0.763429 0.612305 0.763429 0.612228 0.760785 0.633773 0.760772 0.718838 0.763548 0.718511 0.784478 0.715187 0.774545 0.715369 0.763006 0.867819 0.311421 0.867334 0.312558 0.863535 0.312350 0.864556 0.310305 0.705344 0.763687 0.698168 0.763429 0.698249 0.760785 0.706002 0.761099 0.691192 0.866307 0.686321 0.865650 0.658375 0.902797 0.670677 0.902799 0.670677 0.931931 0.658375 0.931928 0.728852 0.859123 0.728635 0.862888 0.698208 0.825251 0.676743 0.825251 0.655277 0.825251 0.633812 0.825251 0.612346 0.825251 0.825331 0.910170 0.820319 0.910170 0.605188 0.825508 0.705366 0.825508 0.605204 0.829238 
						0.705355 0.829238 0.705345 0.840764 0.705344 0.763687 0.705326 0.849109 0.655236 0.763429 0.655239 0.760772 0.708525 0.898506 0.712406 0.884934 0.712406 0.898660 0.708835 0.769683 0.708461 0.765701 0.712286 0.765160 0.712717 0.769503 0.712406 0.907184 0.712406 0.923803 0.530576 0.846941 0.530576 0.862368 0.868961 0.310529 0.867015 0.308532 0.676702 0.763429 0.676704 0.760772 0.705365 0.858212 0.706836 0.763996 0.708837 0.761735 0.244133 0.711155 0.242900 0.709946 0.137525 0.709946 0.136293 0.711154 0.602500 0.859468 0.604043 0.860421 0.603684 0.858581 0.605247 0.859503 0.605232 0.858212 0.606890 0.859167 0.706912 0.858581 0.705348 0.859503 0.708095 0.859468 0.706550 0.860420 0.605256 0.863494 0.605247 0.859503 0.300082 0.329977 0.299856 0.335220 0.298682 0.335328 0.298915 0.330124 0.298915 0.330124 0.298682 0.335328 0.598923 0.017161 0.599155 0.022364 0.599155 0.022364 0.598923 0.017161 0.600113 0.017289 0.600338 0.022532 0.705348 0.859503 0.705344 0.863494 0.240257 0.712831 0.241464 0.714025 0.138961 0.714025 0.140168 0.712830 0.605129 0.763687 0.603632 0.763955 0.601677 0.761678 0.604482 0.761097 0.707977 0.764733 0.711300 0.763327 
						0.863189 0.320257 0.863150 0.316583 0.718184 0.805408 0.714711 0.804970 0.603684 0.858581 0.603725 0.849425 0.817704 0.884030 0.817766 0.872040 0.818928 0.871884 0.818844 0.884029 0.692739 0.866520 0.692876 0.878664 0.693917 0.866691 0.694031 0.878680 0.706860 0.849425 0.706912 0.858581 0.603640 0.774083 0.603632 0.763955 0.817695 0.996458 0.817695 0.983136 0.818808 0.983135 0.818807 0.996602 0.693339 0.977950 0.693396 0.991019 0.694465 0.977821 0.694522 0.991035 0.706836 0.763996 0.706845 0.774042 0.603707 0.841077 0.817701 0.895009 0.818832 0.895008 0.692935 0.889641 0.694081 0.889657 0.706866 0.841077 0.603652 0.787669 0.817696 0.965263 0.818811 0.965262 0.693258 0.959882 0.694387 0.959899 0.706851 0.787669 0.603691 0.829550 0.817699 0.910172 0.818822 0.910171 0.693010 0.904801 0.694148 0.904817 0.706867 0.829550 0.603682 0.825819 0.817697 0.915079 0.818816 0.915078 0.693038 0.909707 0.694170 0.909723 0.706871 0.825819 0.684376 0.970843 0.673477 0.968923 0.670591 0.932152 0.658377 0.932149 0.333321 0.954671 0.333321 0.933205 0.674140 0.896294 0.674474 0.875364 0.333321 0.911740 0.673805 0.917224 0.333321 0.890274 0.673471 0.938154 
						0.333321 0.868809 0.673137 0.959083 0.333534 0.964785 0.333313 0.964698 0.675126 0.865650 0.333534 0.858695 0.333313 0.858782 0.684408 0.866281 0.803605 0.907349 0.813984 0.907338 0.814070 0.907560 0.803605 0.907571 0.814070 0.936687 0.803605 0.936698 0.362663 0.858695 0.362663 0.964785 0.530576 0.870892 0.555601 0.137412 0.556107 0.148838 0.555563 0.136494 0.555563 0.136494 0.555539 0.135812 0.213076 0.917989 0.212156 0.917992 0.206224 0.917987 0.205306 0.917990 0.037306 0.556260 0.037302 0.556942 0.037302 0.556942 0.037301 0.557861 0.912929 0.375747 0.961177 0.375741 0.962141 0.375999 0.962847 0.376704 0.963105 0.377669 0.908023 0.375748 0.892863 0.375750 0.881885 0.377680 0.882144 0.376716 0.882849 0.376010 0.883814 0.375751 0.524784 0.903887 0.524784 0.884759 0.526694 0.884755 0.526694 0.903683 0.526604 0.903826 0.526385 0.903886 0.234890 0.200880 0.234853 0.201794 0.974687 0.312339 0.975360 0.312351 0.976278 0.312354 0.982216 0.312343 0.983133 0.312346 0.983805 0.312358 0.542621 0.543634 0.542623 0.544549 0.706615 0.898506 0.469468 0.856328 0.456350 0.856328 0.456376 0.843571 0.469494 0.843571 0.469494 0.955172 0.456376 0.955172 
						0.456350 0.942405 0.469467 0.942405 0.144115 0.935172 0.131116 0.935524 0.130794 0.922411 0.143794 0.922059 0.143827 0.891715 0.130075 0.893155 0.130205 0.886804 0.144401 0.886041 0.130212 0.898675 0.143169 0.896490 0.782313 0.941204 0.767677 0.940843 0.767400 0.934507 0.782298 0.934494 0.767406 0.928987 0.782285 0.929005 0.604482 0.761097 0.604820 0.750872 0.612192 0.750576 0.612228 0.760785 0.432635 0.955172 0.432609 0.942405 0.432609 0.856328 0.432630 0.843570 0.427104 0.856341 0.415407 0.856328 0.415529 0.848956 0.416242 0.846490 0.418305 0.844411 0.420764 0.843684 0.427108 0.843574 0.427115 0.955167 0.420784 0.955056 0.418320 0.954330 0.416247 0.952248 0.415529 0.949778 0.415407 0.942404 0.427104 0.942391 0.439898 0.875620 0.432681 0.878892 0.426829 0.884234 0.425470 0.913979 0.430812 0.919832 0.437700 0.923748 0.698268 0.750576 0.698249 0.760785 0.676704 0.760772 0.688219 0.750576 0.655239 0.760772 0.655230 0.750576 0.633773 0.760772 0.624027 0.750576 0.445462 0.925344 0.453336 0.924462 0.455534 0.876334 0.447772 0.874739 0.767417 0.905244 0.782297 0.905262 0.415404 0.932355 0.415401 0.899366 0.421318 0.898886 0.422199 0.906761 
						0.415404 0.868162 0.422913 0.891123 0.705642 0.750872 0.706002 0.761099 0.601677 0.761678 0.602354 0.751436 0.130245 0.882333 0.144634 0.880859 0.144544 0.883217 0.130290 0.884354 0.782300 0.944026 0.767805 0.943304 0.782256 0.946459 0.767772 0.945361 0.708112 0.751439 0.708837 0.761735 0.782303 0.892143 0.767423 0.892125 0.767433 0.871000 0.782313 0.871018 0.490590 0.856328 0.490590 0.868163 0.467764 0.886104 0.466406 0.915848 0.490590 0.932356 0.490590 0.942405 0.490590 0.899366 0.471917 0.901197 0.471035 0.893321 0.470321 0.908959 0.460553 0.921190 0.462422 0.880250 0.144634 0.956287 0.131634 0.956639 0.490616 0.955172 0.490616 0.843571 0.530576 0.884617 0.283748 0.828674 0.287913 0.828623 0.287913 0.965315 0.283920 0.965362 0.949415 0.915990 0.948609 0.923844 0.935781 0.923472 0.936587 0.915618 0.949415 0.931635 0.936587 0.931263 0.602737 0.920100 0.604758 0.913520 0.619960 0.913813 0.617939 0.920392 0.602751 0.943078 0.601682 0.935640 0.616884 0.935932 0.617953 0.943371 0.601677 0.927722 0.616879 0.928014 0.749760 0.920203 0.749760 0.928059 0.732879 0.928056 0.732879 0.920200 0.552247 0.951696 0.552161 0.944454 0.569039 0.944389 
						0.569125 0.951631 0.552117 0.928822 0.552162 0.921962 0.569041 0.921898 0.568995 0.928757 0.749751 0.942817 0.749743 0.948274 0.732862 0.948270 0.732870 0.942814 0.604780 0.949310 0.619983 0.949603 0.749757 0.935852 0.732876 0.935848 0.749751 0.907305 0.749757 0.913051 0.732876 0.913048 0.732870 0.907301 0.552116 0.936572 0.568994 0.936507 0.951754 0.908840 0.938926 0.908468 0.552249 0.916665 0.569127 0.916600 0.951754 0.938599 0.938926 0.938227 0.810409 0.370121 0.818252 0.367536 0.818064 0.368740 0.810374 0.371257 0.817918 0.369623 0.810341 0.372090 0.731884 0.927993 0.731884 0.920092 0.569994 0.928697 0.569994 0.936491 0.802478 0.322656 0.810447 0.322658 0.810789 0.323466 0.802695 0.323457 0.811245 0.324572 0.802980 0.324553 0.823756 0.363484 0.827222 0.358679 0.828082 0.358776 0.824021 0.364384 0.824021 0.364384 0.828082 0.358776 0.828703 0.358849 0.824206 0.365045 0.731881 0.913075 0.731876 0.907524 0.570124 0.916789 0.570039 0.921979 0.817829 0.325060 0.824110 0.329625 0.823674 0.330054 0.817748 0.325741 0.817748 0.325741 0.823674 0.330054 0.823068 0.330643 0.817628 0.326675 0.826390 0.335194 0.827665 0.335535 0.828589 0.335786 
						0.936042 0.915444 0.938291 0.908572 0.829175 0.352701 0.829182 0.343753 0.830285 0.343582 0.830282 0.352019 0.831085 0.343459 0.831085 0.351521 0.936041 0.931367 0.935221 0.923441 0.570039 0.944407 0.570124 0.951587 0.788555 0.329736 0.794910 0.325116 0.795038 0.325945 0.788834 0.330462 0.795201 0.327081 0.789204 0.331457 0.731868 0.948140 0.731876 0.942702 0.794935 0.369672 0.788547 0.365031 0.788790 0.364322 0.795117 0.368919 0.788790 0.364322 0.789110 0.363355 0.795353 0.367893 0.618926 0.920514 0.617905 0.927856 0.619833 0.920811 0.618916 0.927391 0.782484 0.342804 0.784601 0.336298 0.785395 0.336716 0.783607 0.342192 0.617909 0.935917 0.618996 0.943468 0.617909 0.935917 0.618921 0.935843 0.620053 0.943700 0.785077 0.359224 0.782483 0.351263 0.783604 0.351186 0.786343 0.359569 0.802259 0.370136 0.802338 0.371265 0.802387 0.372093 0.731881 0.935815 0.731156 0.919799 0.731153 0.913148 0.938316 0.938137 0.620898 0.914093 0.621671 0.914823 0.620915 0.949358 0.621671 0.948655 0.278335 0.828737 0.278136 0.965428 0.279251 0.827285 0.271358 0.827035 0.272684 0.814272 0.280577 0.814521 0.263747 0.825197 0.265072 0.812434 0.802267 0.907339 
						0.802260 0.913297 0.785379 0.913296 0.785386 0.907338 0.172865 0.931958 0.172865 0.939822 0.157688 0.938913 0.157688 0.931049 0.173937 0.947031 0.158760 0.946122 0.550647 0.929605 0.550647 0.937474 0.533769 0.937510 0.533769 0.929642 0.802255 0.920578 0.785374 0.920577 0.802255 0.936198 0.802260 0.943009 0.785379 0.943008 0.785374 0.936197 0.175976 0.917330 0.173937 0.924208 0.158760 0.923298 0.160799 0.916421 0.550692 0.945248 0.550777 0.952167 0.533899 0.952203 0.533814 0.945284 0.550777 0.916600 0.550692 0.922413 0.533814 0.922449 0.533899 0.916636 0.175976 0.952878 0.160799 0.951969 0.802254 0.928469 0.785373 0.928468 0.286652 0.825921 0.287978 0.813157 0.802267 0.948234 0.785386 0.948234 0.257161 0.821951 0.258487 0.809188 0.252791 0.793726 0.253179 0.799126 0.252052 0.798936 0.251688 0.793645 0.532067 0.937264 0.532067 0.929231 0.532780 0.929533 0.532780 0.937445 0.532780 0.937445 0.784380 0.936250 0.784379 0.928477 0.784379 0.928477 0.784380 0.936250 0.783653 0.936394 0.783652 0.928500 0.299650 0.800035 0.297479 0.804987 0.296316 0.804806 0.298541 0.799751 0.255601 0.803435 0.259290 0.806671 0.258946 0.807379 0.254644 0.803592 
						0.254644 0.803592 0.258946 0.807379 0.258652 0.808300 0.253901 0.804110 0.532824 0.922475 0.532907 0.916861 0.294164 0.810314 0.287948 0.812269 0.294010 0.809484 0.287709 0.811345 0.293434 0.808719 0.293434 0.808719 0.287709 0.811345 0.287327 0.810633 0.292591 0.808224 0.282068 0.811611 0.281380 0.812516 0.280834 0.813581 0.264510 0.809254 0.273102 0.811334 0.272950 0.812253 0.264848 0.810293 0.272797 0.813328 0.265054 0.811458 0.272797 0.813328 0.784380 0.920551 0.784385 0.913333 0.193440 0.884047 0.197991 0.880872 0.198533 0.881678 0.194090 0.884784 0.198719 0.882810 0.194423 0.885821 0.192531 0.924691 0.188913 0.918793 0.189751 0.918515 0.193357 0.924393 0.190527 0.917842 0.194098 0.923665 0.190527 0.917842 0.191033 0.916954 0.194557 0.922700 0.186644 0.895936 0.188998 0.889090 0.189879 0.889202 0.187610 0.895796 0.190771 0.889592 0.188736 0.895500 0.190771 0.889592 0.191435 0.890156 0.189719 0.895127 0.186600 0.911552 0.185818 0.903676 0.186769 0.903676 0.187563 0.911671 0.186769 0.903676 0.187852 0.903761 0.188682 0.912082 0.188778 0.903910 0.189657 0.912674 0.198744 0.926345 0.203963 0.928045 0.203623 0.929160 0.198477 0.927476 
						0.532112 0.945150 0.532825 0.945249 0.532825 0.945249 0.784380 0.920551 0.783653 0.920482 0.203695 0.880859 0.203963 0.881979 0.532109 0.922542 0.784385 0.942920 0.298289 0.805523 0.297479 0.804987 0.784391 0.907520 0.532909 0.952091 0.197875 0.928326 0.760091 0.322656 0.767627 0.325105 0.774037 0.329762 0.778695 0.336174 0.781143 0.343710 0.781144 0.351635 0.778695 0.359172 0.774038 0.365583 0.767628 0.370241 0.760092 0.372689 0.752168 0.372689 0.744632 0.370241 0.738222 0.365583 0.733564 0.359172 0.731116 0.351635 0.731115 0.343710 0.733564 0.336174 0.738221 0.329762 0.744631 0.325105 0.752167 0.322656 0.810201 0.368836 0.817655 0.366379 0.811037 0.325857 0.803182 0.325839 0.822832 0.362568 0.826063 0.358089 0.822149 0.331563 0.817034 0.327833 0.825232 0.335787 0.827890 0.352496 0.827897 0.343957 0.795793 0.328240 0.790126 0.332375 0.790029 0.362434 0.795944 0.366733 0.786554 0.337307 0.784892 0.342396 0.784889 0.350981 0.787501 0.358976 0.802461 0.368850 0.254081 0.793897 0.254450 0.799029 0.295137 0.804380 0.297253 0.799577 0.256727 0.803082 0.260166 0.806098 0.286688 0.809857 0.291638 0.807592 0.281808 0.810764 0.265050 0.808515 
						0.273250 0.810500 0.296919 0.794497 0.294462 0.790069 0.295590 0.789718 0.298191 0.794404 0.265618 0.783036 0.259908 0.785659 0.258952 0.785028 0.264978 0.782260 0.290679 0.786739 0.286235 0.784541 0.286775 0.783802 0.291556 0.786166 0.277990 0.782547 0.269614 0.782291 0.269353 0.781444 0.278137 0.781713 0.256134 0.789156 0.254953 0.788734 0.286688 0.809857 0.281808 0.810764 0.294368 0.707112 0.299650 0.705759 0.273250 0.810500 0.285933 0.707359 0.265050 0.808515 0.277506 0.705847 0.260166 0.806098 0.272921 0.703951 0.492218 0.843802 0.496258 0.843834 0.496179 0.980477 0.491955 0.980430 0.502077 0.843832 0.501631 0.980485 0.509866 0.843779 0.509310 0.980446 0.517462 0.843684 0.517038 0.980362 0.523445 0.843570 0.523445 0.980252 0.331974 0.983371 0.325508 0.981945 0.326868 0.859257 0.331974 0.860652 0.321290 0.981659 0.321701 0.858695 0.312963 0.982247 0.313127 0.858961 0.305258 0.983962 0.305275 0.860341 0.301421 0.985620 0.301950 0.861544 0.251926 0.829014 0.256499 0.828969 0.256722 0.965652 0.251688 0.965700 0.262940 0.828903 0.262746 0.965592 0.270677 0.828821 0.270359 0.965512 0.731590 0.447878 0.695987 0.440963 0.696534 0.441443 
						0.695184 0.440388 0.695987 0.440963 0.850298 0.854572 0.850283 0.850554 0.851238 0.850572 0.851254 0.854577 0.718447 0.341959 0.714957 0.336815 0.715454 0.336284 0.718935 0.341416 0.714170 0.337404 0.714957 0.336815 0.689674 0.353463 0.690455 0.352827 0.731920 0.041888 0.731158 0.042186 0.731115 0.036008 0.732902 0.041478 0.670593 0.424045 0.671419 0.424651 0.670000 0.423490 0.689179 0.395827 0.849177 0.075113 0.740586 0.448767 0.741229 0.448817 0.739943 0.448717 0.845277 0.427592 0.844634 0.427692 0.845920 0.427491 0.768072 0.061815 0.813160 0.061650 0.964328 0.346572 0.966129 0.322656 0.968192 0.322865 0.966391 0.346781 0.573236 0.939145 0.573295 0.961689 0.571523 0.961690 0.571463 0.939146 0.853315 0.448149 0.814398 0.446922 0.792934 0.445665 0.771467 0.446923 0.741251 0.433321 0.741254 0.429427 0.844642 0.429424 0.844638 0.433317 0.245961 0.013054 0.246276 0.005661 0.578889 0.345376 0.578576 0.337984 0.771442 0.475563 0.792908 0.475563 0.814373 0.475562 0.790616 0.061733 0.689207 0.354116 0.856044 0.372759 0.856047 0.322656 0.879670 0.327012 0.878589 0.372759 0.833500 0.372756 0.832424 0.327009 0.573295 0.916600 0.571523 0.916601 
						0.966129 0.368729 0.968192 0.368938 0.633506 0.913520 0.633506 0.959312 0.631238 0.959312 0.631238 0.913520 0.971800 0.322656 0.971800 0.368427 0.969531 0.368429 0.969531 0.322657 0.967776 0.557531 0.970740 0.557531 0.970736 0.569399 0.967772 0.569399 0.631904 0.879573 0.634124 0.879958 0.634124 0.891945 0.631904 0.891560 0.630074 0.903224 0.627855 0.902839 0.971716 0.623146 0.968753 0.623160 0.968868 0.614582 0.971831 0.614567 0.968868 0.602799 0.971831 0.602784 0.968753 0.590967 0.971716 0.590953 0.957597 0.941863 0.954928 0.941879 0.957583 0.931359 0.960253 0.931344 0.960253 0.931344 0.957583 0.919136 0.960253 0.919120 0.960253 0.919120 0.954928 0.908484 0.957597 0.908468 0.967787 0.548718 0.970750 0.548718 0.967772 0.569399 0.970740 0.581142 0.967776 0.581142 0.967776 0.581142 0.970750 0.589614 0.967787 0.589614 0.620840 0.865650 0.627855 0.870089 0.631904 0.879573 0.631904 0.891560 0.627855 0.902839 0.620840 0.910387 0.612741 0.912181 0.605726 0.907742 0.601677 0.898258 0.601677 0.886271 0.605726 0.874992 0.612741 0.867445 0.971713 0.569394 0.971717 0.581002 0.370052 0.864736 0.380516 0.858695 0.380697 0.859413 0.370565 0.865263 
						0.380955 0.860392 0.371276 0.865979 0.971728 0.589376 0.364010 0.875201 0.364715 0.875396 0.365688 0.875659 0.634682 0.880192 0.634682 0.892042 0.364010 0.887285 0.364715 0.887096 0.365688 0.886835 0.630679 0.903191 0.370052 0.897750 0.370565 0.897229 0.371276 0.896515 0.967772 0.622930 0.967886 0.614450 0.380516 0.903793 0.380697 0.903080 0.380955 0.902104 0.967886 0.602802 0.392598 0.903794 0.392396 0.903081 0.392130 0.902105 0.967772 0.591106 0.403062 0.897752 0.402528 0.897231 0.401809 0.896517 0.953964 0.941690 0.956589 0.931291 0.956589 0.931291 0.953964 0.941690 0.953093 0.941164 0.955634 0.931096 0.408378 0.887099 0.407397 0.886838 0.956589 0.919208 0.956589 0.919208 0.955635 0.919396 0.408378 0.875398 0.407397 0.875661 0.953964 0.908678 0.953964 0.908678 0.953093 0.909200 0.402528 0.865265 0.401809 0.865981 0.971728 0.548951 0.971717 0.557662 0.392598 0.858696 0.403062 0.864738 0.392396 0.859414 0.392130 0.860392 0.603700 0.524430 0.603708 0.225491 0.769646 0.197058 0.748180 0.197138 0.769653 0.199059 0.748188 0.199143 0.299488 0.886939 0.299488 0.908404 0.298369 0.908404 0.298369 0.886939 0.976923 0.590953 0.978767 0.591160 
						0.623271 0.933457 0.623009 0.931317 0.625076 0.931320 0.625294 0.933032 0.299488 0.929870 0.298369 0.929870 0.834042 0.196824 0.812577 0.196901 0.812584 0.198901 0.848869 0.196059 0.847883 0.196120 0.602765 0.523911 0.601993 0.523512 0.734286 0.198519 0.733300 0.198473 0.733348 0.196482 0.734335 0.196536 0.601677 0.224258 0.602770 0.226017 0.601994 0.226432 0.091984 0.956348 0.949217 0.364521 0.935222 0.366300 0.935220 0.345368 0.949217 0.343588 0.930567 0.365587 0.914586 0.365587 0.914586 0.344121 0.930568 0.344121 0.914586 0.322656 0.930567 0.322656 0.935222 0.324436 0.949217 0.322656 0.932272 0.344121 0.932272 0.365587 0.933879 0.344121 0.933881 0.365587 0.932272 0.322656 0.933881 0.322656 0.950556 0.340266 0.952623 0.340264 0.627919 0.948931 0.629899 0.948336 0.579239 0.745822 0.600147 0.747844 0.600147 0.768776 0.579239 0.766754 0.579239 0.724889 0.600147 0.726911 0.569023 0.788141 0.557254 0.789342 0.556993 0.762782 0.562326 0.761033 0.566847 0.757236 0.671396 0.944736 0.671543 0.950705 0.668470 0.950790 0.668324 0.944821 0.544594 0.790853 0.547139 0.759424 0.551660 0.762217 0.896736 0.962178 0.896938 0.957243 0.900007 0.957237 
						0.899804 0.962172 0.803605 0.949058 0.804565 0.943093 0.806375 0.943093 0.805416 0.949058 0.556993 0.732382 0.551660 0.734131 0.547139 0.737928 0.544594 0.707123 0.557254 0.705612 0.566847 0.735741 0.562326 0.732948 0.569023 0.704411 0.764053 0.957885 0.763909 0.962990 0.760836 0.962931 0.760979 0.957825 0.532067 0.729552 0.532067 0.708619 0.543058 0.749129 0.532067 0.750484 0.544119 0.743194 0.532067 0.771417 0.544119 0.754828 0.532067 0.792349 0.577396 0.766656 0.577396 0.745724 0.575215 0.766661 0.575215 0.745728 0.573288 0.766775 0.573380 0.745834 0.577396 0.724791 0.575215 0.724796 0.573288 0.724910 0.962989 0.322740 0.959463 0.322656 0.570928 0.746036 0.569867 0.740337 0.573106 0.703994 0.569867 0.751970 0.570735 0.747117 0.573106 0.787724 0.848104 0.321317 0.849051 0.321306 0.002648 0.836596 0.016227 0.838059 0.528987 0.905364 0.525463 0.905226 0.671205 0.938780 0.668132 0.938865 0.764288 0.945959 0.764186 0.951904 0.761112 0.951845 0.761214 0.945899 0.671622 0.955777 0.671622 0.959182 0.668550 0.959267 0.668550 0.955862 0.764343 0.937651 0.764343 0.940954 0.761269 0.940894 0.761269 0.937591 0.670997 0.933743 0.667925 0.933828 
						0.804565 0.955023 0.806375 0.955023 0.896938 0.945321 0.896736 0.940149 0.899804 0.940143 0.900007 0.945315 0.896996 0.950230 0.900065 0.950224 0.897009 0.951324 0.900078 0.951318 0.901472 0.957232 0.901521 0.962167 0.807627 0.949058 0.808532 0.955023 0.758571 0.951792 0.758229 0.945855 0.759115 0.962864 0.758882 0.957765 0.665189 0.955929 0.665486 0.950860 0.901521 0.940138 0.901472 0.945310 0.901455 0.951313 0.666035 0.938943 0.666205 0.933910 0.757907 0.940856 0.808532 0.943093 0.664937 0.959331 0.665783 0.944895 0.901458 0.950219 0.757656 0.937557 0.757144 0.951869 0.756594 0.945947 0.902340 0.951313 0.902398 0.957233 0.663007 0.959234 0.663377 0.955839 0.756096 0.940961 0.757663 0.957827 0.663850 0.950781 0.664356 0.944830 0.664816 0.938891 0.902398 0.945310 0.902350 0.950219 0.755727 0.937671 0.809788 0.943093 0.808911 0.949058 0.902565 0.962167 0.809788 0.955023 0.665162 0.933869 0.758072 0.962913 0.902565 0.940138 0.754637 0.952093 0.753679 0.946221 0.661847 0.944627 0.662715 0.938736 0.903924 0.945312 0.903810 0.950221 0.812287 0.938037 0.814510 0.938037 0.812174 0.943094 0.811354 0.949058 0.903924 0.957234 0.904323 0.962170 
						0.812174 0.955023 0.756318 0.963043 0.755564 0.958000 0.660114 0.955549 0.660933 0.950531 0.812287 0.960080 0.814510 0.960080 0.904323 0.940140 0.663407 0.933754 0.903784 0.951314 0.752836 0.941278 0.815782 0.938037 0.813446 0.943094 0.659194 0.950268 0.660108 0.944364 0.905671 0.957241 0.906070 0.962177 0.813446 0.955023 0.815782 0.960080 0.812626 0.949059 0.660977 0.938472 0.661668 0.933490 0.754581 0.963321 0.753827 0.958278 0.658375 0.955285 0.752900 0.952371 0.751942 0.946499 0.906070 0.940147 0.905671 0.945319 0.905530 0.951322 0.751099 0.941557 0.905556 0.950228 0.386989 0.964393 0.386967 0.957371 0.389865 0.957363 0.389887 0.964176 0.666869 0.874893 0.662572 0.870593 0.663739 0.868846 0.668615 0.873724 0.638644 0.880519 0.638644 0.886601 0.636585 0.887011 0.636585 0.880110 0.656958 0.868268 0.657367 0.866207 0.387050 0.970306 0.389954 0.969893 0.392029 0.950402 0.392501 0.944300 0.395429 0.944705 0.394976 0.950618 0.244239 0.944581 0.246994 0.938614 0.249371 0.939022 0.246706 0.944803 0.391894 0.956194 0.394846 0.956227 0.392029 0.964469 0.391864 0.957484 0.394817 0.957476 0.394976 0.964240 0.392501 0.970292 0.395429 0.969883 
						0.386988 0.950313 0.389886 0.950515 0.244239 0.958655 0.243271 0.951618 0.245770 0.951618 0.246706 0.958433 0.387048 0.944300 0.389954 0.944702 0.959759 0.973259 0.959688 0.967328 0.962588 0.967116 0.962666 0.972850 0.959663 0.960299 0.962563 0.960296 0.959689 0.953247 0.959760 0.947252 0.962666 0.947657 0.962589 0.953454 0.640970 0.874900 0.639224 0.873733 0.656958 0.898842 0.662572 0.896513 0.663739 0.898260 0.657367 0.900903 0.669194 0.880510 0.671254 0.880100 0.650881 0.868270 0.645267 0.870598 0.644100 0.868852 0.650471 0.866209 0.669194 0.885484 0.671254 0.885744 0.645267 0.896518 0.650881 0.898843 0.650471 0.900905 0.644100 0.898265 0.928149 0.938177 0.921328 0.938210 0.921328 0.909191 0.928149 0.909158 0.640970 0.892219 0.639224 0.893387 0.666869 0.892211 0.669194 0.886592 0.671254 0.887001 0.668615 0.893378 0.246994 0.964622 0.249371 0.964215 0.599273 0.937930 0.596608 0.943712 0.575616 0.943712 0.578281 0.937930 0.914487 0.938192 0.908690 0.938122 0.908690 0.909102 0.914487 0.909172 0.227077 0.941110 0.220228 0.941083 0.220228 0.912062 0.227076 0.912089 0.214415 0.941010 0.214415 0.911989 0.599272 0.924300 0.600208 0.931115 
						0.579217 0.931115 0.578280 0.924300 0.233890 0.941093 0.233890 0.912072 0.867600 0.938544 0.861991 0.938437 0.861991 0.909620 0.867600 0.909726 0.751921 0.915774 0.754262 0.910695 0.757683 0.912289 0.755677 0.916641 0.239606 0.941031 0.239606 0.912010 0.933882 0.938093 0.933882 0.909073 0.875612 0.938380 0.868850 0.938568 0.868850 0.909750 0.875612 0.909562 0.596607 0.918519 0.575615 0.918519 0.881254 0.937904 0.881254 0.909086 0.856076 0.938010 0.856076 0.909193 0.650351 0.901458 0.643776 0.898733 0.386399 0.964337 0.386378 0.957369 0.959074 0.960298 0.959100 0.953300 0.650350 0.865652 0.657468 0.865650 0.959867 0.943218 0.959171 0.947348 0.959277 0.943343 0.638745 0.873417 0.643777 0.868380 0.242938 0.951618 0.243899 0.944633 0.636021 0.887120 0.636021 0.879998 0.959169 0.973161 0.959099 0.967273 0.664044 0.868374 0.669075 0.873408 0.664043 0.898728 0.657469 0.901456 0.386398 0.950366 0.386459 0.944396 0.391925 0.970190 0.391457 0.964410 0.669075 0.893690 0.391293 0.957477 0.391323 0.956196 0.671798 0.885812 0.671798 0.887110 0.638744 0.893699 0.386460 0.970208 0.243899 0.958603 0.387141 0.974217 0.386551 0.974091 0.391457 0.950448 
						0.391925 0.944391 0.671798 0.879988 0.909288 0.348409 0.911466 0.342753 0.913247 0.343152 0.910803 0.349499 0.928049 0.908551 0.933701 0.908468 0.882738 0.343070 0.884921 0.348682 0.883458 0.349805 0.881009 0.343508 0.577683 0.937832 0.578605 0.931115 0.888957 0.352951 0.894236 0.355232 0.893911 0.357155 0.887988 0.354596 0.577682 0.924397 0.575055 0.918698 0.899943 0.355176 0.905238 0.352781 0.906258 0.354405 0.900317 0.357093 0.914582 0.908565 0.921326 0.908584 0.227073 0.911483 0.233789 0.911466 0.883461 0.330312 0.888007 0.325407 0.888974 0.326940 0.884923 0.331311 0.214593 0.911385 0.220323 0.911455 0.893947 0.322717 0.900347 0.322656 0.899970 0.324488 0.894267 0.324543 0.905247 0.326768 0.906268 0.325214 0.875507 0.908937 0.881068 0.908468 0.909680 0.332060 0.909282 0.331038 0.910797 0.330005 0.911243 0.331153 0.867609 0.909099 0.868841 0.909122 0.239424 0.911406 0.881012 0.336660 0.882741 0.336967 0.908868 0.908497 0.575057 0.943532 0.911466 0.336650 0.913247 0.336303 0.856249 0.908573 0.862080 0.908994 0.745135 0.905963 0.738705 0.903296 0.738879 0.903036 0.745196 0.905656 0.816356 0.891793 0.813878 0.898233 0.813634 0.898062 
						0.816069 0.891735 0.850114 0.857182 0.850114 0.855916 0.850427 0.855916 0.850427 0.857182 0.752094 0.905956 0.752033 0.905649 0.790751 0.873791 0.796777 0.871063 0.796834 0.871369 0.790913 0.874050 0.763406 0.878579 0.766061 0.885001 0.765755 0.885062 0.763146 0.878753 0.733808 0.898385 0.731153 0.891962 0.731459 0.891901 0.734068 0.898211 0.809266 0.903210 0.809104 0.902951 0.758498 0.903289 0.758324 0.903029 0.783652 0.892155 0.783654 0.885207 0.783942 0.885265 0.783939 0.892091 0.745118 0.871006 0.752079 0.871001 0.752018 0.871307 0.745180 0.871313 0.790732 0.903404 0.786137 0.898543 0.786380 0.898367 0.790895 0.903142 0.738716 0.873674 0.738890 0.873934 0.530331 0.934246 0.530326 0.905226 0.530638 0.905226 0.530638 0.934247 0.803239 0.905937 0.796741 0.905999 0.796798 0.905692 0.803183 0.905630 0.766061 0.891949 0.763406 0.898370 0.763146 0.898196 0.765755 0.891888 0.786140 0.878768 0.786383 0.878939 0.758508 0.873667 0.758334 0.873927 0.888439 0.938799 0.882622 0.938490 0.882593 0.936972 0.888411 0.937282 0.241785 0.923801 0.241811 0.917080 0.243339 0.917082 0.243313 0.923803 0.907351 0.937915 0.901818 0.938488 0.901790 0.936971 
						0.907322 0.936398 0.956630 0.967968 0.954012 0.962288 0.955118 0.962288 0.957736 0.967968 0.953093 0.955593 0.954012 0.948898 0.955118 0.948898 0.954198 0.955593 0.895179 0.938799 0.895171 0.937281 0.241887 0.936134 0.241810 0.930502 0.243338 0.930504 0.243415 0.936136 0.298457 0.955958 0.298391 0.950342 0.299920 0.950340 0.299985 0.955957 0.893990 0.938798 0.893962 0.937281 0.298369 0.943648 0.299897 0.943647 0.298390 0.936920 0.298457 0.931210 0.299985 0.931208 0.299919 0.936919 0.241887 0.911385 0.243415 0.911387 0.956630 0.943218 0.957736 0.943218 0.893414 0.908468 0.894664 0.908468 0.809276 0.873596 0.813871 0.878456 0.813627 0.878633 0.809113 0.873858 0.733808 0.878593 0.734068 0.878767 0.731153 0.886280 0.731465 0.886280 0.816356 0.884845 0.816069 0.884909 0.731153 0.885014 0.731463 0.885055 0.803270 0.871000 0.803212 0.871308 0.815717 0.907339 0.815717 0.936360 0.815409 0.936359 0.815409 0.907338 0.814324 0.879620 0.814053 0.879743 0.754973 0.921770 0.755677 0.916641 0.757015 0.916641 0.756311 0.921770 0.870703 0.960488 0.870307 0.955530 0.873608 0.954609 0.873948 0.958857 0.757760 0.907301 0.760680 0.909382 0.868829 0.949197 
						0.868787 0.955212 0.865663 0.954497 0.865698 0.949343 0.870193 0.948491 0.870307 0.943564 0.873608 0.944357 0.873511 0.948578 0.215278 0.953253 0.214415 0.947306 0.217656 0.947806 0.218395 0.952902 0.757760 0.936219 0.754262 0.932825 0.757683 0.931250 0.760680 0.934157 0.870167 0.949589 0.873489 0.949519 0.751921 0.927747 0.755677 0.926899 0.751099 0.921760 0.754973 0.921770 0.911466 0.342753 0.909288 0.348409 0.906559 0.347028 0.908425 0.342182 0.216185 0.959175 0.219173 0.957976 0.911466 0.336650 0.908425 0.336953 0.868713 0.960317 0.865599 0.958871 0.868829 0.943212 0.865698 0.944216 0.863847 0.944209 0.863847 0.949337 0.861341 0.949328 0.861100 0.944205 0.873511 0.948578 0.873608 0.944357 0.875447 0.944365 0.875349 0.948586 0.217656 0.947806 0.217068 0.943483 0.218899 0.943210 0.219487 0.947533 0.757683 0.931250 0.755677 0.926899 0.757015 0.926899 0.759021 0.931250 0.218395 0.952902 0.220227 0.952629 0.757683 0.912289 0.759021 0.912289 0.865698 0.944216 0.865698 0.949343 0.219173 0.957976 0.221004 0.957703 0.865663 0.954497 0.865599 0.958871 0.863748 0.958865 0.863811 0.954490 0.873948 0.958857 0.873608 0.954609 0.875447 0.954617 
						0.875787 0.958864 0.873489 0.949519 0.875328 0.949526 0.219864 0.962235 0.221696 0.961962 0.873948 0.939907 0.875787 0.939915 0.865665 0.939914 0.863814 0.939907 0.877192 0.949534 0.877223 0.948593 0.878445 0.948600 0.878405 0.949540 0.222705 0.952260 0.223242 0.957364 0.861687 0.958847 0.861547 0.954477 0.877359 0.954624 0.877834 0.958872 0.223732 0.961649 0.877834 0.939923 0.877359 0.944372 0.860863 0.939907 0.759256 0.916641 0.758588 0.921770 0.221819 0.942787 0.222205 0.947135 0.759256 0.926899 0.761161 0.931250 0.761161 0.912289 0.761146 0.926899 0.760516 0.921770 0.762615 0.921770 0.763202 0.926899 0.224866 0.957194 0.225143 0.961495 0.879236 0.939931 0.878621 0.944379 0.858966 0.944305 0.858516 0.940021 0.761146 0.916641 0.224158 0.942562 0.224331 0.946926 0.762941 0.931250 0.224580 0.952071 0.762941 0.912289 0.859458 0.949410 0.860269 0.958898 0.859916 0.954542 0.878621 0.954631 0.879236 0.958880 0.226555 0.946819 0.226536 0.951970 0.764876 0.912289 0.763202 0.916641 0.857508 0.949592 0.856749 0.944518 0.226555 0.957101 0.858808 0.959022 0.858231 0.954692 0.879910 0.954641 0.880672 0.958891 0.879642 0.949549 0.879691 0.948609 
						0.226607 0.961408 0.880672 0.939941 0.879910 0.944389 0.856076 0.940261 0.226607 0.942449 0.764876 0.931250 0.236331 0.906614 0.239999 0.902925 0.241209 0.903739 0.237140 0.907831 0.231527 0.882308 0.226313 0.882294 0.226029 0.880859 0.231812 0.880875 0.226302 0.908597 0.231515 0.908612 0.231798 0.910046 0.226017 0.910030 0.217831 0.902873 0.221507 0.906582 0.220698 0.907795 0.216621 0.903682 0.221498 0.884292 0.220689 0.883075 0.215842 0.892809 0.215842 0.898038 0.214416 0.898320 0.214415 0.892521 0.217830 0.887981 0.216620 0.887167 0.241626 0.891986 0.239999 0.888032 0.241209 0.887223 0.242970 0.891430 0.236322 0.884323 0.237131 0.883110 0.241989 0.892867 0.243415 0.892585 0.241989 0.898096 0.243415 0.898384 0.374480 0.905132 0.380194 0.905154 0.380055 0.908475 0.374483 0.908454 0.636262 0.907206 0.640857 0.906383 0.642310 0.911411 0.638851 0.912031 0.636021 0.903938 0.640734 0.903093 0.640857 0.906383 0.636262 0.907206 0.646381 0.902797 0.646363 0.906093 0.647607 0.902853 0.647507 0.906221 0.386378 0.905210 0.391155 0.905153 0.391301 0.908474 0.386642 0.908530 0.652104 0.903093 0.657036 0.903938 0.656752 0.907206 0.651943 0.906383 
						0.364011 0.905212 0.368791 0.905154 0.368936 0.908475 0.364275 0.908532 0.171083 0.880859 0.176771 0.881511 0.176629 0.884417 0.171083 0.883781 0.402559 0.905153 0.407406 0.905210 0.407145 0.908530 0.402420 0.908474 0.160570 0.883367 0.165395 0.881511 0.165537 0.884417 0.160832 0.886227 0.396845 0.905132 0.396849 0.908454 0.181597 0.883367 0.181334 0.886227 0.385039 0.905212 0.384778 0.908532 0.400873 0.912894 0.404430 0.912936 0.405851 0.923174 0.401683 0.923125 0.646363 0.906093 0.646453 0.911193 0.647507 0.906221 0.647314 0.911289 0.871370 0.319623 0.870300 0.314077 0.874795 0.314131 0.875600 0.318305 0.651943 0.906383 0.656752 0.907206 0.654273 0.912031 0.650653 0.911411 0.181334 0.886227 0.184479 0.888932 0.181150 0.893410 0.178783 0.891374 0.171083 0.883781 0.176629 0.884417 0.175241 0.890011 0.171067 0.889533 0.157688 0.888932 0.160832 0.886227 0.163351 0.891373 0.160984 0.893410 0.165537 0.884417 0.166892 0.890011 0.396849 0.908454 0.402420 0.908474 0.400873 0.912894 0.396680 0.912878 0.368936 0.908475 0.374483 0.908454 0.374725 0.912881 0.370549 0.912897 0.871370 0.308532 0.875600 0.309957 0.380055 0.908475 0.384778 0.908532 
						0.382474 0.912940 0.378918 0.912897 0.175967 0.897328 0.180117 0.898924 0.180117 0.915082 0.175967 0.913486 0.163351 0.891373 0.166892 0.890011 0.166184 0.897328 0.162034 0.898924 0.171067 0.889533 0.171075 0.896768 0.396680 0.912878 0.396769 0.923107 0.175241 0.890011 0.178783 0.891374 0.370549 0.912897 0.374725 0.912881 0.374593 0.923108 0.369700 0.923127 0.392504 0.912894 0.391876 0.923125 0.378918 0.912897 0.382474 0.912940 0.383673 0.923177 0.379507 0.923127 0.638851 0.912031 0.642310 0.911411 0.641434 0.920884 0.637380 0.921610 0.646453 0.911193 0.646289 0.920628 0.647314 0.911289 0.647298 0.920740 0.388998 0.912936 0.387768 0.923174 0.650653 0.911411 0.654273 0.912031 0.655452 0.921610 0.651211 0.920884 0.367042 0.912940 0.365590 0.923177 0.916088 0.942771 0.914117 0.943615 0.912491 0.941086 0.915522 0.939787 0.374584 0.942895 0.369692 0.942913 0.396771 0.942894 0.391878 0.942912 0.383664 0.942964 0.379498 0.942913 0.641249 0.939976 0.637196 0.940702 0.646105 0.939721 0.647114 0.939833 0.387770 0.942961 0.655268 0.940702 0.651027 0.939976 0.365581 0.942964 0.171076 0.912925 0.405853 0.942961 0.401685 0.942912 0.166184 0.913486 
						0.162035 0.915082 0.200430 0.944789 0.200430 0.941263 0.203964 0.940527 0.203964 0.945508 0.184564 0.948081 0.186973 0.950575 0.184967 0.953679 0.181566 0.950158 0.190125 0.951923 0.193541 0.951919 0.194235 0.955577 0.189415 0.955581 0.196693 0.950570 0.199118 0.948064 0.202110 0.950132 0.198687 0.953670 0.184576 0.938016 0.183263 0.941290 0.179730 0.940571 0.181583 0.935949 0.190149 0.934160 0.186999 0.935510 0.185005 0.932409 0.189456 0.930503 0.193565 0.934157 0.194274 0.930498 0.196856 0.935710 0.196663 0.935482 0.198722 0.932401 0.199387 0.933148 0.183261 0.944817 0.179728 0.945553 0.199131 0.938013 0.202123 0.935922 0.890823 0.314758 0.890708 0.312603 0.893645 0.312631 0.893760 0.314787 0.911775 0.949442 0.912592 0.951489 0.910146 0.953184 0.908893 0.950042 0.920193 0.953051 0.921712 0.951482 0.924153 0.953169 0.921820 0.955580 0.918220 0.953896 0.918786 0.956879 0.916077 0.953897 0.915498 0.956882 0.912600 0.945185 0.911777 0.947235 0.908895 0.946649 0.910158 0.943498 0.914102 0.953053 0.912465 0.955585 0.922534 0.947225 0.921723 0.945199 0.924167 0.943497 0.925416 0.946625 0.918230 0.942769 0.918809 0.939784 0.920159 0.943594 
						0.921790 0.941060 0.922534 0.949431 0.925416 0.950018 0.648825 0.960888 0.645917 0.960923 0.645917 0.942316 0.648825 0.942281 0.234352 0.942449 0.237818 0.942846 0.237818 0.958040 0.234352 0.957643 0.227946 0.943976 0.230887 0.942846 0.230887 0.958040 0.227946 0.959170 0.642452 0.960936 0.638972 0.960922 0.638972 0.942315 0.642452 0.942329 0.885502 0.940154 0.888968 0.940138 0.888968 0.958745 0.885502 0.958760 0.892448 0.940150 0.895397 0.940185 0.895397 0.958791 0.892448 0.958756 0.948026 0.958138 0.945158 0.958680 0.945158 0.940726 0.948026 0.940184 0.882593 0.940192 0.882593 0.958799 0.636021 0.960885 0.636021 0.942278 0.240759 0.943977 0.240759 0.959171 0.941778 0.958891 0.941778 0.940936 0.938219 0.958745 0.935221 0.958262 0.935221 0.940308 0.938219 0.940791 0.941470 0.958824 0.891775 0.364689 0.891769 0.362519 0.894813 0.362520 0.894818 0.364690 0.895712 0.314727 0.895707 0.312557 0.898751 0.312558 0.898756 0.314728 0.886971 0.360320 0.887677 0.358494 0.890163 0.358494 0.889458 0.360320 0.895713 0.310378 0.898757 0.310378 0.895729 0.316548 0.898773 0.316548 0.887677 0.366528 0.886964 0.364683 0.889450 0.364683 0.890163 0.366528 
						0.886720 0.362561 0.889206 0.362561 0.890823 0.310417 0.893760 0.310446 0.895730 0.308532 0.898773 0.308532 0.861580 0.315009 0.860814 0.316919 0.859399 0.318381 0.857562 0.319167 0.855565 0.319169 0.853725 0.318381 0.852319 0.316925 0.851558 0.315017 0.851559 0.312962 0.852326 0.311052 0.853740 0.309590 0.855575 0.308804 0.857571 0.308803 0.859366 0.309571 0.860826 0.311069 0.861580 0.312955 0.891774 0.360340 0.894818 0.360340 0.891150 0.308532 0.894087 0.308560 0.891150 0.316560 0.894087 0.316589 0.891792 0.358494 0.894836 0.358494 0.861811 0.312899 0.861811 0.315061 0.895089 0.364645 0.895107 0.366429 0.894836 0.366510 0.853548 0.318609 0.852069 0.317077 0.894047 0.310488 0.893935 0.312629 0.857584 0.319435 0.855483 0.319437 0.894047 0.314742 0.894368 0.316508 0.861005 0.317070 0.859517 0.318608 0.895089 0.360383 0.895084 0.362518 0.851270 0.312908 0.852077 0.310898 0.899022 0.312556 0.899027 0.314683 0.853564 0.309361 0.855495 0.308534 0.899044 0.308612 0.899027 0.310421 0.857594 0.308532 0.889731 0.364640 0.890430 0.366448 0.851268 0.315070 0.899044 0.316467 0.895107 0.358574 0.894368 0.308640 0.859484 0.309341 0.889492 0.362561 
						0.861018 0.310914 0.890430 0.358574 0.889739 0.360363 0.889977 0.360468 0.889742 0.362561 0.889492 0.362561 0.889739 0.360363 0.891792 0.366509 0.925670 0.946578 0.925670 0.950065 0.645878 0.942079 0.648754 0.942044 0.237688 0.958494 0.234352 0.958112 0.234352 0.957893 0.237780 0.958286 0.237780 0.958286 0.234352 0.957893 0.918856 0.957116 0.915477 0.957119 0.230925 0.958286 0.228016 0.959404 0.924372 0.953303 0.921974 0.955781 0.639009 0.942077 0.642451 0.942091 0.908692 0.946603 0.909990 0.943366 0.888969 0.958982 0.885542 0.958998 0.912387 0.940887 0.915503 0.939552 0.895327 0.959029 0.892410 0.958994 0.918880 0.939549 0.945117 0.940474 0.947953 0.939938 0.908690 0.950091 0.882664 0.959036 0.636091 0.942041 0.912361 0.955786 0.909978 0.953319 0.240689 0.959404 0.921944 0.940860 0.941774 0.940682 0.924386 0.943364 0.935289 0.940060 0.938253 0.940538 
					</float_array>
					<technique_common>
						<accessor count="5552" offset="0" source="#meshId0-tex0-array" stride="2">
							<param name="S" type="float" />
							<param name="T" type="float" />
						</accessor>
					</technique_common>
				</source>
				<vertices id="meshId0-vertices">
					<input semantic="POSITION" source="#meshId0-positions" />
				</vertices>
				<polylist count="6596" material="defaultMaterial">
					<input offset="0" semantic="VERTEX" source="#meshId0-vertices" />
					<input offset="0" semantic="NORMAL" source="#meshId0-normals" />
					<input offset="0" semantic="TANGENT" source="#meshId0-tangents" />
					<input offset="0" semantic="BINORMAL" source="#meshId0-bitangents" />
					<input offset="0" semantic="TEXCOORD" source="#meshId0-tex0" set="0" />
					<vcount>
						3 3 3 3 3 3 3 3 3 3 3 3 3 3 3 3 3 3 3 3 3 3 3 3 3 3 3 3 3 3 3 3 3 3 3 3 3 3 3 3 3 3 3 3 3 3 3 3 3 3 3 3 3 3 3 3 3 3 3 3 3 3 3 3 
						3 3 3 3 3 3 3 3 3 3 3 3 3 3 3 3 3 3 3 3 3 3 3 3 3 3 3 3 3 3 3 3 3 3 3 3 3 3 3 3 3 3 3 3 3 3 3 3 3 3 3 3 3 3 3 3 3 3 3 3 3 3 3 3 
						3 3 3 3 3 3 3 3 3 3 3 3 3 3 3 3 3 3 3 3 3 3 3 3 3 3 3 3 3 3 3 3 3 3 3 3 3 3 3 3 3 3 3 3 3 3 3 3 3 3 3 3 3 3 3 3 3 3 3 3 3 3 3 3 
						3 3 3 3 3 3 3 3 3 3 3 3 3 3 3 3 3 3 3 3 3 3 3 3 3 3 3 3 3 3 3 3 3 3 3 3 3 3 3 3 3 3 3 3 3 3 3 3 3 3 3 3 3 3 3 3 3 3 3 3 3 3 3 3 
						3 3 3 3 3 3 3 3 3 3 3 3 3 3 3 3 3 3 3 3 3 3 3 3 3 3 3 3 3 3 3 3 3 3 3 3 3 3 3 3 3 3 3 3 3 3 3 3 3 3 3 3 3 3 3 3 3 3 3 3 3 3 3 3 
						3 3 3 3 3 3 3 3 3 3 3 3 3 3 3 3 3 3 3 3 3 3 3 3 3 3 3 3 3 3 3 3 3 3 3 3 3 3 3 3 3 3 3 3 3 3 3 3 3 3 3 3 3 3 3 3 3 3 3 3 3 3 3 3 
						3 3 3 3 3 3 3 3 3 3 3 3 3 3 3 3 3 3 3 3 3 3 3 3 3 3 3 3 3 3 3 3 3 3 3 3 3 3 3 3 3 3 3 3 3 3 3 3 3 3 3 3 3 3 3 3 3 3 3 3 3 3 3 3 
						3 3 3 3 3 3 3 3 3 3 3 3 3 3 3 3 3 3 3 3 3 3 3 3 3 3 3 3 3 3 3 3 3 3 3 3 3 3 3 3 3 3 3 3 3 3 3 3 3 3 3 3 3 3 3 3 3 3 3 3 3 3 3 3 
						3 3 3 3 3 3 3 3 3 3 3 3 3 3 3 3 3 3 3 3 3 3 3 3 3 3 3 3 3 3 3 3 3 3 3 3 3 3 3 3 3 3 3 3 3 3 3 3 3 3 3 3 3 3 3 3 3 3 3 3 3 3 3 3 
						3 3 3 3 3 3 3 3 3 3 3 3 3 3 3 3 3 3 3 3 3 3 3 3 3 3 3 3 3 3 3 3 3 3 3 3 3 3 3 3 3 3 3 3 3 3 3 3 3 3 3 3 3 3 3 3 3 3 3 3 3 3 3 3 
						3 3 3 3 3 3 3 3 3 3 3 3 3 3 3 3 3 3 3 3 3 3 3 3 3 3 3 3 3 3 3 3 3 3 3 3 3 3 3 3 3 3 3 3 3 3 3 3 3 3 3 3 3 3 3 3 3 3 3 3 3 3 3 3 
						3 3 3 3 3 3 3 3 3 3 3 3 3 3 3 3 3 3 3 3 3 3 3 3 3 3 3 3 3 3 3 3 3 3 3 3 3 3 3 3 3 3 3 3 3 3 3 3 3 3 3 3 3 3 3 3 3 3 3 3 3 3 3 3 
						3 3 3 3 3 3 3 3 3 3 3 3 3 3 3 3 3 3 3 3 3 3 3 3 3 3 3 3 3 3 3 3 3 3 3 3 3 3 3 3 3 3 3 3 3 3 3 3 3 3 3 3 3 3 3 3 3 3 3 3 3 3 3 3 
						3 3 3 3 3 3 3 3 3 3 3 3 3 3 3 3 3 3 3 3 3 3 3 3 3 3 3 3 3 3 3 3 3 3 3 3 3 3 3 3 3 3 3 3 3 3 3 3 3 3 3 3 3 3 3 3 3 3 3 3 3 3 3 3 
						3 3 3 3 3 3 3 3 3 3 3 3 3 3 3 3 3 3 3 3 3 3 3 3 3 3 3 3 3 3 3 3 3 3 3 3 3 3 3 3 3 3 3 3 3 3 3 3 3 3 3 3 3 3 3 3 3 3 3 3 3 3 3 3 
						3 3 3 3 3 3 3 3 3 3 3 3 3 3 3 3 3 3 3 3 3 3 3 3 3 3 3 3 3 3 3 3 3 3 3 3 3 3 3 3 3 3 3 3 3 3 3 3 3 3 3 3 3 3 3 3 3 3 3 3 3 3 3 3 
						3 3 3 3 3 3 3 3 3 3 3 3 3 3 3 3 3 3 3 3 3 3 3 3 3 3 3 3 3 3 3 3 3 3 3 3 3 3 3 3 3 3 3 3 3 3 3 3 3 3 3 3 3 3 3 3 3 3 3 3 3 3 3 3 
						3 3 3 3 3 3 3 3 3 3 3 3 3 3 3 3 3 3 3 3 3 3 3 3 3 3 3 3 3 3 3 3 3 3 3 3 3 3 3 3 3 3 3 3 3 3 3 3 3 3 3 3 3 3 3 3 3 3 3 3 3 3 3 3 
						3 3 3 3 3 3 3 3 3 3 3 3 3 3 3 3 3 3 3 3 3 3 3 3 3 3 3 3 3 3 3 3 3 3 3 3 3 3 3 3 3 3 3 3 3 3 3 3 3 3 3 3 3 3 3 3 3 3 3 3 3 3 3 3 
						3 3 3 3 3 3 3 3 3 3 3 3 3 3 3 3 3 3 3 3 3 3 3 3 3 3 3 3 3 3 3 3 3 3 3 3 3 3 3 3 3 3 3 3 3 3 3 3 3 3 3 3 3 3 3 3 3 3 3 3 3 3 3 3 
						3 3 3 3 3 3 3 3 3 3 3 3 3 3 3 3 3 3 3 3 3 3 3 3 3 3 3 3 3 3 3 3 3 3 3 3 3 3 3 3 3 3 3 3 3 3 3 3 3 3 3 3 3 3 3 3 3 3 3 3 3 3 3 3 
						3 3 3 3 3 3 3 3 3 3 3 3 3 3 3 3 3 3 3 3 3 3 3 3 3 3 3 3 3 3 3 3 3 3 3 3 3 3 3 3 3 3 3 3 3 3 3 3 3 3 3 3 3 3 3 3 3 3 3 3 3 3 3 3 
						3 3 3 3 3 3 3 3 3 3 3 3 3 3 3 3 3 3 3 3 3 3 3 3 3 3 3 3 3 3 3 3 3 3 3 3 3 3 3 3 3 3 3 3 3 3 3 3 3 3 3 3 3 3 3 3 3 3 3 3 3 3 3 3 
						3 3 3 3 3 3 3 3 3 3 3 3 3 3 3 3 3 3 3 3 3 3 3 3 3 3 3 3 3 3 3 3 3 3 3 3 3 3 3 3 3 3 3 3 3 3 3 3 3 3 3 3 3 3 3 3 3 3 3 3 3 3 3 3 
						3 3 3 3 3 3 3 3 3 3 3 3 3 3 3 3 3 3 3 3 3 3 3 3 3 3 3 3 3 3 3 3 3 3 3 3 3 3 3 3 3 3 3 3 3 3 3 3 3 3 3 3 3 3 3 3 3 3 3 3 3 3 3 3 
						3 3 3 3 3 3 3 3 3 3 3 3 3 3 3 3 3 3 3 3 3 3 3 3 3 3 3 3 3 3 3 3 3 3 3 3 3 3 3 3 3 3 3 3 3 3 3 3 3 3 3 3 3 3 3 3 3 3 3 3 3 3 3 3 
						3 3 3 3 3 3 3 3 3 3 3 3 3 3 3 3 3 3 3 3 3 3 3 3 3 3 3 3 3 3 3 3 3 3 3 3 3 3 3 3 3 3 3 3 3 3 3 3 3 3 3 3 3 3 3 3 3 3 3 3 3 3 3 3 
						3 3 3 3 3 3 3 3 3 3 3 3 3 3 3 3 3 3 3 3 3 3 3 3 3 3 3 3 3 3 3 3 3 3 3 3 3 3 3 3 3 3 3 3 3 3 3 3 3 3 3 3 3 3 3 3 3 3 3 3 3 3 3 3 
						3 3 3 3 3 3 3 3 3 3 3 3 3 3 3 3 3 3 3 3 3 3 3 3 3 3 3 3 3 3 3 3 3 3 3 3 3 3 3 3 3 3 3 3 3 3 3 3 3 3 3 3 3 3 3 3 3 3 3 3 3 3 3 3 
						3 3 3 3 3 3 3 3 3 3 3 3 3 3 3 3 3 3 3 3 3 3 3 3 3 3 3 3 3 3 3 3 3 3 3 3 3 3 3 3 3 3 3 3 3 3 3 3 3 3 3 3 3 3 3 3 3 3 3 3 3 3 3 3 
						3 3 3 3 3 3 3 3 3 3 3 3 3 3 3 3 3 3 3 3 3 3 3 3 3 3 3 3 3 3 3 3 3 3 3 3 3 3 3 3 3 3 3 3 3 3 3 3 3 3 3 3 3 3 3 3 3 3 3 3 3 3 3 3 
						3 3 3 3 3 3 3 3 3 3 3 3 3 3 3 3 3 3 3 3 3 3 3 3 3 3 3 3 3 3 3 3 3 3 3 3 3 3 3 3 3 3 3 3 3 3 3 3 3 3 3 3 3 3 3 3 3 3 3 3 3 3 3 3 
						3 3 3 3 3 3 3 3 3 3 3 3 3 3 3 3 3 3 3 3 3 3 3 3 3 3 3 3 3 3 3 3 3 3 3 3 3 3 3 3 3 3 3 3 3 3 3 3 3 3 3 3 3 3 3 3 3 3 3 3 3 3 3 3 
						3 3 3 3 3 3 3 3 3 3 3 3 3 3 3 3 3 3 3 3 3 3 3 3 3 3 3 3 3 3 3 3 3 3 3 3 3 3 3 3 3 3 3 3 3 3 3 3 3 3 3 3 3 3 3 3 3 3 3 3 3 3 3 3 
						3 3 3 3 3 3 3 3 3 3 3 3 3 3 3 3 3 3 3 3 3 3 3 3 3 3 3 3 3 3 3 3 3 3 3 3 3 3 3 3 3 3 3 3 3 3 3 3 3 3 3 3 3 3 3 3 3 3 3 3 3 3 3 3 
						3 3 3 3 3 3 3 3 3 3 3 3 3 3 3 3 3 3 3 3 3 3 3 3 3 3 3 3 3 3 3 3 3 3 3 3 3 3 3 3 3 3 3 3 3 3 3 3 3 3 3 3 3 3 3 3 3 3 3 3 3 3 3 3 
						3 3 3 3 3 3 3 3 3 3 3 3 3 3 3 3 3 3 3 3 3 3 3 3 3 3 3 3 3 3 3 3 3 3 3 3 3 3 3 3 3 3 3 3 3 3 3 3 3 3 3 3 3 3 3 3 3 3 3 3 3 3 3 3 
						3 3 3 3 3 3 3 3 3 3 3 3 3 3 3 3 3 3 3 3 3 3 3 3 3 3 3 3 3 3 3 3 3 3 3 3 3 3 3 3 3 3 3 3 3 3 3 3 3 3 3 3 3 3 3 3 3 3 3 3 3 3 3 3 
						3 3 3 3 3 3 3 3 3 3 3 3 3 3 3 3 3 3 3 3 3 3 3 3 3 3 3 3 3 3 3 3 3 3 3 3 3 3 3 3 3 3 3 3 3 3 3 3 3 3 3 3 3 3 3 3 3 3 3 3 3 3 3 3 
						3 3 3 3 3 3 3 3 3 3 3 3 3 3 3 3 3 3 3 3 3 3 3 3 3 3 3 3 3 3 3 3 3 3 3 3 3 3 3 3 3 3 3 3 3 3 3 3 3 3 3 3 3 3 3 3 3 3 3 3 3 3 3 3 
						3 3 3 3 3 3 3 3 3 3 3 3 3 3 3 3 3 3 3 3 3 3 3 3 3 3 3 3 3 3 3 3 3 3 3 3 3 3 3 3 3 3 3 3 3 3 3 3 3 3 3 3 3 3 3 3 3 3 3 3 3 3 3 3 
						3 3 3 3 3 3 3 3 3 3 3 3 3 3 3 3 3 3 3 3 3 3 3 3 3 3 3 3 3 3 3 3 3 3 3 3 3 3 3 3 3 3 3 3 3 3 3 3 3 3 3 3 3 3 3 3 3 3 3 3 3 3 3 3 
						3 3 3 3 3 3 3 3 3 3 3 3 3 3 3 3 3 3 3 3 3 3 3 3 3 3 3 3 3 3 3 3 3 3 3 3 3 3 3 3 3 3 3 3 3 3 3 3 3 3 3 3 3 3 3 3 3 3 3 3 3 3 3 3 
						3 3 3 3 3 3 3 3 3 3 3 3 3 3 3 3 3 3 3 3 3 3 3 3 3 3 3 3 3 3 3 3 3 3 3 3 3 3 3 3 3 3 3 3 3 3 3 3 3 3 3 3 3 3 3 3 3 3 3 3 3 3 3 3 
						3 3 3 3 3 3 3 3 3 3 3 3 3 3 3 3 3 3 3 3 3 3 3 3 3 3 3 3 3 3 3 3 3 3 3 3 3 3 3 3 3 3 3 3 3 3 3 3 3 3 3 3 3 3 3 3 3 3 3 3 3 3 3 3 
						3 3 3 3 3 3 3 3 3 3 3 3 3 3 3 3 3 3 3 3 3 3 3 3 3 3 3 3 3 3 3 3 3 3 3 3 3 3 3 3 3 3 3 3 3 3 3 3 3 3 3 3 3 3 3 3 3 3 3 3 3 3 3 3 
						3 3 3 3 3 3 3 3 3 3 3 3 3 3 3 3 3 3 3 3 3 3 3 3 3 3 3 3 3 3 3 3 3 3 3 3 3 3 3 3 3 3 3 3 3 3 3 3 3 3 3 3 3 3 3 3 3 3 3 3 3 3 3 3 
						3 3 3 3 3 3 3 3 3 3 3 3 3 3 3 3 3 3 3 3 3 3 3 3 3 3 3 3 3 3 3 3 3 3 3 3 3 3 3 3 3 3 3 3 3 3 3 3 3 3 3 3 3 3 3 3 3 3 3 3 3 3 3 3 
						3 3 3 3 3 3 3 3 3 3 3 3 3 3 3 3 3 3 3 3 3 3 3 3 3 3 3 3 3 3 3 3 3 3 3 3 3 3 3 3 3 3 3 3 3 3 3 3 3 3 3 3 3 3 3 3 3 3 3 3 3 3 3 3 
						3 3 3 3 3 3 3 3 3 3 3 3 3 3 3 3 3 3 3 3 3 3 3 3 3 3 3 3 3 3 3 3 3 3 3 3 3 3 3 3 3 3 3 3 3 3 3 3 3 3 3 3 3 3 3 3 3 3 3 3 3 3 3 3 
						3 3 3 3 3 3 3 3 3 3 3 3 3 3 3 3 3 3 3 3 3 3 3 3 3 3 3 3 3 3 3 3 3 3 3 3 3 3 3 3 3 3 3 3 3 3 3 3 3 3 3 3 3 3 3 3 3 3 3 3 3 3 3 3 
						3 3 3 3 3 3 3 3 3 3 3 3 3 3 3 3 3 3 3 3 3 3 3 3 3 3 3 3 3 3 3 3 3 3 3 3 3 3 3 3 3 3 3 3 3 3 3 3 3 3 3 3 3 3 3 3 3 3 3 3 3 3 3 3 
						3 3 3 3 3 3 3 3 3 3 3 3 3 3 3 3 3 3 3 3 3 3 3 3 3 3 3 3 3 3 3 3 3 3 3 3 3 3 3 3 3 3 3 3 3 3 3 3 3 3 3 3 3 3 3 3 3 3 3 3 3 3 3 3 
						3 3 3 3 3 3 3 3 3 3 3 3 3 3 3 3 3 3 3 3 3 3 3 3 3 3 3 3 3 3 3 3 3 3 3 3 3 3 3 3 3 3 3 3 3 3 3 3 3 3 3 3 3 3 3 3 3 3 3 3 3 3 3 3 
						3 3 3 3 3 3 3 3 3 3 3 3 3 3 3 3 3 3 3 3 3 3 3 3 3 3 3 3 3 3 3 3 3 3 3 3 3 3 3 3 3 3 3 3 3 3 3 3 3 3 3 3 3 3 3 3 3 3 3 3 3 3 3 3 
						3 3 3 3 3 3 3 3 3 3 3 3 3 3 3 3 3 3 3 3 3 3 3 3 3 3 3 3 3 3 3 3 3 3 3 3 3 3 3 3 3 3 3 3 3 3 3 3 3 3 3 3 3 3 3 3 3 3 3 3 3 3 3 3 
						3 3 3 3 3 3 3 3 3 3 3 3 3 3 3 3 3 3 3 3 3 3 3 3 3 3 3 3 3 3 3 3 3 3 3 3 3 3 3 3 3 3 3 3 3 3 3 3 3 3 3 3 3 3 3 3 3 3 3 3 3 3 3 3 
						3 3 3 3 3 3 3 3 3 3 3 3 3 3 3 3 3 3 3 3 3 3 3 3 3 3 3 3 3 3 3 3 3 3 3 3 3 3 3 3 3 3 3 3 3 3 3 3 3 3 3 3 3 3 3 3 3 3 3 3 3 3 3 3 
						3 3 3 3 3 3 3 3 3 3 3 3 3 3 3 3 3 3 3 3 3 3 3 3 3 3 3 3 3 3 3 3 3 3 3 3 3 3 3 3 3 3 3 3 3 3 3 3 3 3 3 3 3 3 3 3 3 3 3 3 3 3 3 3 
						3 3 3 3 3 3 3 3 3 3 3 3 3 3 3 3 3 3 3 3 3 3 3 3 3 3 3 3 3 3 3 3 3 3 3 3 3 3 3 3 3 3 3 3 3 3 3 3 3 3 3 3 3 3 3 3 3 3 3 3 3 3 3 3 
						3 3 3 3 3 3 3 3 3 3 3 3 3 3 3 3 3 3 3 3 3 3 3 3 3 3 3 3 3 3 3 3 3 3 3 3 3 3 3 3 3 3 3 3 3 3 3 3 3 3 3 3 3 3 3 3 3 3 3 3 3 3 3 3 
						3 3 3 3 3 3 3 3 3 3 3 3 3 3 3 3 3 3 3 3 3 3 3 3 3 3 3 3 3 3 3 3 3 3 3 3 3 3 3 3 3 3 3 3 3 3 3 3 3 3 3 3 3 3 3 3 3 3 3 3 3 3 3 3 
						3 3 3 3 3 3 3 3 3 3 3 3 3 3 3 3 3 3 3 3 3 3 3 3 3 3 3 3 3 3 3 3 3 3 3 3 3 3 3 3 3 3 3 3 3 3 3 3 3 3 3 3 3 3 3 3 3 3 3 3 3 3 3 3 
						3 3 3 3 3 3 3 3 3 3 3 3 3 3 3 3 3 3 3 3 3 3 3 3 3 3 3 3 3 3 3 3 3 3 3 3 3 3 3 3 3 3 3 3 3 3 3 3 3 3 3 3 3 3 3 3 3 3 3 3 3 3 3 3 
						3 3 3 3 3 3 3 3 3 3 3 3 3 3 3 3 3 3 3 3 3 3 3 3 3 3 3 3 3 3 3 3 3 3 3 3 3 3 3 3 3 3 3 3 3 3 3 3 3 3 3 3 3 3 3 3 3 3 3 3 3 3 3 3 
						3 3 3 3 3 3 3 3 3 3 3 3 3 3 3 3 3 3 3 3 3 3 3 3 3 3 3 3 3 3 3 3 3 3 3 3 3 3 3 3 3 3 3 3 3 3 3 3 3 3 3 3 3 3 3 3 3 3 3 3 3 3 3 3 
						3 3 3 3 3 3 3 3 3 3 3 3 3 3 3 3 3 3 3 3 3 3 3 3 3 3 3 3 3 3 3 3 3 3 3 3 3 3 3 3 3 3 3 3 3 3 3 3 3 3 3 3 3 3 3 3 3 3 3 3 3 3 3 3 
						3 3 3 3 3 3 3 3 3 3 3 3 3 3 3 3 3 3 3 3 3 3 3 3 3 3 3 3 3 3 3 3 3 3 3 3 3 3 3 3 3 3 3 3 3 3 3 3 3 3 3 3 3 3 3 3 3 3 3 3 3 3 3 3 
						3 3 3 3 3 3 3 3 3 3 3 3 3 3 3 3 3 3 3 3 3 3 3 3 3 3 3 3 3 3 3 3 3 3 3 3 3 3 3 3 3 3 3 3 3 3 3 3 3 3 3 3 3 3 3 3 3 3 3 3 3 3 3 3 
						3 3 3 3 3 3 3 3 3 3 3 3 3 3 3 3 3 3 3 3 3 3 3 3 3 3 3 3 3 3 3 3 3 3 3 3 3 3 3 3 3 3 3 3 3 3 3 3 3 3 3 3 3 3 3 3 3 3 3 3 3 3 3 3 
						3 3 3 3 3 3 3 3 3 3 3 3 3 3 3 3 3 3 3 3 3 3 3 3 3 3 3 3 3 3 3 3 3 3 3 3 3 3 3 3 3 3 3 3 3 3 3 3 3 3 3 3 3 3 3 3 3 3 3 3 3 3 3 3 
						3 3 3 3 3 3 3 3 3 3 3 3 3 3 3 3 3 3 3 3 3 3 3 3 3 3 3 3 3 3 3 3 3 3 3 3 3 3 3 3 3 3 3 3 3 3 3 3 3 3 3 3 3 3 3 3 3 3 3 3 3 3 3 3 
						3 3 3 3 3 3 3 3 3 3 3 3 3 3 3 3 3 3 3 3 3 3 3 3 3 3 3 3 3 3 3 3 3 3 3 3 3 3 3 3 3 3 3 3 3 3 3 3 3 3 3 3 3 3 3 3 3 3 3 3 3 3 3 3 
						3 3 3 3 3 3 3 3 3 3 3 3 3 3 3 3 3 3 3 3 3 3 3 3 3 3 3 3 3 3 3 3 3 3 3 3 3 3 3 3 3 3 3 3 3 3 3 3 3 3 3 3 3 3 3 3 3 3 3 3 3 3 3 3 
						3 3 3 3 3 3 3 3 3 3 3 3 3 3 3 3 3 3 3 3 3 3 3 3 3 3 3 3 3 3 3 3 3 3 3 3 3 3 3 3 3 3 3 3 3 3 3 3 3 3 3 3 3 3 3 3 3 3 3 3 3 3 3 3 
						3 3 3 3 3 3 3 3 3 3 3 3 3 3 3 3 3 3 3 3 3 3 3 3 3 3 3 3 3 3 3 3 3 3 3 3 3 3 3 3 3 3 3 3 3 3 3 3 3 3 3 3 3 3 3 3 3 3 3 3 3 3 3 3 
						3 3 3 3 3 3 3 3 3 3 3 3 3 3 3 3 3 3 3 3 3 3 3 3 3 3 3 3 3 3 3 3 3 3 3 3 3 3 3 3 3 3 3 3 3 3 3 3 3 3 3 3 3 3 3 3 3 3 3 3 3 3 3 3 
						3 3 3 3 3 3 3 3 3 3 3 3 3 3 3 3 3 3 3 3 3 3 3 3 3 3 3 3 3 3 3 3 3 3 3 3 3 3 3 3 3 3 3 3 3 3 3 3 3 3 3 3 3 3 3 3 3 3 3 3 3 3 3 3 
						3 3 3 3 3 3 3 3 3 3 3 3 3 3 3 3 3 3 3 3 3 3 3 3 3 3 3 3 3 3 3 3 3 3 3 3 3 3 3 3 3 3 3 3 3 3 3 3 3 3 3 3 3 3 3 3 3 3 3 3 3 3 3 3 
						3 3 3 3 3 3 3 3 3 3 3 3 3 3 3 3 3 3 3 3 3 3 3 3 3 3 3 3 3 3 3 3 3 3 3 3 3 3 3 3 3 3 3 3 3 3 3 3 3 3 3 3 3 3 3 3 3 3 3 3 3 3 3 3 
						3 3 3 3 3 3 3 3 3 3 3 3 3 3 3 3 3 3 3 3 3 3 3 3 3 3 3 3 3 3 3 3 3 3 3 3 3 3 3 3 3 3 3 3 3 3 3 3 3 3 3 3 3 3 3 3 3 3 3 3 3 3 3 3 
						3 3 3 3 3 3 3 3 3 3 3 3 3 3 3 3 3 3 3 3 3 3 3 3 3 3 3 3 3 3 3 3 3 3 3 3 3 3 3 3 3 3 3 3 3 3 3 3 3 3 3 3 3 3 3 3 3 3 3 3 3 3 3 3 
						3 3 3 3 3 3 3 3 3 3 3 3 3 3 3 3 3 3 3 3 3 3 3 3 3 3 3 3 3 3 3 3 3 3 3 3 3 3 3 3 3 3 3 3 3 3 3 3 3 3 3 3 3 3 3 3 3 3 3 3 3 3 3 3 
						3 3 3 3 3 3 3 3 3 3 3 3 3 3 3 3 3 3 3 3 3 3 3 3 3 3 3 3 3 3 3 3 3 3 3 3 3 3 3 3 3 3 3 3 3 3 3 3 3 3 3 3 3 3 3 3 3 3 3 3 3 3 3 3 
						3 3 3 3 3 3 3 3 3 3 3 3 3 3 3 3 3 3 3 3 3 3 3 3 3 3 3 3 3 3 3 3 3 3 3 3 3 3 3 3 3 3 3 3 3 3 3 3 3 3 3 3 3 3 3 3 3 3 3 3 3 3 3 3 
						3 3 3 3 3 3 3 3 3 3 3 3 3 3 3 3 3 3 3 3 3 3 3 3 3 3 3 3 3 3 3 3 3 3 3 3 3 3 3 3 3 3 3 3 3 3 3 3 3 3 3 3 3 3 3 3 3 3 3 3 3 3 3 3 
						3 3 3 3 3 3 3 3 3 3 3 3 3 3 3 3 3 3 3 3 3 3 3 3 3 3 3 3 3 3 3 3 3 3 3 3 3 3 3 3 3 3 3 3 3 3 3 3 3 3 3 3 3 3 3 3 3 3 3 3 3 3 3 3 
						3 3 3 3 3 3 3 3 3 3 3 3 3 3 3 3 3 3 3 3 3 3 3 3 3 3 3 3 3 3 3 3 3 3 3 3 3 3 3 3 3 3 3 3 3 3 3 3 3 3 3 3 3 3 3 3 3 3 3 3 3 3 3 3 
						3 3 3 3 3 3 3 3 3 3 3 3 3 3 3 3 3 3 3 3 3 3 3 3 3 3 3 3 3 3 3 3 3 3 3 3 3 3 3 3 3 3 3 3 3 3 3 3 3 3 3 3 3 3 3 3 3 3 3 3 3 3 3 3 
						3 3 3 3 3 3 3 3 3 3 3 3 3 3 3 3 3 3 3 3 3 3 3 3 3 3 3 3 3 3 3 3 3 3 3 3 3 3 3 3 3 3 3 3 3 3 3 3 3 3 3 3 3 3 3 3 3 3 3 3 3 3 3 3 
						3 3 3 3 3 3 3 3 3 3 3 3 3 3 3 3 3 3 3 3 3 3 3 3 3 3 3 3 3 3 3 3 3 3 3 3 3 3 3 3 3 3 3 3 3 3 3 3 3 3 3 3 3 3 3 3 3 3 3 3 3 3 3 3 
						3 3 3 3 3 3 3 3 3 3 3 3 3 3 3 3 3 3 3 3 3 3 3 3 3 3 3 3 3 3 3 3 3 3 3 3 3 3 3 3 3 3 3 3 3 3 3 3 3 3 3 3 3 3 3 3 3 3 3 3 3 3 3 3 
						3 3 3 3 3 3 3 3 3 3 3 3 3 3 3 3 3 3 3 3 3 3 3 3 3 3 3 3 3 3 3 3 3 3 3 3 3 3 3 3 3 3 3 3 3 3 3 3 3 3 3 3 3 3 3 3 3 3 3 3 3 3 3 3 
						3 3 3 3 3 3 3 3 3 3 3 3 3 3 3 3 3 3 3 3 3 3 3 3 3 3 3 3 3 3 3 3 3 3 3 3 3 3 3 3 3 3 3 3 3 3 3 3 3 3 3 3 3 3 3 3 3 3 3 3 3 3 3 3 
						3 3 3 3 3 3 3 3 3 3 3 3 3 3 3 3 3 3 3 3 3 3 3 3 3 3 3 3 3 3 3 3 3 3 3 3 3 3 3 3 3 3 3 3 3 3 3 3 3 3 3 3 3 3 3 3 3 3 3 3 3 3 3 3 
						3 3 3 3 3 3 3 3 3 3 3 3 3 3 3 3 3 3 3 3 3 3 3 3 3 3 3 3 3 3 3 3 3 3 3 3 3 3 3 3 3 3 3 3 3 3 3 3 3 3 3 3 3 3 3 3 3 3 3 3 3 3 3 3 
						3 3 3 3 3 3 3 3 3 3 3 3 3 3 3 3 3 3 3 3 3 3 3 3 3 3 3 3 3 3 3 3 3 3 3 3 3 3 3 3 3 3 3 3 3 3 3 3 3 3 3 3 3 3 3 3 3 3 3 3 3 3 3 3 
						3 3 3 3 3 3 3 3 3 3 3 3 3 3 3 3 3 3 3 3 3 3 3 3 3 3 3 3 3 3 3 3 3 3 3 3 3 3 3 3 3 3 3 3 3 3 3 3 3 3 3 3 3 3 3 3 3 3 3 3 3 3 3 3 
						3 3 3 3 3 3 3 3 3 3 3 3 3 3 3 3 3 3 3 3 3 3 3 3 3 3 3 3 3 3 3 3 3 3 3 3 3 3 3 3 3 3 3 3 3 3 3 3 3 3 3 3 3 3 3 3 3 3 3 3 3 3 3 3 
						3 3 3 3 3 3 3 3 3 3 3 3 3 3 3 3 3 3 3 3 3 3 3 3 3 3 3 3 3 3 3 3 3 3 3 3 3 3 3 3 3 3 3 3 3 3 3 3 3 3 3 3 3 3 3 3 3 3 3 3 3 3 3 3 
						3 3 3 3 3 3 3 3 3 3 3 3 3 3 3 3 3 3 3 3 3 3 3 3 3 3 3 3 3 3 3 3 3 3 3 3 3 3 3 3 3 3 3 3 3 3 3 3 3 3 3 3 3 3 3 3 3 3 3 3 3 3 3 3 
						3 3 3 3 3 3 3 3 3 3 3 3 3 3 3 3 3 3 3 3 3 3 3 3 3 3 3 3 3 3 3 3 3 3 3 3 3 3 3 3 3 3 3 3 3 3 3 3 3 3 3 3 3 3 3 3 3 3 3 3 3 3 3 3 
						3 3 3 3 3 3 3 3 3 3 3 3 3 3 3 3 3 3 3 3 3 3 3 3 3 3 3 3 3 3 3 3 3 3 3 3 3 3 3 3 3 3 3 3 3 3 3 3 3 3 3 3 3 3 3 3 3 3 3 3 3 3 3 3 
						3 3 3 3 
					</vcount>
					<p>
						4 0 1 4 1 2 2 3 4 8 5 6 6 7 8 12 9 10 10 11 12 16 13 14 14 15 16 20 17 18 18 19 20 21 22 23 27 24 25 25 26 27 32 28 29 32 29 30 30 31 32 36 33 34 34 35 36 40 37 38 38 39 40 44 41 42 42 43 44 48 45 46 46 47 48 52 49 50 50 51 52 57 53 54 57 54 55 55 56 57 61 58 59 59 60 61 65 62 63 63 64 65 70 66 67 70 67 68 68 69 70 75 71 72 75 72 73 73 74 75 79 76 77 77 78 79 83 80 81 81 82 83 87 84 85 85 86 87 91 88 89 89 90 91 95 92 93 93 94 95 97 96 62 62 65 97 101 98 99 99 100 101 105 102 103 103 104 105 109 106 107 107 108 109 111 110 33 33 36 111 115 112 113 113 114 115 119 116 117 117 118 119 
						123 120 121 121 122 123 128 124 125 128 125 126 126 127 128 130 129 112 112 115 130 134 131 132 132 133 134 131 135 136 136 132 131 140 137 138 138 139 140 144 141 142 144 142 37 37 143 144 146 145 17 17 20 146 150 147 148 148 149 150 154 151 152 152 153 154 157 155 156 156 28 157 161 158 159 159 160 161 163 162 9 9 12 163 166 53 164 164 165 166 170 167 168 168 169 170 174 171 172 172 173 174 26 25 175 175 176 26 180 153 177 180 177 178 178 179 180 184 181 182 182 183 184 82 81 185 185 126 82 189 186 187 187 188 189 193 190 191 191 192 193 195 194 80 80 83 195 198 167 196 196 197 198 200 198 197 197 199 200 202 200 199 199 201 202 20 202 201 201 146 20 203 196 167 167 170 203 204 168 167 167 198 204 205 204 198 198 200 205 206 205 200 
						200 202 206 210 207 208 208 209 210 212 210 209 209 211 212 214 212 211 211 213 214 216 214 213 213 215 216 221 217 218 221 218 219 219 220 221 225 222 223 223 224 225 229 226 227 227 228 229 233 230 231 231 232 233 19 206 202 202 20 19 235 225 224 224 234 235 239 236 237 237 238 239 241 240 158 158 161 241 246 242 243 246 243 244 244 245 246 250 247 248 248 249 250 254 251 252 252 253 254 258 255 256 256 257 258 262 13 259 262 259 260 260 261 262 98 250 249 249 99 98 266 263 264 264 265 266 270 267 268 268 269 270 272 271 251 251 254 272 276 273 274 274 275 276 277 278 279 281 97 65 65 280 281 285 282 283 283 284 285 287 101 100 100 286 287 290 288 289 289 219 290 292 291 288 288 290 292 294 293 291 291 292 294 298 295 296 296 297 298 302 299 300 
						300 301 302 304 302 301 301 303 304 306 304 303 303 305 306 308 306 305 305 307 308 312 309 310 310 311 312 316 313 314 314 315 316 320 317 318 318 319 320 295 321 322 322 296 295 323 324 325 313 285 284 284 314 313 327 326 271 271 272 327 329 328 326 326 327 329 331 330 328 328 329 331 335 332 333 333 334 335 339 336 337 337 338 339 343 340 341 341 342 343 347 344 345 345 346 347 349 348 336 336 339 349 351 350 344 344 347 351 346 345 352 352 353 346 23 354 21 356 355 350 350 351 356 360 357 358 358 359 360 364 361 362 362 363 364 363 362 365 365 366 363 367 368 369 371 370 357 357 360 371 373 372 355 355 356 373 377 374 375 375 376 377 381 378 379 379 380 381 385 382 383 383 384 385 389 386 387 387 388 389 393 390 391 391 392 393 397 394 395 395 396 397 
						401 398 399 399 400 401 405 402 403 403 404 405 407 406 374 374 377 407 411 408 409 409 410 411 338 337 412 412 413 338 415 414 372 372 373 415 419 416 417 417 418 419 35 34 420 420 421 35 425 422 423 423 424 425 428 12 11 428 11 426 426 427 428 432 429 430 430 431 432 282 433 434 434 283 282 435 436 437 441 438 439 439 440 441 222 442 443 443 223 222 445 434 433 433 444 445 447 446 370 370 371 447 451 448 449 449 450 451 392 391 348 348 349 392 413 412 452 452 453 413 455 454 361 361 364 455 400 399 456 456 457 400 461 458 459 459 460 461 463 462 390 390 393 463 467 464 465 465 466 467 471 468 469 469 470 471 475 472 473 473 474 475 479 476 477 477 478 479 481 480 468 468 471 481 485 482 483 483 484 485 484 483 486 486 487 484 491 488 489 489 490 491 
						495 492 493 493 494 495 498 496 497 497 450 498 502 499 500 500 501 502 506 503 504 504 505 506 509 507 465 465 508 509 513 510 511 511 512 513 517 514 515 515 516 517 519 518 448 448 451 519 519 520 521 521 522 519 524 491 490 490 523 524 528 525 526 526 527 528 476 529 530 530 477 476 533 464 531 531 532 533 535 533 532 532 534 535 536 535 534 534 520 536 451 536 520 520 519 451 540 537 538 538 539 540 544 541 542 542 543 544 548 545 546 546 547 548 450 449 549 549 498 450 522 550 518 518 519 522 554 551 552 552 553 554 558 555 556 556 557 558 561 551 559 559 560 561 564 562 531 531 563 564 568 565 566 566 567 568 572 569 570 570 571 572 574 548 547 547 573 574 478 477 495 495 575 478 579 576 577 577 578 579 487 486 491 491 524 487 583 580 581 581 582 583 
						587 584 585 585 586 587 591 588 589 589 590 591 595 592 593 593 594 595 599 596 597 597 598 599 603 600 601 601 602 603 607 604 605 605 606 607 527 526 480 480 481 527 611 608 609 609 610 611 615 612 613 613 614 615 520 534 616 616 521 520 621 617 618 621 618 619 619 620 621 618 622 623 623 619 618 627 624 625 625 626 627 488 628 629 629 489 488 494 493 630 630 631 494 508 465 464 464 533 508 632 508 533 533 535 632 497 632 535 535 536 497 450 497 536 536 451 450 634 585 584 584 633 634 638 635 636 636 637 638 642 639 640 640 641 642 606 643 644 644 607 606 646 555 597 597 645 646 648 646 645 645 647 648 650 648 647 647 649 650 544 650 649 649 651 544 655 652 653 653 654 655 657 655 654 654 656 657 659 657 656 656 658 659 661 659 658 658 660 661 665 662 663 
						663 664 665 667 665 664 664 666 667 669 667 666 666 668 669 505 504 670 670 671 505 674 672 673 673 651 674 532 531 562 562 675 532 534 532 675 675 616 534 466 465 507 507 676 466 586 585 556 556 677 586 679 586 677 677 678 679 644 679 678 678 680 644 607 644 680 680 543 607 684 681 682 682 683 684 688 685 686 686 687 688 692 689 690 690 691 692 512 511 693 693 694 512 696 579 578 578 695 696 698 696 695 695 697 698 700 698 697 697 699 700 662 701 702 702 663 662 694 693 703 703 704 694 706 705 681 681 684 706 707 652 537 537 540 707 477 530 492 492 495 477 563 531 464 464 467 563 575 495 494 494 514 575 711 708 709 709 710 711 715 712 713 713 714 715 671 670 716 716 717 671 721 718 719 719 720 721 560 559 472 472 475 560 514 494 631 631 515 514 722 653 652 
						652 707 722 724 517 516 516 723 724 726 725 398 398 401 726 404 403 340 340 343 404 39 38 727 727 728 39 223 443 729 729 730 223 60 59 731 731 732 60 265 264 733 733 734 265 422 298 297 297 423 422 51 50 735 735 736 51 739 101 729 739 729 737 737 738 739 742 740 741 741 317 742 743 184 183 183 263 743 747 744 745 745 746 747 734 733 748 748 749 734 751 750 293 293 294 751 755 752 753 755 753 155 155 754 755 78 77 226 226 229 78 757 756 330 330 331 757 102 734 749 749 103 102 730 729 101 101 287 730 761 758 759 759 760 761 765 762 763 763 764 765 769 766 767 767 768 769 773 770 771 771 772 773 777 774 775 775 776 777 781 778 779 779 780 781 783 781 780 780 782 783 770 784 785 785 771 770 789 786 787 787 788 789 791 783 782 782 790 791 764 791 790 
						790 765 764 795 792 793 793 794 795 799 796 797 797 798 799 803 800 801 801 802 803 807 804 805 805 806 807 811 808 809 809 810 811 813 812 766 766 769 813 816 814 800 816 800 803 803 815 816 820 817 818 818 819 820 824 821 822 822 823 824 774 825 826 826 775 774 828 827 804 804 807 828 786 829 830 830 787 786 832 831 827 827 828 832 836 833 834 834 835 836 840 837 838 838 839 840 243 841 799 799 842 243 819 818 843 843 844 819 846 845 812 812 813 846 851 847 848 851 848 849 849 850 851 855 852 853 853 854 855 859 856 857 857 858 859 863 860 861 861 862 863 242 864 841 841 243 242 760 759 865 865 866 760 870 867 868 868 869 870 874 871 872 872 873 874 879 875 876 879 876 877 877 878 879 883 880 881 881 882 883 887 884 885 885 886 887 892 888 889 892 889 890 
						890 891 892 894 893 829 829 786 894 898 895 896 896 897 898 902 899 900 900 901 902 906 903 904 904 905 906 910 907 908 908 909 910 914 911 912 912 913 914 916 836 835 835 915 916 845 917 918 918 812 845 869 919 920 920 870 869 915 835 921 921 796 915 768 767 770 770 773 768 796 921 894 894 797 796 924 244 922 922 923 924 928 925 926 926 927 928 921 929 893 893 894 921 903 874 873 873 904 903 931 789 788 788 930 931 933 932 758 758 761 933 938 934 935 938 935 936 936 937 938 891 890 939 891 939 940 940 941 891 944 942 815 944 815 803 803 943 944 949 945 946 949 946 947 947 948 949 951 950 884 884 887 951 955 952 953 953 954 955 797 894 786 786 789 797 766 956 957 957 767 766 959 958 778 778 781 959 960 959 781 781 783 960 961 960 783 783 791 961 951 961 791 
						791 764 951 919 962 963 963 920 919 962 964 965 965 963 962 964 758 932 932 965 964 969 966 967 967 968 969 973 970 971 971 972 973 975 973 972 972 974 975 977 975 974 974 976 977 979 977 976 976 978 979 981 969 968 968 980 981 983 981 980 980 982 983 844 983 982 982 819 844 985 881 880 880 984 985 989 986 987 987 988 989 986 990 991 991 987 986 990 992 993 993 991 990 992 809 808 808 993 992 995 985 984 984 994 995 997 995 994 994 996 997 886 997 996 996 887 886 798 797 789 789 931 798 1000 998 999 1000 999 888 888 892 1000 1004 1001 1002 1002 1003 1004 1007 1005 967 967 1006 1007 1011 1008 1009 1009 1010 1011 943 803 802 802 1012 943 918 943 1012 1012 956 918 887 996 961 961 951 887 996 994 960 960 961 996 994 984 959 959 960 994 984 880 958 958 959 984 1015 1013 1014 1014 978 1015 
						90 89 1016 1016 1017 90 1021 1018 1019 1019 1020 1021 858 857 1022 1022 1023 858 917 944 943 943 918 917 764 763 950 950 951 764 866 865 1024 1024 1025 866 864 916 915 915 841 864 244 243 842 842 922 244 841 915 796 796 799 841 812 918 956 956 766 812 1027 1026 1005 1005 1007 1027 819 982 1028 1028 820 819 982 980 1029 1029 1028 982 980 968 1030 1030 1029 980 968 967 1005 1005 1030 968 1034 1031 1032 1034 1032 825 1034 825 774 774 1033 1034 1038 1035 1036 1036 1037 1038 1040 1039 817 817 820 1040 1044 1041 1042 1042 1043 1044 941 940 1045 941 1045 1046 941 1046 1047 1047 1048 941 1051 431 1049 1049 1050 1051 1053 1052 429 429 432 1053 1055 1054 84 84 87 1055 1057 1056 245 1057 245 244 244 924 1057 1061 1058 1059 1059 1060 1061 1063 1062 92 92 95 1063 64 63 1064 1064 1065 64 1072 1066 1067 1072 1067 1068 1072 1068 1069 1072 1069 1070 1070 1071 1072 
						1048 1047 1073 1048 1073 1074 1048 1074 1056 1056 1057 1048 1078 1075 1076 1076 1077 1078 978 1014 1079 1079 979 978 1006 967 966 966 1080 1006 1084 1081 1082 1082 1083 1084 1086 1085 1001 1001 1004 1086 1090 1087 1088 1088 1089 1090 1094 1091 1092 1092 1093 1094 1098 1095 1096 1096 1097 1098 901 900 1099 1099 1100 901 1104 1101 1102 1102 1103 1104 1106 1105 895 895 898 1106 1108 914 913 913 1107 1108 1110 971 970 970 1109 1110 1114 1111 1112 1112 1113 1114 1118 1115 1116 1116 1117 1118 1122 1119 1120 1120 1121 1122 1124 1123 977 977 979 1124 1123 1125 975 975 977 1123 1125 1126 973 973 975 1125 1126 1127 970 970 973 1126 732 731 1128 1128 1129 732 806 805 925 925 928 806 875 1130 1131 875 1131 1132 1132 876 875 1136 1133 1134 1134 1135 1136 1140 1137 1138 1138 1139 1140 1018 1108 1107 1107 1019 1018 767 957 784 784 770 767 1142 1141 1033 1142 1033 774 774 777 1142 835 834 929 929 921 835 
						1143 743 263 263 266 1143 1145 270 269 269 1144 1145 1149 1146 1147 1147 1148 1149 1153 1150 1151 1151 1152 1153 1157 1154 1155 1155 1156 1157 1161 1158 1159 1159 1160 1161 1165 1162 1163 1163 1164 1165 1169 1166 1167 1167 1168 1169 1171 1170 76 76 79 1171 1175 1172 1173 1173 1174 1175 176 175 240 240 241 176 431 430 1176 1176 1049 431 1180 1177 1178 1178 1179 1180 1184 1181 1182 1182 1183 1184 1188 1185 1186 1186 1187 1188 1190 1189 1162 1162 1165 1190 1152 1151 1191 1191 1192 1152 1196 1193 1194 1194 1195 1196 1129 1128 1054 1054 1055 1129 1197 1026 1127 1127 1126 1197 1198 1197 1126 1126 1125 1198 1199 1198 1125 1125 1123 1199 1040 1199 1123 1123 1124 1040 1203 1200 1201 1201 1202 1203 1207 1204 1205 1205 1206 1207 1209 1208 1062 1062 1063 1209 1206 1205 1210 1210 1211 1206 1065 1064 1212 1212 1213 1065 1216 1214 945 1216 945 949 949 1215 1216 1220 1217 1218 1218 1219 1220 947 946 1221 1221 1222 947 979 1079 1223 
						1223 1124 979 1227 1224 1225 1225 1226 1227 936 935 1228 936 1228 1229 1229 1230 936 1097 1096 1231 1231 1232 1097 1236 1233 1234 1234 1235 1236 1239 1237 847 1239 847 851 851 1238 1239 954 953 1115 1115 1118 954 1243 1240 1241 1241 1242 1243 1245 1244 1087 1087 1090 1245 1247 1246 1091 1091 1094 1247 1251 1248 1249 1249 1250 1251 1109 970 1127 1127 1252 1109 1100 1099 1253 1253 1254 1100 1257 1255 1256 1257 1256 1141 1141 1142 1257 862 861 1095 1095 1098 862 820 1028 1199 1199 1040 820 1028 1029 1198 1198 1199 1028 1029 1030 1197 1197 1198 1029 1030 1005 1026 1026 1197 1030 1261 1258 1259 1259 1260 1261 1179 1178 1258 1258 1261 1179 1195 1194 1262 1262 1263 1195 1267 1264 1265 1265 1266 1267 1269 1268 1150 1150 1153 1269 1254 1253 1270 1270 1271 1254 1229 1228 1272 1229 1272 1273 1273 1274 1229 1154 1275 1276 1276 1155 1154 1017 1016 1208 1208 1209 1017 1213 1212 1052 1052 1053 1213 871 938 937 871 937 1277 1277 872 871 
						878 877 1278 878 1278 1248 1248 1251 878 1222 1221 1237 1237 1239 1222 1124 1223 1039 1039 1040 1124 1280 1279 1204 1204 1207 1280 1235 1234 1105 1105 1106 1235 1089 1088 1281 1281 1282 1089 1286 1283 1284 1284 1285 1286 998 1021 1020 998 1020 1287 1287 999 998 1291 1288 814 1291 814 816 1291 816 1289 1289 1290 1291 1113 1112 1085 1085 1086 1113 1273 1272 1288 1273 1288 1291 1273 1291 1292 1292 1293 1273 1297 1294 1295 1295 1296 1297 1250 1249 1255 1255 1257 1250 1252 1127 1026 1026 1027 1252 1282 1281 1008 1008 1011 1282 1299 1298 1111 1111 1114 1299 1117 1116 1300 1300 1301 1117 1305 1302 1303 1303 1304 1305 1309 1306 1307 1307 1308 1309 1306 1310 1311 1306 1311 1312 1306 1312 1313 1306 1313 1314 1306 1314 1315 1315 1307 1306 1317 1309 1308 1308 1316 1317 1302 1318 1319 1319 1303 1302 1321 1305 1304 1304 1320 1321 1325 1322 1323 1323 1324 1325 1329 1326 1327 1327 1328 1329 1068 1067 1330 1068 1330 1331 1331 1332 1068 1318 1333 1334 
						1334 1319 1318 1336 1317 1316 1316 1335 1336 1340 1337 1338 1338 1339 1340 1344 1341 1342 1342 1343 1344 1348 1345 1346 1346 1347 1348 1352 1349 1350 1350 1351 1352 1356 1353 1354 1354 1355 1356 1360 1357 1358 1358 1359 1360 1366 1321 1320 1366 1320 1361 1366 1361 1362 1366 1362 1363 1366 1363 1364 1364 1365 1366 1370 1367 1368 1368 1369 1370 1374 1371 1372 1372 1373 1374 1066 1375 1376 1376 1067 1066 1378 1360 1359 1359 1377 1378 1353 1379 1380 1380 1354 1353 1387 1381 1382 1387 1382 1383 1387 1383 1384 1387 1384 1385 1385 1386 1387 1379 1387 1386 1386 1380 1379 1375 1378 1377 1377 1376 1375 1394 1388 1389 1394 1389 1390 1394 1390 1391 1394 1391 1392 1392 1393 1394 1398 1395 1396 1396 1397 1398 1347 1346 1399 1399 1400 1347 1351 1350 1401 1401 1402 1351 1355 1354 1403 1403 1404 1355 1359 1358 1405 1405 1406 1359 1373 1372 1407 1407 1408 1373 1369 1368 1409 1409 1410 1369 1414 1411 1412 1414 1412 1413 1414 1413 1310 1310 1306 1414 1067 1376 1415 
						1415 1330 1067 1377 1359 1406 1406 1416 1377 1354 1380 1417 1417 1403 1354 1331 1330 1321 1331 1321 1366 1331 1366 1418 1418 1419 1331 1380 1386 1414 1414 1417 1380 1376 1377 1416 1416 1415 1376 1397 1396 1388 1388 1394 1397 1400 1399 1341 1341 1344 1400 1402 1401 1337 1337 1340 1402 1404 1403 1317 1317 1336 1404 1406 1405 1333 1333 1318 1406 1408 1407 1322 1322 1325 1408 1410 1409 1326 1326 1329 1410 1424 1420 1395 1424 1395 1398 1424 1398 1421 1424 1421 1422 1422 1423 1424 1330 1415 1305 1305 1321 1330 1416 1406 1318 1318 1302 1416 1403 1417 1309 1309 1317 1403 1386 1385 1425 1386 1425 1411 1411 1414 1386 1417 1414 1306 1306 1309 1417 1415 1416 1302 1302 1305 1415 1429 1426 1427 1427 1428 1429 1428 1427 1430 1430 1431 1428 1430 1432 1433 1433 1431 1430 1437 1434 1435 1435 1436 1437 1435 528 1438 1438 1436 1435 1436 1438 1439 1439 1440 1436 1428 1431 1441 1444 676 1442 1442 1443 1444 1443 1442 1445 1445 1446 1443 1445 613 1447 1447 1446 1445 
						1451 1448 1449 1449 1450 1451 1449 1452 1453 1453 1450 1449 1450 1453 1454 1454 1455 1450 1443 1446 1456 1460 1457 1458 1458 1459 1460 1459 1458 1461 1461 1462 1459 1466 1463 1464 1464 1465 1466 1465 1464 1467 1467 1468 1465 1467 1469 1470 1470 1468 1467 1472 1471 1460 1460 1459 1472 1473 1465 1468 1476 549 1474 1474 1475 1476 1475 1474 1477 1477 1478 1475 1481 470 1479 1479 1480 1481 1478 1482 1483 1483 1484 1478 1483 626 1485 1485 1484 1483 1484 1485 1476 1476 1475 1484 1475 1478 1484 1488 1486 352 352 1487 1488 1490 1488 1487 1487 1489 1490 1492 1490 1489 1489 1491 1492 1494 414 379 379 1493 1494 1496 1494 1493 1493 1495 1496 1498 1496 1495 1495 1497 1498 1500 358 357 357 1499 1500 1502 1500 1499 1499 1501 1502 1504 1502 1501 1501 1503 1504 1508 1505 1506 1506 1507 1508 1510 1508 1507 1507 1509 1510 454 1510 1509 1509 361 454 1511 406 1486 1486 1488 1511 1512 1511 1488 1488 1490 1512 1513 1512 1490 1490 1492 1513 1493 379 378 
						378 1514 1493 1495 1493 1514 1514 1515 1495 1497 1495 1515 1515 1516 1497 1518 370 446 446 1517 1518 1520 1518 1517 1517 1519 1520 1522 1520 1519 1519 1521 1522 1526 1523 1524 1524 1525 1526 1528 1526 1525 1525 1527 1528 362 1528 1527 1527 365 362 1530 375 374 374 1529 1530 1532 1530 1529 1529 1531 1532 1534 1532 1531 1531 1533 1534 1507 1506 1523 1523 1526 1507 1509 1507 1526 1526 1528 1509 361 1509 1528 1528 362 361 1499 357 370 370 1518 1499 1501 1499 1518 1518 1520 1501 1503 1501 1520 1520 1522 1503 1536 340 403 403 1535 1536 1538 1536 1535 1535 1537 1538 1540 1538 1537 1537 1539 1540 1542 456 399 399 1541 1542 1544 1542 1541 1541 1543 1544 1546 1544 1543 1543 1545 1546 1548 408 439 439 1547 1548 1550 1548 1547 1547 1549 1550 1552 1550 1549 1549 1551 1552 1554 458 395 395 1553 1554 1556 1554 1553 1553 1555 1556 1558 1556 1555 1555 1557 1558 1560 398 725 725 1559 1560 1562 1560 1559 1559 1561 1562 1564 1562 1561 
						1561 1563 1564 1566 394 383 383 1565 1566 1568 1566 1565 1565 1567 1568 1570 1568 1567 1567 1569 1570 1573 1571 409 409 1572 1573 1575 1573 1572 1572 1574 1575 1577 1575 1574 1574 1576 1577 1535 403 402 402 1578 1535 1537 1535 1578 1578 1579 1537 1539 1537 1579 1579 1580 1539 1583 438 1581 1581 1582 1583 1585 1583 1582 1582 1584 1585 1587 1585 1584 1584 1586 1587 1590 1588 452 452 1589 1590 1592 1590 1589 1589 1591 1592 1594 1592 1591 1591 1593 1594 1596 348 391 391 1595 1596 1598 1596 1595 1595 1597 1598 1600 1598 1597 1597 1599 1600 1601 336 348 348 1596 1601 1602 1601 1596 1596 1598 1602 1603 1602 1598 1598 1600 1603 1604 337 336 336 1601 1604 1605 1604 1601 1601 1602 1605 1606 1605 1602 1602 1603 1606 1607 412 337 337 1604 1607 1608 1607 1604 1604 1605 1608 1609 1608 1605 1605 1606 1609 1613 1610 1611 1611 1612 1613 1615 1613 1612 1612 1614 1615 355 1615 1614 1614 350 355 1612 1611 1616 1616 1617 1612 1614 1612 1617 
						1617 1618 1614 350 1614 1618 1618 344 350 1617 1616 1619 1619 1620 1617 1618 1617 1620 1620 1621 1618 344 1618 1621 1621 345 344 1620 1619 1491 1491 1489 1620 1621 1620 1489 1489 1487 1621 345 1621 1487 1487 352 345 1608 1609 1593 1593 1591 1608 1607 1608 1591 1591 1589 1607 412 1607 1589 1589 452 412 1623 1622 1599 1599 1597 1623 1624 1623 1597 1597 1595 1624 390 1624 1595 1595 391 390 1626 1625 1610 1610 1613 1626 1627 1626 1613 1613 1615 1627 372 1627 1615 1615 355 372 1427 1426 1628 1628 1629 1427 1430 1427 1629 1629 1630 1430 1432 1430 1630 1630 1631 1432 1453 1452 1632 1632 1633 1453 1454 1453 1633 1633 1634 1454 676 1444 1635 1635 466 676 1639 1636 1637 1637 1638 1639 1641 1639 1638 1638 1640 1641 467 1642 1643 1643 563 467 1438 528 527 527 1644 1438 1648 1645 1646 1646 1647 1648 550 1648 1647 1647 518 550 1650 529 476 476 1649 1650 1652 1650 1649 1649 1651 1652 1656 1653 1654 1654 1655 1656 1658 481 471 
						471 1657 1658 1662 1659 1660 1660 1661 1662 448 1662 1661 1661 449 448 1664 491 486 486 1663 1664 1667 1665 1663 1663 1666 1667 359 1668 1669 1669 360 359 1671 455 364 364 1670 1671 1675 1672 1673 1673 1674 1675 514 1676 1674 1674 575 514 1633 1632 1636 1636 1639 1633 1634 1633 1639 1639 1641 1634 466 1635 1642 1642 467 466 1644 527 481 481 1658 1644 1647 1646 1659 1659 1662 1647 518 1647 1662 1662 448 518 1638 1637 1457 1457 1460 1638 1640 1638 1460 1460 1471 1640 563 1643 1677 1677 564 563 1678 525 528 528 1435 1678 1679 1678 1435 1435 1434 1679 1681 1680 1433 1433 1432 1681 1649 476 479 479 1682 1649 1651 1649 1682 1682 1683 1651 380 1684 1685 1685 381 380 1687 483 482 482 1686 1687 1689 1687 1686 1686 1688 1689 371 1690 1691 1691 447 371 1693 363 366 366 1692 1693 1696 1694 1695 1695 1682 1696 478 1696 1682 1682 479 478 1699 1697 473 473 1698 1699 1703 1700 1701 1701 1702 1703 630 1703 1702 
						1702 631 630 1705 540 539 539 1704 1705 1707 1705 1704 1704 1706 1707 490 1708 1709 1709 523 490 1686 482 485 485 1710 1686 1712 1686 1710 1710 1711 1712 1716 1713 1714 1714 1715 1716 1670 364 363 363 1693 1670 1674 1673 1694 1694 1696 1674 575 1674 1696 1696 478 575 1663 486 483 483 1687 1663 1666 1663 1687 1687 1689 1666 360 1669 1690 1690 371 360 1657 471 470 470 1481 1657 1661 1660 1477 1477 1474 1661 449 1661 1474 1474 549 449 1720 1717 1718 1718 1719 1720 1722 1720 1719 1719 1721 1722 546 1723 1724 1724 547 546 1725 627 626 626 1483 1725 1726 1725 1483 1483 1482 1726 469 1727 1479 1479 470 469 1729 605 604 604 1728 1729 1733 1730 1731 1731 1732 1733 600 1734 1735 600 1735 1736 1736 601 600 1739 1737 722 722 1738 1739 1741 1739 1738 1738 1740 1741 1743 541 673 673 1742 1743 1747 1744 1745 1745 1746 1747 593 1747 1746 1746 594 593 1749 599 598 598 1748 1749 1753 1750 1751 1751 1752 1753 
						581 1753 1752 1752 582 581 1754 707 540 540 1705 1754 1755 1754 1705 1705 1707 1755 489 1756 1708 1708 490 489 1698 473 472 472 1757 1698 1702 1701 1758 1758 1759 1702 631 1702 1759 1759 515 631 1761 558 557 557 1760 1761 1765 1762 1763 1763 1764 1765 609 1765 1764 1764 610 609 1728 604 542 542 1766 1728 1732 1731 1767 1767 1768 1732 601 1732 1768 1768 602 601 1769 559 551 551 554 1769 1771 1770 569 569 572 1771 516 1771 572 572 723 516 1774 1772 1773 1773 629 1774 622 1775 1776 1776 623 622 628 621 620 628 620 1774 1774 629 628 1778 517 724 724 1777 1778 1782 1779 1780 1780 1781 1782 343 1783 1784 1784 404 343 1786 621 628 628 1785 1786 1790 1787 1788 1788 1789 1790 457 1791 1792 1792 400 457 1794 608 611 611 1793 1794 1798 1795 1796 1796 1797 1798 1802 1799 1800 1800 1801 1802 1804 600 603 603 1803 1804 1808 1805 1806 1806 1807 1808 461 1809 1810 1810 396 461 1811 488 491 
						491 1664 1811 1815 1812 1813 1813 1814 1815 401 1816 1817 1817 726 401 1819 592 595 595 1818 1819 1823 1820 1821 1821 1822 1823 397 1824 1825 1825 384 397 1827 580 583 583 1826 1827 1831 1828 1829 1829 1830 1831 1835 1832 1833 1833 1834 1835 1777 724 1734 1734 1836 1777 1781 1780 1837 1837 1838 1781 404 1784 1839 1839 405 404 1840 617 621 621 1786 1840 1842 1841 1787 1787 1790 1842 1846 1843 1844 1844 1845 1846 1848 545 548 548 1847 1848 1852 1849 1850 1850 1851 1852 1855 1853 1854 1854 453 1855 1857 578 577 577 1856 1857 1861 1858 1859 1859 1860 1861 349 1862 1863 1863 392 349 1864 695 578 578 1857 1864 1866 1865 1858 1858 1861 1866 339 1867 1862 1862 349 339 1868 697 695 695 1864 1868 1870 1869 1865 1865 1866 1870 338 1871 1867 1867 339 338 1872 699 697 697 1868 1872 1874 1873 1869 1869 1870 1874 413 1875 1871 1871 338 413 1877 576 579 579 1876 1877 1881 1878 1879 1879 1880 1881 702 1881 1880 
						1880 663 702 1876 579 696 696 1882 1876 1880 1879 1883 1883 1884 1880 663 1880 1884 1884 664 663 1882 696 698 698 1885 1882 1884 1883 1886 1886 1887 1884 664 1884 1887 1887 666 664 1885 698 700 700 1888 1885 1887 1886 1889 1889 1890 1887 666 1887 1890 1890 668 666 1894 1891 1892 1892 1893 1894 1896 1894 1893 1893 1895 1896 1899 1896 1897 1897 1898 1899 1893 1892 1900 1900 1901 1893 1895 1893 1901 1901 1902 1895 1898 1897 1903 1903 1904 1898 1901 1900 1905 1905 1906 1901 1902 1901 1906 1906 1907 1902 1904 1903 1908 1908 1909 1904 1906 1905 1631 1631 1630 1906 1907 1906 1630 1630 1629 1907 1909 1908 1629 1629 1628 1909 1911 496 498 498 1910 1911 1913 1911 1910 1910 1912 1913 1914 1913 1912 1912 625 1914 714 713 1915 1915 1916 714 1918 1917 685 685 688 1918 1920 1919 510 510 513 1920 1924 1921 1922 1922 1923 1924 687 686 1925 1925 1926 687 1928 1927 1917 1917 1918 1928 1930 507 509 509 1929 1930 1932 1930 1929 
						1929 1931 1932 614 1932 1931 1931 1933 614 1442 676 507 507 1930 1442 1445 1442 1930 1930 1932 1445 613 1445 1932 1932 614 613 1485 626 625 625 1912 1485 1476 1485 1912 1912 1910 1476 549 1476 1910 1910 498 549 1935 567 566 566 1934 1935 1937 1935 1934 1934 1936 1937 1939 1938 1881 1881 702 1939 1875 413 453 453 1854 1875 1873 1874 1940 1940 1941 1873 574 1942 1847 1847 548 574 1719 1718 668 668 1890 1719 1724 1943 1944 1944 1945 1724 547 1724 1945 1945 573 547 1946 393 392 392 1863 1946 1948 1947 1860 1860 1859 1948 568 1949 1950 1950 565 568 1464 1463 1891 1891 1894 1464 1467 1464 1894 1894 1896 1467 1469 1467 1896 1896 1899 1469 1951 341 340 340 1536 1951 1952 1951 1536 1536 1538 1952 1953 1952 1538 1538 1540 1953 1541 399 398 398 1560 1541 1543 1541 1560 1560 1562 1543 1545 1543 1562 1562 1564 1545 1738 722 707 707 1754 1738 1740 1738 1754 1754 1755 1740 629 1773 1756 1756 489 629 1757 472 559 
						559 1769 1757 1759 1758 1770 1770 1771 1759 515 1759 1771 1771 516 515 1676 514 517 517 1778 1676 1955 1954 1779 1779 1782 1955 342 1956 1783 1783 343 342 1785 628 488 488 1811 1785 1789 1788 1812 1812 1815 1789 400 1792 1816 1816 401 400 353 352 1486 1486 1957 353 1960 445 1958 1958 1959 1960 1964 1961 1962 1962 1963 1964 1962 181 1965 1965 1963 1962 1969 1966 1967 1967 1968 1969 1967 110 1970 1970 1968 1967 1968 1970 1971 1971 1972 1968 1971 252 1973 1973 1972 1971 1975 1974 1960 1960 1959 1975 1972 1976 1969 1969 1968 1972 1980 1977 1978 1978 1979 1980 1979 1978 1981 1981 1982 1979 1985 756 1983 1983 1984 1985 1984 1983 1986 1986 1987 1984 1986 727 1988 1988 1987 1986 1987 1988 1989 1989 1990 1987 1993 235 1991 1991 1992 1993 1995 1994 1980 1980 1979 1995 1995 1979 1982 1982 1996 1995 1999 757 1997 1997 1998 1999 2003 2000 2001 2001 2002 2003 2001 843 2004 2004 2002 2001 2002 2004 2005 2005 2006 2002 2009 923 2007 
						2007 2008 2009 2013 2010 2011 2011 2012 2013 2011 728 2014 2014 2012 2011 2012 2014 1999 1999 1998 2012 2015 2003 2002 2002 2006 2015 2018 811 2016 2016 2017 2018 2022 2019 2020 2020 2021 2022 2020 934 2023 2023 2021 2020 2021 2023 2024 2024 2025 2021 2028 867 2026 2026 2027 2028 2027 2026 2018 2018 2017 2027 2017 2029 2027 2032 914 2030 2030 2031 2032 2031 2030 2033 2033 2034 2031 2037 882 2035 2035 2036 2037 2036 2035 217 217 2038 2036 166 2039 2040 166 2040 2041 2041 2042 166 2038 2043 2044 2044 2045 2038 2045 2036 2038 2048 933 2046 2046 2047 2048 2052 2049 2050 2050 2051 2052 2050 1000 2053 2053 2051 2050 2051 2053 2054 2054 2055 2051 2059 2056 2057 2057 2058 2059 2058 2057 2048 2048 2047 2058 2047 2060 2058 751 2061 2062 751 2062 2063 2063 2064 751 2067 2062 2065 2065 2066 2067 2065 885 2068 2068 2066 2065 2072 2069 2070 2070 2071 2072 2070 906 2073 2073 2071 2070 2076 2074 2075 2075 2067 2076 2067 2066 2076 2079 253 2077 
						2077 2078 2079 2078 2077 2080 2080 2081 2078 2080 111 2082 2082 2081 2080 2081 2082 2083 2083 2084 2081 2087 801 2085 2085 2086 2087 2086 2085 2088 2088 2089 2086 2092 1080 2090 2090 2091 2092 2091 2090 2093 2093 2094 2091 2095 2078 2081 2081 2084 2095 1991 235 234 234 2096 1991 1980 1994 2097 2097 2098 1980 1977 1980 2098 2098 2099 1977 2101 102 105 105 2100 2101 2104 2102 2100 2100 2103 2104 317 741 2105 2105 318 317 2107 247 250 250 2106 2107 2109 2107 2106 2106 2108 2109 2111 109 108 108 2110 2111 2112 182 181 181 1962 2112 2113 2112 1962 1962 1961 2113 444 2114 1958 1958 445 444 2116 442 222 222 2115 2116 2120 2117 2118 2118 2119 2120 2121 143 37 37 40 2121 2123 184 743 743 2122 2123 2126 2123 2124 2124 2125 2126 33 2127 2128 2128 34 33 2130 1170 1171 1171 2129 2130 190 2131 2132 2132 191 190 2134 193 192 192 2133 2134 2135 225 235 235 1993 2135 2137 2135 1993 1993 2136 2137 38 2138 1988 
						1988 727 38 2142 2139 2140 2142 2140 289 289 2141 2142 2144 57 56 56 2143 2144 312 2145 2146 2146 2147 312 2151 2148 2149 2149 2150 2151 2155 2152 2153 2153 2154 2155 237 2156 2157 2157 238 237 2159 1172 231 231 2158 2159 2163 2160 2161 2161 2162 2163 2167 2164 2165 2165 2166 2167 2171 2168 2169 2169 2170 2171 2175 2172 2173 2173 2174 2175 2177 2176 88 88 91 2177 2179 46 45 45 2178 2179 2183 2180 2181 2181 2182 2183 269 2184 2185 2185 1144 269 2187 2186 1144 1144 2185 2187 2191 2188 2189 2189 2190 2191 92 2192 2193 2193 93 92 2195 59 58 58 2194 2195 2199 2196 2197 2197 2198 2199 64 2200 2201 2201 65 64 2203 273 276 276 2202 2203 2205 2203 2202 2202 2204 2205 2206 754 155 155 157 2206 2208 1146 164 164 2207 2208 2212 2209 2210 2210 2211 2212 2215 2213 2214 2214 311 2215 2064 2216 750 750 751 2064 2220 2217 2218 2218 2219 2220 2224 2221 2222 2222 2223 2224 2228 2225 2226 2226 2227 2228 
						2232 2229 2230 2230 2231 2232 28 156 2233 2233 29 28 2235 2234 2225 2225 2228 2235 2237 2236 2229 2229 2232 2237 155 753 2238 2238 156 155 2240 185 81 81 2239 2240 2244 2241 2242 2242 2243 2244 241 2245 2246 2246 176 241 2239 81 80 80 2247 2239 2243 2242 2248 2248 2249 2243 176 2246 2250 2250 26 176 2170 2169 2251 2251 2252 2170 2256 2253 2254 2254 2255 2256 9 2175 2174 9 2174 2257 2257 10 9 2262 2258 2259 2262 2259 2260 2260 2261 2262 2249 2248 2263 2263 2264 2249 26 2250 2265 2265 27 26 2266 24 27 27 2265 2266 2270 2267 2268 2268 2269 2270 71 2262 2261 2261 72 71 2272 416 419 419 2271 2272 2276 2273 2274 2274 2275 2276 41 2277 2278 2278 42 41 2280 2279 2186 2186 2187 2280 2282 2281 2188 2188 2191 2282 1062 2283 2192 2192 92 1062 2284 731 59 59 2195 2284 2286 2285 2196 2196 2199 2286 1065 2287 2200 2200 64 1065 2290 2288 2289 2289 15 2290 734 2291 2292 734 2292 2293 
						2293 265 734 2294 742 317 317 320 2294 2106 250 98 98 2295 2106 2299 2296 2297 2297 2298 2299 2301 2299 2298 2298 2300 2301 2115 222 225 225 2135 2115 2119 2118 2135 2135 2137 2119 37 142 2138 2138 38 37 1965 181 184 184 2123 1965 2302 1965 2123 2123 2126 2302 110 1967 2127 2127 33 110 2304 283 434 434 2303 2304 2306 2304 2303 2303 2305 2306 271 2307 2308 2308 251 271 2309 284 283 283 2304 2309 2310 2309 2304 2304 2306 2310 326 2311 2307 2307 271 326 2312 314 284 284 2309 2312 2313 2312 2309 2309 2310 2313 328 2314 2311 2311 326 328 2315 315 314 314 2312 2315 2316 2315 2312 2312 2313 2316 330 2317 2314 2314 328 330 2141 289 288 288 2318 2141 2322 2319 2320 2320 2321 2322 322 2322 2321 2321 296 322 2318 288 291 291 2323 2318 2321 2320 2324 2324 2325 2321 296 2321 2325 2325 297 296 2323 291 293 293 2326 2323 2325 2324 2327 2327 2328 2325 297 2325 2328 2328 423 297 2326 293 750 
						750 2329 2326 2328 2327 2330 2330 2331 2328 423 2328 2331 2331 424 423 126 185 2332 2332 127 126 2334 2333 2241 2241 2244 2334 161 2335 2245 2245 241 161 2202 276 2234 2234 2235 2202 2337 2336 2236 2236 2237 2337 116 2338 2339 116 2339 2340 2340 117 116 2317 330 756 756 1985 2317 2315 2316 1981 1981 1978 2315 315 2315 1978 1978 1977 315 1973 252 251 251 2308 1973 1960 1974 2305 2305 2303 1960 445 1960 2303 2303 434 445 2218 2217 255 255 1173 2218 2331 2330 2341 2341 2342 2331 424 2331 2342 2342 2343 424 219 289 2140 2140 220 219 2143 56 2319 2319 2322 2143 2344 2143 2322 2322 322 2344 2298 2297 2345 2345 2346 2298 2350 2347 2348 2348 2349 2350 2352 2351 151 151 154 2352 1970 110 111 111 2080 1970 1971 1970 2080 2080 2077 1971 252 1971 2077 2077 253 252 2122 743 1143 1143 2353 2122 2125 2124 2354 2354 2355 2125 2356 259 13 13 16 2356 1983 756 757 757 1999 1983 1986 1983 1999 1999 2014 1986 
						727 1986 2014 2014 728 727 2357 14 13 13 262 2357 1060 1059 2358 2358 2359 1060 265 2293 2360 2360 266 265 737 729 443 443 2361 737 2349 2348 2362 2362 2363 2349 151 2349 2363 2363 152 151 34 2128 2364 34 2364 2365 2365 420 34 2359 2358 2366 2366 2367 2359 266 2360 2353 2353 1143 266 15 14 2368 2368 2290 15 2370 2369 2102 2102 2104 2370 2291 734 102 2291 102 2101 2101 2371 2291 2361 443 442 442 2116 2361 2363 2362 2372 2372 2373 2363 153 152 2374 2374 177 153 2295 98 101 2295 101 739 739 2375 2295 2379 2376 2377 2377 2378 2379 2300 2298 2346 2346 2380 2300 2382 320 319 319 2381 2382 2386 2383 2384 2384 2385 2386 771 2387 2385 2385 772 771 2390 119 118 2390 118 2388 2388 2389 2390 2394 2391 2392 2392 2393 2394 830 2394 2393 2393 787 830 2395 924 923 923 2009 2395 2397 2396 2005 2005 2004 2397 818 2397 2004 2004 843 818 2400 35 421 2400 421 2398 2398 2399 2400 2404 2401 2402 
						2402 2403 2404 799 2405 2406 2406 842 799 2407 36 35 35 2400 2407 2409 2407 2400 2400 2408 2409 802 2410 2411 2411 1012 802 2415 2412 2413 2413 2414 2415 1022 2416 2417 2417 1023 1022 2418 39 728 728 2011 2418 2421 2419 2420 2420 2007 2421 922 2421 2007 2007 923 922 2422 935 934 934 2020 2422 2423 2422 2020 2020 2019 2423 810 2424 2016 2016 811 810 2425 998 1000 1000 2050 2425 2426 2425 2050 2050 2049 2426 761 2427 2046 2046 933 761 2428 911 914 914 2032 2428 2430 2429 2044 2044 2043 2430 258 2431 2432 2432 1174 258 2434 1075 1078 1078 2433 2434 2438 2435 2436 2436 2437 2438 2442 2439 2440 2440 2441 2442 2444 938 871 871 2443 2444 2446 2444 2443 2443 2445 2446 762 2447 2448 2448 763 762 2450 1018 1021 1021 2449 2450 2452 2450 2449 2449 2451 2452 866 2453 2454 2454 760 866 2455 950 763 763 2448 2455 2457 2456 2445 2445 2443 2457 874 2457 2443 2443 871 874 2459 1137 1140 1140 2458 2459 2463 2460 2461 
						2461 2462 2463 1175 2464 2465 2465 232 1175 2468 2466 2177 2468 2177 91 91 2467 2468 2470 428 427 427 2469 2470 775 2471 2472 2472 776 775 2474 875 879 879 2473 2474 2478 2475 2476 2476 2477 2478 47 2479 2480 2480 48 47 2482 95 94 94 2481 2482 2486 2483 2484 2484 2485 2486 878 2487 2473 2473 879 878 2489 945 1214 1214 2488 2489 2493 2490 2491 2491 2492 2493 60 2494 2495 2495 61 60 2498 2496 2206 2498 2206 157 157 2497 2498 2502 2499 2500 2500 2501 2502 926 2502 2501 2501 927 926 2504 792 795 795 2503 2504 2508 2505 2506 2506 2507 2508 1149 2509 2510 2510 165 1149 2512 907 910 910 2511 2512 2516 2513 2514 2514 2515 2516 2075 2517 2063 2075 2063 2062 2062 2067 2075 2413 2412 2134 2134 2133 2413 2521 2518 2519 2519 2520 2521 806 2522 2523 2523 807 806 2497 157 28 28 32 2497 2525 2524 2518 2518 2521 2525 928 2526 2522 2522 806 928 2530 2527 2528 2528 2529 2530 2534 2531 2532 2532 2533 2534 
						126 125 2535 2535 82 126 2529 2528 2536 2536 2537 2529 2533 2532 2538 2538 2539 2533 82 2535 2540 2540 83 82 2541 1057 924 924 2395 2541 2543 2542 2396 2396 2397 2543 817 2543 2397 2397 818 817 2085 801 800 800 2544 2085 2088 2085 2544 2544 2545 2088 1080 2092 2546 2546 1006 1080 2550 2547 2548 2548 2549 2550 776 2472 2551 2551 777 776 2537 2536 839 839 2552 2537 2539 2538 2553 2553 2554 2539 83 2540 2555 83 2555 2556 2556 195 83 2560 2557 2558 2558 2559 2560 838 2561 2552 2552 839 838 2563 44 43 43 2562 2563 2567 2564 2565 2565 2566 2567 1042 2568 2569 2569 1043 1042 2570 1228 935 935 2422 2570 2571 2570 2422 2422 2423 2571 1109 2572 2573 2573 1110 1109 2574 1063 95 95 2482 2574 2576 2575 2483 2483 2486 2576 1251 2577 2487 2487 878 1251 2578 946 945 945 2489 2578 2580 2579 2490 2490 2493 2580 732 2581 2494 2494 60 732 2053 1000 892 892 2582 2053 2586 2583 2584 2584 2585 2586 1013 2586 2585 
						2585 1014 1013 2590 2587 2588 2588 2589 2590 785 2591 2592 785 2592 2387 2387 771 785 2591 785 784 2591 784 2593 2593 2587 2591 2595 2594 2376 2376 2379 2595 2597 2595 2379 2379 2596 2597 787 2393 2598 2598 788 787 2030 914 1108 1108 2599 2030 2033 2030 2599 2599 2600 2033 882 2037 2601 2601 883 882 2068 885 884 884 2602 2068 2070 2069 2603 2603 2604 2070 906 2070 2604 2604 903 906 2023 934 938 938 2444 2023 2024 2023 2444 2444 2446 2024 867 2028 2605 2605 868 867 2449 1021 998 998 2425 2449 2451 2449 2425 2425 2426 2451 760 2454 2427 2427 761 760 2606 40 39 39 2418 2606 2403 2402 2419 2419 2421 2403 842 2406 2421 2421 922 842 2082 111 36 36 2407 2082 2083 2082 2407 2407 2409 2083 801 2087 2410 2410 802 801 2608 870 920 920 2607 2608 2610 2608 2607 2607 2609 2610 808 2610 2609 2609 993 808 2607 920 963 963 2611 2607 2609 2607 2611 2611 2612 2609 993 2609 2612 2612 991 993 2611 963 965 
						965 2613 2611 2612 2611 2613 2613 2614 2612 991 2612 2614 2614 987 991 2613 965 932 932 2615 2613 2614 2613 2615 2615 2616 2614 987 2614 2616 2616 988 987 2618 272 254 254 2617 2618 2622 2619 2620 2620 2621 2622 969 2623 2621 2621 966 969 2624 327 272 272 2618 2624 2626 2625 2619 2619 2622 2626 981 2627 2623 2623 969 981 2628 329 327 327 2624 2628 2630 2629 2625 2625 2626 2630 983 2631 2627 2627 981 983 2632 331 329 329 2628 2632 2634 2633 2629 2629 2630 2634 844 2634 2631 2631 983 844 2636 881 985 985 2635 2636 218 2636 2635 2635 2637 218 219 218 2638 2638 290 219 2635 985 995 995 2639 2635 2637 2635 2639 2639 2640 2637 290 2638 2641 2641 292 290 2639 995 997 997 2642 2639 2640 2639 2642 2642 2643 2640 292 2641 2644 2644 294 292 2642 997 886 886 2645 2642 2643 2642 2645 2645 2061 2643 294 2644 2061 2061 751 294 2647 2646 2527 2527 2530 2647 2649 2648 2531 2531 2534 2649 2651 2650 2111 
						2111 2110 2651 2653 2652 2524 2524 2525 2653 927 2501 2526 2526 928 927 2634 844 843 843 2001 2634 2633 2634 2001 2001 2000 2633 331 2632 1997 1997 757 331 2090 1080 966 966 2621 2090 2093 2090 2621 2621 2620 2093 253 2079 2617 2617 254 253 2645 886 885 885 2065 2645 2061 2645 2065 2065 2062 2061 2035 882 881 881 2636 2035 217 2035 2636 2636 218 217 217 221 2041 217 2041 2043 2043 2038 217 2610 808 811 811 2018 2610 2608 2610 2018 2018 2026 2608 870 2608 2026 2026 867 870 2615 932 933 933 2048 2615 2616 2615 2048 2048 2057 2616 988 2616 2057 2057 2056 988 2655 2352 154 154 2654 2655 788 2598 2656 788 2656 2657 2657 930 788 930 2657 2658 930 2658 2659 2659 931 930 2599 1108 1018 1018 2450 2599 2600 2599 2450 2450 2452 2600 1025 2660 2453 2453 866 1025 2602 884 950 950 2455 2602 2604 2603 2456 2456 2457 2604 903 2604 2457 2457 874 903 16 2661 2662 16 2662 2663 2663 2356 16 2408 2400 2399 
						2399 2664 2408 1012 2411 2665 2665 956 1012 2593 784 957 957 2666 2593 2589 2588 2667 2667 2668 2589 15 2289 2661 2661 16 15 2654 154 153 153 180 2654 2670 2654 180 180 2669 2670 931 2659 2671 2671 798 931 2666 957 956 956 2665 2666 2668 2667 2672 2672 2673 2668 2592 2674 2383 2383 2386 2592 2675 2294 320 320 2382 2675 2677 2676 2121 2677 2121 40 40 2606 2677 2669 180 179 179 2678 2669 798 2671 2405 2405 799 798 2679 2655 2654 2654 2670 2679 2596 2379 2378 2378 2680 2596 2252 2251 2681 2681 2682 2252 2255 2254 2683 2683 2684 2255 88 2685 2686 2686 89 88 67 2687 2688 2688 68 67 2692 2689 2690 2690 2691 2692 431 2693 2694 2694 432 431 2695 1048 1057 1057 2541 2695 2697 2696 2542 2542 2543 2697 1039 2697 2543 2543 817 1039 2544 800 814 814 2698 2544 2545 2544 2698 2698 2699 2545 1006 2546 2700 2700 1007 1006 2467 91 90 90 2701 2467 2549 2548 2702 2702 2703 2549 777 2551 2704 2704 1142 777 
						2706 848 847 847 2705 2706 2710 2707 2708 2708 2709 2710 2712 2711 2279 2279 2280 2712 2714 2713 2281 2281 2282 2714 1208 2715 2283 2283 1062 1208 2716 1128 731 731 2284 2716 2718 2717 2285 2285 2286 2718 1213 2719 2287 2287 1065 1213 2720 1272 1228 1228 2570 2720 2721 2720 2570 2570 2571 2721 1252 2722 2572 2572 1109 1252 2723 1209 1063 1063 2574 2723 2725 2724 2575 2575 2576 2725 1250 2726 2577 2577 1251 1250 2727 1221 946 946 2578 2727 2729 2728 2579 2579 2580 2729 1129 2730 2581 2581 732 1129 2582 892 891 891 2731 2582 2585 2584 2732 2732 2733 2585 1014 2585 2733 2733 1079 1014 2737 2734 2735 2735 2736 2737 2741 2738 2739 2739 2740 2741 65 2201 2742 2742 280 65 2744 2743 2168 2168 2171 2744 2746 2745 2172 2172 2175 2746 162 2746 2175 2175 9 162 2747 230 46 46 2179 2747 2749 2748 2180 2180 2183 2749 268 2750 2184 2184 269 268 2693 431 1051 1051 2751 2693 2755 2752 2753 2753 2754 2755 2758 2756 85 2758 85 84 
						84 2757 2758 2488 1214 1216 1216 2759 2488 2763 2760 2761 2761 2762 2763 2767 2764 2765 2765 2766 2767 2768 163 12 12 428 2768 2769 2768 428 428 2470 2769 826 2770 2471 2471 775 826 2771 1130 875 875 2474 2771 2773 2772 2475 2475 2478 2773 233 2774 2479 2479 47 233 2777 2775 2776 2777 2776 87 87 86 2777 2781 2778 2779 2779 2780 2781 848 2706 2782 2782 849 848 2731 891 941 941 2783 2731 2733 2732 2784 2784 2785 2733 1079 2733 2785 2785 1223 1079 2787 2786 2711 2711 2712 2787 2789 2788 2713 2713 2714 2789 1016 2790 2715 2715 1208 1016 2791 1054 1128 1128 2716 2791 2793 2792 2717 2717 2718 2793 1053 2794 2719 2719 1213 1053 2795 1288 1272 1272 2720 2795 2796 2795 2720 2720 2721 2796 1027 2797 2722 2722 1252 1027 2798 1017 1209 1209 2723 2798 2800 2799 2724 2724 2725 2800 1257 2801 2726 2726 1250 1257 2802 1237 1221 1221 2727 2802 2804 2803 2728 2728 2729 2804 1055 2805 2730 2730 1129 1055 2783 941 1048 1048 2695 2783 
						2785 2784 2696 2696 2697 2785 1223 2785 2697 2697 1039 1223 2682 2681 2786 2786 2787 2682 2684 2683 2788 2788 2789 2684 89 2686 2790 2790 1016 89 2757 84 1054 1054 2791 2757 2691 2690 2792 2792 2793 2691 432 2694 2794 2794 1053 432 2698 814 1288 1288 2795 2698 2699 2698 2795 2795 2796 2699 1007 2700 2797 2797 1027 1007 2701 90 1017 1017 2798 2701 2703 2702 2799 2799 2800 2703 1142 2704 2801 2801 1257 1142 2705 847 1237 1237 2802 2705 2709 2708 2803 2803 2804 2709 87 2776 2805 2805 1055 87 315 1977 2099 2099 316 315 2806 2807 2808 2809 10 2257 11 2810 426 2811 2177 2466 2810 11 10 10 2812 2810 2177 2811 2813 2813 2176 2177 2815 2814 2685 2815 2685 88 88 2176 2815 2687 2816 2817 2818 2819 2820 86 2821 2777 2822 67 66 2823 2687 67 67 2822 2823 85 2824 2821 2821 86 85 2817 2825 2826 2817 2826 2688 2688 2687 2817 194 2827 2828 2829 2261 2260 72 2830 73 2831 2832 2833 2834 72 2261 2261 2829 2834 
						195 2835 2827 2827 194 195 2247 80 194 2247 194 2828 2828 2836 2247 2837 2838 2839 2840 2233 2841 2842 2843 2844 2845 2846 2847 2848 29 2233 2233 2840 2848 2846 2849 2838 2838 2837 2846 156 2238 2850 156 2850 2841 2841 2233 156 143 2851 144 2852 2374 2853 259 2854 260 2855 420 2365 177 2856 178 2857 2121 2676 421 2858 2398 2859 2356 2663 2854 259 2356 2356 2860 2854 420 2855 2861 2861 421 420 2862 177 2374 2374 2852 2862 2121 2863 2851 2851 143 2121 152 2363 2373 152 2373 2853 2853 2374 152 2371 2864 2291 2864 2292 2291 2587 2865 2591 2865 2592 2591 2867 1058 1061 1061 2866 2867 2370 2867 2866 2866 2369 2370 2870 2368 2868 2868 2869 2870 2872 2870 2869 2869 2871 2872 2874 2288 2290 2290 2873 2874 2876 2874 2873 2873 2875 2876 2865 2587 2590 2590 2877 2865 2592 2865 2877 2877 2674 2592 2873 2290 2368 2368 2870 2873 2875 2873 2870 2870 2872 2875 2868 2368 14 14 2357 2868 738 2878 739 2878 2375 739 2656 2879 2657 
						2879 2658 2657 2881 2347 2350 2350 2880 2881 2345 2881 2880 2880 2346 2345 2883 2350 2351 2351 2882 2883 2346 2883 2882 2882 2380 2346 2885 2352 2655 2655 2884 2885 2377 2885 2884 2884 2378 2377 2887 2655 2679 2679 2886 2887 2378 2887 2886 2886 2680 2378 2882 2351 2352 2352 2885 2882 2380 2882 2885 2885 2377 2380 2351 2350 2349 2349 151 2351 2888 2889 2890 2891 2892 2893 2894 2895 2896 2897 117 2340 127 2898 128 2899 2900 2901 118 2902 2388 2903 2206 2496 2898 127 2332 2332 2904 2898 2900 2899 2905 2905 2888 2900 2906 754 2206 2206 2903 2906 117 2907 2902 2902 118 117 2909 2908 2332 2909 2332 185 185 2240 2909 2216 2910 2911 2912 256 2913 54 2914 2915 2916 2140 2139 221 220 2917 221 2917 2042 2042 2041 221 2517 257 2918 2517 2918 2064 2064 2063 2517 2910 2216 2064 2064 2918 2910 256 2912 2918 2918 257 256 2917 220 2140 2140 2916 2917 2042 2917 2914 2914 54 2042 2329 750 2216 2329 2216 2911 2911 2919 2329 999 1287 2920 
						999 2920 2921 999 2921 889 889 888 999 936 1230 2922 936 2922 2923 936 2923 1277 1277 937 936 1056 1074 2924 1056 2924 2925 1056 2925 246 246 245 1056 815 942 2926 815 2926 2927 815 2927 1289 1289 816 815 949 948 2928 949 2928 2929 949 2929 2930 2930 1215 949 876 1132 2931 876 2931 2932 876 2932 1278 1278 877 876 850 2933 2934 850 2934 2935 850 2935 1238 1238 851 850 1141 1256 2936 1141 2936 2937 1141 2937 1034 1034 1033 1141 939 2938 940 2938 2939 940 2939 1045 940 1293 2940 1273 2940 2941 1273 2941 1274 1273 1046 2942 1047 2942 2943 1047 2943 1073 1047 1290 2944 1291 2944 2945 1291 2945 1292 1291 1419 2946 1331 2946 2947 1331 2947 1332 1331 1425 2948 1411 2948 2949 1411 2949 1412 1411 1365 2950 1366 2950 2951 1366 2951 1418 1366 1413 2952 1310 2952 2953 1310 2953 1311 1310 2955 1242 1241 1241 2954 2955 2957 2955 2954 2954 2956 2957 2959 2957 2956 2956 2958 2959 2961 1181 1184 1184 2960 2961 2963 2961 2960 
						2960 2962 2963 2965 2963 2962 2962 2964 2965 2967 899 902 902 2966 2967 2969 2967 2966 2966 2968 2969 1295 2970 2971 2971 1296 1295 2973 1240 1243 1243 2972 2973 2975 2973 2972 2972 2974 2975 1009 2976 2977 2977 1010 1009 2979 854 853 853 2978 2979 2983 2980 2981 2981 2982 2983 1236 2984 2985 2985 1233 1236 2987 1271 1270 1270 2986 2987 2991 2988 2989 2989 2990 2991 2995 2992 2993 2993 2994 2995 2999 2996 2997 2997 2998 2999 3001 2999 2998 2998 3000 3001 3005 3002 3003 3003 3004 3005 3007 897 896 896 3006 3007 3009 3007 3006 3006 3008 3009 3013 3010 3011 3011 3012 3013 3017 3014 3015 3015 3016 3017 3019 3017 3016 3016 3018 3019 3023 3020 3021 3021 3022 3023 3027 3024 3025 3025 3026 3027 3029 3027 3026 3026 3028 3029 1092 3029 3028 3028 1093 1092 3033 3030 3031 3031 3032 3033 3035 3033 3032 3032 3034 3035 1038 3035 3034 3034 1035 1038 3037 860 863 863 3036 3037 3041 3038 3039 3039 3040 3041 1036 3041 3040 3040 1037 1036 1183 1182 3042 
						3042 3043 1183 3045 2711 2786 2786 3044 3045 3047 3046 1158 1158 1161 3047 3044 2786 2681 2681 3048 3044 3050 3049 3046 3046 3047 3050 3052 3051 1264 1264 1267 3052 3054 2186 2279 2279 3053 3054 3053 2279 2711 2711 3045 3053 1192 1191 1279 1279 1280 1192 96 3055 3056 3056 62 96 3057 1144 2186 2186 3054 3057 3059 2251 2169 2169 3058 3059 3060 1145 1144 1144 3057 3060 3062 1157 1156 1156 3061 3062 3064 3063 0 0 4 3064 3066 3065 1166 1166 1169 3066 1260 1259 3049 3049 3050 1260 3068 3060 3057 3057 3067 3068 3072 3069 3070 3070 3071 3072 3048 2681 2251 2251 3059 3048 3076 3073 3074 3074 3075 3076 3080 3077 3078 3078 3079 3080 3084 3081 3082 3082 3083 3084 3088 3085 3086 3086 3087 3088 1168 1167 3051 3051 3052 1168 3092 3089 3090 3090 3091 3092 3096 3093 3094 3094 3095 3096 3100 3097 3098 3098 3099 3100 3104 3101 3102 3102 3103 3104 3095 3094 3105 3105 3106 3095 3103 3102 3107 3107 3108 3103 3108 3107 3109 3108 3109 3110 3110 3111 3108 
						3115 3112 3113 3113 3114 3115 310 3116 2215 2215 311 310 3118 2167 2166 2166 3117 3118 3120 3070 3069 3069 3119 3120 3122 3120 3119 3119 3121 3122 3124 3122 3121 3121 3123 3124 746 3124 3123 3123 747 746 3128 3125 3126 3126 3127 3128 3130 2224 2223 2223 3129 3130 2344 322 321 321 3131 2344 424 2343 3132 3132 425 424 3136 3133 3134 3134 3135 3136 3140 3137 3138 3138 3139 3140 3142 3141 3093 3093 3096 3142 3146 3143 3144 3144 3145 3146 3148 3147 298 298 422 3148 3149 3148 422 422 425 3149 3151 3150 321 321 295 3151 3152 309 3153 3147 3151 295 295 298 3147 3155 3154 3073 3073 3076 3155 3158 3156 3125 3158 3125 3128 3128 3157 3158 3106 3105 3159 3159 3160 3106 3164 3161 3162 3162 3163 3164 3168 3165 3166 3166 3167 3168 3172 3169 3170 3170 3171 3172 3135 3134 3173 3173 3174 3135 3167 3166 3063 3063 3064 3167 3160 3159 3133 3133 3136 3160 3127 3126 3175 3175 3176 3127 3131 321 3150 3150 3177 3131 425 3132 3178 3178 3149 425 
						3180 3179 2429 2429 2430 3180 2503 795 911 911 2428 2503 2646 2647 2394 2394 830 2646 2647 3181 2391 2391 2394 2647 1405 1402 1340 1340 1333 1405 1358 1351 1402 1402 1405 1358 1357 1352 1351 1351 1358 1357 1333 1340 1339 1339 1334 1333 1121 1120 1244 1244 1245 1121 834 839 2536 2536 929 834 1301 1300 1133 1133 1136 1301 929 2536 2528 2528 893 929 911 795 794 794 912 911 893 2528 2527 2527 829 893 833 840 839 839 834 833 829 2527 2646 2646 830 829 2075 2074 2513 2513 2516 2075 2073 906 907 907 2512 2073 772 2385 2502 2502 926 772 2385 2384 2499 2499 2502 2385 1399 1404 1336 1336 1341 1399 1346 1355 1404 1404 1399 1346 1345 1356 1355 1355 1346 1345 1341 1336 1335 1335 1342 1341 1219 1218 1298 1298 1299 1219 805 768 773 773 925 805 1232 1231 1101 1101 1104 1232 925 773 772 772 926 925 907 906 905 905 908 907 831 846 813 813 827 831 827 813 769 769 804 827 804 769 768 768 805 804 
						3183 3182 2224 2224 3130 3183 3185 3184 2221 2221 2224 3185 2342 2341 2217 2217 2220 2342 2341 3186 256 2341 256 255 255 2217 2341 1174 1173 255 255 258 1174 2517 3187 2431 2517 2431 258 258 257 2517 3183 3130 3188 3189 3153 309 309 312 3189 311 2214 2145 2145 312 311 3190 2207 57 57 2144 3190 2207 164 53 53 57 2207 2042 54 53 53 166 2042 165 2510 2039 2039 166 165 3171 3170 3101 3101 3104 3171 2103 2100 2203 2203 2205 2103 2100 105 273 273 2203 2100 3191 2335 2107 2107 2109 3191 2335 161 247 247 2107 2335 1801 1800 1843 1843 1846 1801 1797 1796 1841 1841 1842 1797 1793 611 617 617 1840 1793 460 3192 1809 1809 461 460 1838 1837 1805 1805 1808 1838 1836 1734 600 600 1804 1836 723 572 571 571 3193 723 3195 634 633 633 3194 3195 1736 1733 1732 1732 601 1736 610 1764 622 622 618 610 1764 1763 1775 1775 622 1764 1760 557 634 634 3195 1760 1551 1549 1585 1585 1587 1551 1549 1547 1583 
						1583 1585 1549 1547 439 438 438 1583 1547 3197 3196 1556 1556 1558 3197 3196 3198 1554 1554 1556 3196 3198 459 458 458 1554 3198 3199 552 551 551 561 3199 660 658 3200 3200 3201 660 3205 3202 3203 3203 3204 3205 1737 3206 653 653 722 1737 617 611 610 610 618 617 1734 724 723 1734 723 3193 3193 1735 1734 557 556 585 585 634 557 543 542 604 604 607 543 396 395 458 458 461 396 3207 1581 438 438 441 3207 273 105 104 104 274 273 247 161 160 160 248 247 2900 2888 109 109 2111 2900 2890 3208 106 2890 106 109 109 2888 2890 3209 2901 2900 3209 2900 2111 2111 2650 3209 3211 3210 116 116 119 3211 3210 3212 2338 2338 116 3210 3213 3211 119 119 2390 3213 3217 3214 3215 3215 3216 3217 3221 3218 3219 3219 3220 3221 3225 3222 3223 3223 3224 3225 3229 3226 3227 3227 3228 3229 3233 3230 3231 3231 3232 3233 3237 3234 3235 3235 3236 3237 3241 3238 3239 3239 3240 3241 3243 3241 3240 3240 3242 3243 
						3245 3243 3242 3242 3244 3245 3247 3245 3244 3244 3246 3247 3251 3248 3249 3249 3250 3251 3253 3235 3234 3234 3252 3253 3255 3253 3252 3252 3254 3255 3257 3255 3254 3254 3256 3257 3261 3258 3259 3259 3260 3261 3263 3261 3260 3260 3262 3263 3265 3263 3262 3262 3264 3265 3266 3265 3264 3264 3220 3266 3269 3267 3268 3268 3246 3269 3220 3264 3270 3270 3221 3220 3264 3262 3271 3271 3270 3264 3262 3260 3272 3272 3271 3262 3260 3259 3273 3273 3272 3260 3275 3274 3230 3230 3233 3275 3247 3276 3218 3218 3221 3247 3278 3277 3265 3265 3266 3278 3277 3279 3263 3263 3265 3277 3279 3280 3261 3261 3263 3279 3280 3281 3258 3258 3261 3280 3232 3231 3282 3282 3283 3232 3220 3219 3284 3284 3266 3220 3288 3285 3286 3286 3287 3288 3292 3289 3290 3290 3291 3292 3269 3288 3287 3287 3291 3269 3296 3293 3294 3294 3295 3296 3285 3296 3295 3295 3286 3285 3300 3297 3298 3298 3299 3300 3304 3301 3302 3302 3303 3304 3310 3258 3281 3310 3281 3305 3310 3305 3306 3310 3306 3307 
						3310 3307 3308 3308 3309 3310 3214 3311 3312 3312 3215 3214 3311 3313 3314 3314 3312 3311 3140 3315 3169 3140 3169 3172 3172 3137 3140 3319 3316 3317 3317 3318 3319 3313 3320 3321 3321 3314 3313 3228 3257 3256 3256 3229 3228 3266 3284 3322 3266 3322 3323 3266 3323 3324 3266 3324 3325 3266 3325 3326 3326 3278 3266 3316 3327 3328 3328 3317 3316 3332 3329 3330 3330 3331 3332 3336 3333 3334 3334 3335 3336 3286 3295 3337 3337 3338 3286 3295 3294 3339 3339 3337 3295 3291 3287 3340 3340 3292 3291 3287 3286 3338 3338 3340 3287 3342 3336 3335 3335 3341 3342 3139 3138 3343 3343 3344 3139 3344 3343 3345 3345 3346 3344 3346 3345 3 3 2 3346 3158 3157 3347 3347 3348 3158 3348 3347 3349 3349 3350 3348 3350 3349 3351 3351 3352 3350 3352 3351 3111 3111 3110 3352 3354 3227 3226 3226 3353 3354 3356 3354 3353 3353 3355 3356 3360 3357 3358 3358 3359 3360 3216 3360 3359 3359 3217 3216 3364 3361 3362 3362 3363 3364 3366 3364 3363 3363 3365 3366 3370 3367 3368 
						3368 3369 3370 3236 3370 3369 3369 3237 3236 3327 3362 3361 3361 3328 3327 2275 2274 2267 2267 2270 2275 2271 419 24 24 2266 2271 3372 3371 2131 2131 190 3372 2227 2226 1170 1170 2130 2227 396 1810 1824 1824 397 396 1807 1806 1820 1820 1823 1807 1803 603 592 592 1819 1803 1834 1833 1799 1799 1802 1834 1830 1829 1795 1795 1798 1830 1826 583 608 608 1794 1826 582 1752 1765 1765 609 582 1752 1751 1762 1762 1765 1752 1748 598 558 558 1761 1748 602 1768 1747 1747 593 602 1768 1767 1744 1744 1747 1768 1766 542 541 541 1743 1766 1557 1555 1568 1568 1570 1557 1555 1553 1566 1566 1568 1555 1553 395 394 394 1566 1553 1576 1574 1550 1550 1552 1576 1574 1572 1548 1548 1550 1574 1572 409 408 408 1548 1572 175 3373 3374 3374 240 175 1170 2226 2225 2225 76 1170 77 2234 276 276 226 77 543 680 650 650 544 543 680 678 648 648 650 680 678 677 646 646 648 678 677 556 555 555 646 677 608 583 582 
						582 609 608 592 603 602 602 593 592 598 597 555 555 558 598 651 673 541 541 544 651 440 439 408 408 411 440 384 383 394 394 397 384 240 3374 123 123 158 240 226 276 275 275 227 226 25 418 3373 3373 175 25 158 123 122 122 159 158 76 2225 2234 2234 77 76 24 419 418 418 25 24 3333 3251 3250 3250 3334 3333 3303 3302 3329 3329 3332 3303 3242 3240 3296 3296 3285 3242 3240 3239 3293 3293 3296 3240 3246 3244 3288 3288 3269 3246 3244 3242 3285 3285 3288 3244 3291 3290 3267 3267 3269 3291 3299 3298 3222 3222 3225 3299 3145 3144 3154 3154 3155 3145 3129 2223 2167 2167 3118 3129 3116 239 238 238 2215 3116 3163 3162 3112 3112 3115 3163 1043 2569 2561 2561 838 1043 2566 2565 2557 2557 2560 2566 1148 3375 2509 2509 1149 1148 2437 2436 2505 2505 2508 2437 2433 1078 792 792 2504 2433 1174 2432 2464 2464 1175 1174 3377 3376 2460 2460 2463 3377 2511 910 1137 1137 2459 2511 807 2523 2416 
						2416 1022 807 3379 3378 2412 2412 2415 3379 238 2157 2213 2213 2215 238 2154 2153 2209 2209 2212 2154 3380 1147 1146 1146 2208 3380 2223 2222 2164 2164 2167 2223 3382 3381 2160 2160 2163 3382 2218 1173 1172 1172 2159 2218 1409 1400 1344 1344 1326 1409 1401 1408 1325 1325 1337 1401 1368 1347 1400 1400 1409 1368 1350 1373 1408 1408 1401 1350 1367 1348 1347 1347 1368 1367 1349 1374 1373 1373 1350 1349 1337 1325 1324 1324 1338 1337 1326 1344 1343 1343 1327 1326 1103 1102 1283 1283 1286 1103 1187 1186 1217 1217 1220 1187 232 231 1172 1172 1175 232 165 164 1146 1146 1149 165 1137 910 909 909 1138 1137 823 822 1119 1119 1122 823 1135 1134 1081 1081 1084 1135 857 828 807 807 1022 857 856 832 828 828 857 856 837 1044 1043 1043 838 837 792 1078 1077 1077 793 792 43 42 2262 2262 71 43 2562 43 71 71 75 2562 42 2278 2258 2258 2262 42 2846 2837 193 193 2134 2846 3378 2847 2846 3378 2846 2134 2134 2412 3378 
						2839 3372 190 2839 190 193 193 2837 2839 3386 3383 3384 3384 3385 3386 3388 3387 1189 1189 1190 3388 3392 3389 3390 3390 3391 3392 3394 3393 3383 3383 3386 3394 3398 3395 3396 3396 3397 3398 3400 3399 3389 3389 3392 3400 3404 3401 3402 3402 3403 3404 3406 3405 3395 3395 3398 3406 3410 3407 3408 3408 3409 3410 3412 3410 3409 3409 3411 3412 3414 3412 3411 3411 3413 3414 3416 3414 3413 3413 3415 3416 3418 3417 3407 3407 3410 3418 3419 3418 3410 3410 3412 3419 3420 3419 3412 3412 3414 3420 3421 3420 3414 3414 3416 3421 1263 1262 3422 3422 3423 1263 1275 3424 3425 3425 1276 1275 3429 3426 3427 3427 3428 3429 3431 3430 1193 1193 1196 3431 3435 3432 3433 3433 3434 3435 3437 3435 3434 3434 3436 3437 3439 3437 3436 3436 3438 3439 3441 3439 3438 3438 3440 3441 3444 3442 3433 3433 3443 3444 3448 3445 3446 3446 3447 3448 3450 3449 3445 3445 3448 3450 3454 3451 3452 3452 3453 3454 3458 3455 3456 3456 3457 3458 3464 3459 3460 3464 3460 3461 3464 3461 3462 
						3462 3463 3464 3440 3465 3466 3466 3441 3440 3416 3467 3468 3468 3421 3416 3440 3438 3469 3469 3470 3440 3438 3436 3471 3471 3469 3438 3436 3434 3472 3472 3471 3436 3434 3433 3442 3442 3472 3434 3474 3473 3399 3399 3400 3474 3476 3475 3393 3393 3394 3476 3415 3477 3467 3467 3416 3415 3470 3478 3465 3465 3440 3470 3480 3479 3420 3420 3421 3480 3479 3481 3419 3419 3420 3479 3481 3482 3418 3418 3419 3481 3482 3483 3417 3417 3418 3482 3403 3402 3484 3484 3485 3403 3489 3486 3487 3487 3488 3489 3493 3490 3491 3491 3492 3493 3497 3494 3495 3495 3496 3497 3501 3498 3499 3499 3500 3501 3503 3502 3401 3401 3404 3503 3423 3422 3426 3426 3429 3423 3507 3504 3505 3505 3506 3507 3447 3446 3508 3508 3509 3447 3511 3510 3483 3483 3482 3511 3512 3511 3482 3482 3481 3512 3513 3512 3481 3481 3479 3513 3514 3513 3479 3479 3480 3514 3397 3396 3515 3515 3516 3397 3514 3517 3478 3478 3470 3514 3518 3510 3442 3442 3444 3518 3470 3469 3513 3513 3514 3470 3469 3471 3512 
						3512 3513 3469 3471 3472 3511 3511 3512 3471 3472 3442 3510 3510 3511 3472 3485 3484 3473 3473 3474 3485 3480 3519 3517 3517 3514 3480 3520 3483 3510 3510 3518 3520 3521 3417 3483 3483 3520 3521 3443 3433 3432 3432 3522 3443 3523 3407 3417 3417 3521 3523 3516 3515 3475 3475 3476 3516 3421 3468 3519 3519 3480 3421 3525 3524 3486 3486 3489 3525 3528 3526 3464 3464 3527 3528 3532 3529 3530 3530 3531 3532 3534 3092 3091 3091 3533 3534 3536 1190 1165 1165 3535 3536 3538 3537 3494 3494 3497 3538 3540 3539 3524 3524 3525 3540 3541 3408 3407 3407 3523 3541 3543 3542 3498 3498 3501 3543 3346 2 3544 3346 3544 3545 3346 3545 3140 3346 3140 3139 3139 3344 3346 3352 3110 3546 3352 3546 3547 3352 3547 3158 3352 3158 3348 3348 3350 3352 3549 186 189 189 3548 3549 3551 3549 3548 3548 3550 3551 3553 3551 3550 3550 3552 3553 3555 3065 3066 3066 3554 3555 3557 3555 3554 3554 3556 3557 3078 3557 3556 3556 3079 3078 3559 745 744 744 3558 3559 3563 3560 3561 
						3561 3562 3563 3067 3564 3565 3565 3068 3067 3567 3056 3055 3055 3566 3567 3571 3568 3569 3569 3570 3571 3071 3572 3573 3573 3072 3071 3574 3315 3140 3140 3545 3574 3575 3574 3545 3545 3544 3575 1 3575 3544 3544 2 1 3576 3156 3158 3158 3547 3576 3577 3576 3547 3547 3546 3577 3109 3577 3546 3546 3110 3109 3581 3578 3579 3579 3580 3581 3488 3487 3578 3578 3581 3488 3500 3499 3539 3539 3540 3500 3583 3582 3542 3542 3543 3583 3585 3088 3087 3087 3584 3585 3587 3586 3449 3449 3450 3587 3589 3467 3477 3477 3588 3589 3593 3590 3591 3591 3592 3593 3398 3593 3592 3592 3406 3398 3595 3401 3502 3502 3594 3595 3597 3595 3594 3594 3596 3597 3523 3598 3599 3599 3541 3523 3601 3466 3465 3465 3600 3601 3605 3602 3603 3603 3604 3605 3385 3605 3604 3604 3386 3385 3607 3390 3389 3389 3606 3607 3609 3607 3606 3606 3608 3609 3522 3610 3611 3611 3443 3522 3612 3468 3467 3467 3589 3612 3614 3613 3590 3590 3593 3614 3397 3614 3593 3593 3398 3397 3615 3402 3401 
						3401 3595 3615 3616 3615 3595 3595 3597 3616 3521 3617 3598 3598 3523 3521 3600 3465 3478 3478 3618 3600 3604 3603 3619 3619 3620 3604 3386 3604 3620 3620 3394 3386 3606 3389 3399 3399 3621 3606 3608 3606 3621 3621 3622 3608 3443 3611 3623 3623 3444 3443 3624 3519 3468 3468 3612 3624 3626 3625 3613 3613 3614 3626 3516 3626 3614 3614 3397 3516 3627 3484 3402 3402 3615 3627 3628 3627 3615 3615 3616 3628 3520 3629 3617 3617 3521 3520 3630 3517 3519 3519 3624 3630 3632 3631 3625 3625 3626 3632 3476 3632 3626 3626 3516 3476 3633 3473 3484 3484 3627 3633 3634 3633 3627 3627 3628 3634 3518 3635 3629 3629 3520 3518 3618 3478 3517 3517 3630 3618 3620 3619 3631 3631 3632 3620 3394 3620 3632 3632 3476 3394 3621 3399 3473 3473 3633 3621 3622 3621 3633 3633 3634 3622 3444 3623 3635 3635 3518 3444 1266 1265 3553 3553 3552 1266 3637 3084 3083 3083 3636 3637 3506 3638 3639 3639 3507 3506 3641 1276 3425 3425 3640 3641 1263 3642 3643 3643 1195 1263 3644 1155 1276 
						1276 3641 3644 3423 3645 3642 3642 1263 3423 3646 1156 1155 1155 3644 3646 3429 3647 3645 3645 3423 3429 3648 3061 1156 1156 3646 3648 3428 3649 3647 3647 3429 3428 3640 3425 3650 3650 3651 3640 1195 3643 3652 3652 1196 1195 3654 3653 3061 3061 3648 3654 3084 3637 3649 3649 3428 3084 3655 3431 1196 1196 3652 3655 3659 3656 3657 3657 3658 3659 3428 3427 3081 3081 3084 3428 3496 3495 3088 3088 3585 3496 3457 3456 3490 3490 3493 3457 3661 3659 3658 3658 3660 3661 3492 3491 3586 3586 3587 3492 3061 3653 3662 3662 3062 3061 3531 3530 3582 3582 3583 3531 3650 3425 3424 3424 3663 3650 3664 3388 1190 1190 3536 3664 3320 3331 3330 3330 3321 3320 3246 3268 3276 3276 3247 3246 3224 3223 3274 3274 3275 3224 3248 3319 3318 3318 3249 3248 3221 3270 3245 3245 3247 3221 3270 3271 3243 3243 3245 3270 3271 3272 3241 3241 3243 3271 3272 3273 3238 3238 3241 3272 3114 3113 3165 3165 3168 3114 3176 3175 3143 3143 3146 3176 232 2465 2774 2774 233 232 2462 2461 2772 
						2772 2773 2462 2458 1140 1130 1130 2771 2458 2166 2165 2750 2750 268 2166 2162 2161 2748 2748 2749 2162 2158 231 230 230 2747 2158 2766 2765 2439 2439 2442 2766 2762 2761 2435 2435 2438 2762 2759 1216 1075 1075 2434 2759 280 2742 2156 2156 237 280 2740 2739 2152 2152 2155 2740 2736 2735 2148 2148 2151 2736 267 3117 2166 2166 268 267 236 281 280 280 237 236 47 46 230 230 233 47 1148 1147 49 49 52 1148 416 3665 3666 3666 417 416 3667 3665 416 416 2272 3667 3669 3668 2273 2273 2276 3669 3671 3670 2277 2277 41 3671 3672 3671 41 41 44 3672 3673 3672 44 44 2563 3673 3675 3674 2564 2564 2567 3675 3677 3676 2568 2568 1042 3677 1041 2933 850 1041 850 849 1041 849 3677 3677 1042 1041 2995 2994 821 821 824 2995 1322 3678 3679 1322 3679 3680 1322 3680 3681 1322 3681 3682 3682 1323 1322 1407 3683 3678 3678 1322 1407 1372 3684 3683 3683 1407 1372 1371 3685 3686 1371 3686 3687 1371 3687 3688 1371 3688 3684 
						3684 1372 1371 1083 1082 1294 1294 1297 1083 1075 1216 1215 1075 1215 2930 2930 1076 1075 3694 3689 3690 3694 3690 3691 3694 3691 3692 3692 3693 3694 2129 1171 3695 3695 3696 2129 191 2132 3697 3697 3698 191 192 191 3698 3698 3699 192 2133 192 3699 3699 3700 2133 2413 2133 3700 3700 3701 2413 2414 2413 3701 3701 3702 2414 1023 2417 3703 3703 3704 1023 1032 858 1023 1023 3704 1032 1031 859 858 858 1032 1031 1285 1284 852 852 855 1285 1388 1329 1328 1328 1389 1388 1396 1410 1329 1329 1388 1396 1395 1369 1410 1410 1396 1395 1420 1370 1369 1369 1395 1420 3013 3012 1185 1185 1188 3013 1130 1140 1139 1139 1131 1130 3526 3705 3459 3459 3464 3526 3709 3706 3707 3707 3708 3709 3713 3710 3711 3711 3712 3713 3717 3714 3715 3715 3716 3717 3721 3718 3719 3719 3720 3721 3723 3717 3716 3716 3722 3723 3727 3724 3725 3725 3726 3727 3729 3727 3726 3726 3728 3729 3733 3730 3731 3731 3732 3733 3712 3711 3734 3734 3735 3712 3708 3707 3736 3736 3737 3708 
						3744 3738 3739 3744 3739 3740 3744 3740 3741 3744 3741 3742 3742 3743 3744 3751 3745 3746 3751 3746 3747 3751 3747 3748 3751 3748 3749 3749 3750 3751 3754 3738 3736 3736 3752 3753 3736 3753 3754 3751 3755 3756 3751 3756 3757 3757 3735 3751 3761 3758 3759 3759 3760 3761 3763 3761 3760 3760 3762 3763 3765 3763 3762 3762 3764 3765 3732 3765 3764 3764 3733 3732 3735 3757 3766 3735 3766 3767 3767 3712 3735 3752 3736 3707 3707 3768 3769 3707 3769 3752 3771 3729 3728 3728 3770 3771 3750 3772 3755 3755 3751 3750 3772 3773 3774 3772 3774 3775 3775 3755 3772 3773 3776 3754 3773 3754 3777 3777 3774 3773 3776 3739 3738 3738 3754 3776 3718 3723 3722 3722 3719 3718 3735 3734 3745 3745 3751 3735 3779 3759 3758 3758 3778 3779 3737 3736 3738 3738 3744 3737 3781 3731 3730 3730 3780 3781 3785 3782 3783 3783 3784 3785 3720 3785 3784 3784 3721 3720 3787 3725 3724 3724 3786 3787 3789 3787 3786 3786 3788 3789 3778 3790 3791 3791 3779 3778 3795 3792 3793 3793 3794 3795 
						3798 3706 3796 3796 3797 3798 3713 3799 3800 3800 3801 3713 3804 3798 3797 3804 3797 3802 3802 3803 3804 3805 3803 3802 3805 3802 3800 3800 3799 3805 3712 3767 3806 3712 3806 3799 3799 3713 3712 3768 3707 3706 3706 3798 3807 3706 3807 3768 3792 3771 3770 3770 3793 3792 3714 3808 3809 3809 3715 3714 3801 3810 3710 3710 3713 3801 3811 3796 3706 3706 3709 3811 3091 3090 3705 3705 3526 3091 849 2782 3676 3676 3677 849 2780 2779 3674 3674 3675 2780 69 68 3672 3672 3673 69 68 2688 3671 3671 3672 68 2688 2826 3670 3670 3671 2688 2754 2753 3668 3668 3669 2754 2751 1051 3665 3665 3667 2751 3665 1051 1050 1050 3666 3665 3812 3691 3388 3388 3664 3812 3533 3091 3526 3526 3528 3533 3691 3690 3387 3387 3388 3691 3704 3703 2770 2770 826 3704 3702 3701 2768 2768 2769 3702 3701 3700 163 163 2768 3701 3699 3698 2746 2746 162 3699 3698 3697 2745 2745 2746 3698 3696 3695 2743 2743 2744 3696 825 1032 3704 3704 826 825 3700 3699 162 162 163 3700 
						3816 3813 3814 3814 3815 3816 3820 3817 3818 3818 3819 3820 3819 3818 3821 3821 3822 3819 3826 3823 3824 3824 3825 3826 3830 3827 3828 3828 3829 3830 3829 3828 3831 3831 3832 3829 3836 3833 3834 3834 3835 3836 3840 3837 3838 3838 3839 3840 3844 3841 3842 3842 3843 3844 3848 3845 3846 3846 3847 3848 3850 3849 3827 3827 3830 3850 3852 3851 3845 3845 3848 3852 3856 3853 3854 3854 3855 3856 3832 3831 3823 3823 3826 3832 3855 3854 3833 3833 3836 3855 3839 3838 3857 3857 3858 3839 3860 3859 3817 3817 3820 3860 3843 3842 3861 3861 3862 3843 3822 3821 3863 3863 3864 3822 3858 3857 3841 3841 3844 3858 3868 3865 3866 3866 3867 3868 3870 3868 3867 3867 3869 3870 3835 3871 3872 3872 3836 3835 3874 3858 3844 3844 3873 3874 3878 3875 3876 3876 3877 3878 3880 3878 3877 3877 3879 3880 3884 3881 3882 3882 3883 3884 3888 3885 3886 3886 3887 3888 3855 3889 3890 3890 3856 3855 3892 3843 3862 3862 3891 3892 3896 3893 3894 3894 3895 3896 3900 3897 3898 3898 3899 3900 
						3902 3901 3899 3899 3898 3902 3903 3902 3895 3895 3894 3903 3820 3904 3905 3905 3860 3820 3909 3906 3907 3907 3908 3909 3911 3909 3908 3908 3910 3911 3822 3912 3913 3913 3819 3822 3915 3840 3839 3839 3914 3915 3919 3916 3917 3917 3918 3919 3921 3919 3918 3918 3920 3921 3923 3848 3847 3847 3922 3923 3927 3924 3925 3925 3926 3927 3930 3927 3928 3928 3929 3930 3932 3832 3826 3826 3931 3932 3934 3932 3931 3931 3933 3934 3938 3935 3936 3936 3937 3938 3940 3830 3829 3829 3939 3940 3943 3940 3941 3941 3942 3943 3947 3944 3945 3945 3946 3947 3949 3948 3865 3865 3868 3949 3950 3949 3868 3868 3870 3950 3852 3951 3871 3871 3835 3852 3914 3839 3858 3858 3874 3914 3918 3917 3875 3875 3878 3918 3920 3918 3878 3878 3880 3920 3867 3866 3881 3881 3884 3867 3872 3952 3953 3953 3889 3872 3836 3872 3889 3889 3855 3836 3873 3844 3843 3843 3892 3873 3877 3876 3893 3893 3896 3877 3879 3877 3897 3897 3900 3879 3908 3907 3901 3901 3902 3908 3910 3908 3902 3902 3903 3910 
						3819 3913 3904 3904 3820 3819 3883 3882 3906 3906 3909 3883 3887 3886 3909 3909 3911 3887 3864 3954 3912 3912 3822 3864 3931 3826 3825 3825 3955 3931 3933 3931 3955 3955 3956 3933 3937 3936 3919 3919 3921 3937 3951 3852 3848 3848 3923 3951 3949 3950 3924 3924 3927 3949 3948 3949 3927 3927 3930 3948 3939 3829 3832 3832 3932 3939 3942 3941 3932 3932 3934 3942 3946 3945 3935 3935 3938 3946 3957 3850 3830 3830 3940 3957 3958 3957 3940 3940 3943 3958 3929 3928 3944 3944 3947 3929 3835 3834 3851 3851 3852 3835 3960 3959 3813 3813 3816 3960 3964 3961 3962 3962 3963 3964 3963 3962 3965 3965 3966 3963 3970 3967 3968 3968 3969 3970 3974 3971 3972 3972 3973 3974 3973 3972 3975 3975 3976 3973 3980 3977 3978 3978 3979 3980 3969 3968 3981 3981 3982 3969 3986 3983 3984 3984 3985 3986 3990 3987 3988 3988 3989 3990 3989 3988 3971 3971 3974 3989 3994 3991 3992 3992 3993 3994 3998 3995 3996 3996 3997 3998 3976 3975 3999 3999 4000 3976 3997 3996 3977 3977 3980 3997 
						3982 3981 4001 4001 4002 3982 4004 4003 3961 3961 3964 4004 3985 3984 4005 4005 4006 3985 3966 3965 4007 4007 4008 3966 4002 4001 3983 3983 3986 4002 4012 4009 4010 4010 4011 4012 4016 4013 4014 4014 4015 4016 3979 4017 4015 4015 3980 3979 4019 4002 3986 3986 4018 4019 4023 4020 4021 4021 4022 4023 4027 4024 4025 4025 4026 4027 4031 4028 4029 4029 4030 4031 4035 4032 4033 4033 4034 4035 3997 4036 4037 4037 3998 3997 4040 4038 4004 4004 4039 4040 4042 4040 4039 4039 4041 4042 4046 4043 4044 4044 4045 4046 4048 4047 4045 4045 4044 4048 4049 4048 4041 4041 4039 4049 3964 4049 4039 4039 4004 3964 4053 4050 4051 4051 4052 4053 4055 4053 4052 4052 4054 4055 3966 4055 4056 4056 3963 3966 4058 3969 3982 3982 4057 4058 4062 4059 4060 4060 4061 4062 4064 4062 4061 4061 4063 4064 4068 4065 4066 4066 4067 4068 4070 4068 4067 4067 4069 4070 4073 4070 4071 4071 4072 4073 4077 4074 4075 4075 4076 4077 4079 4077 4076 4076 4078 4079 4082 4079 4080 4080 4081 4082 
						4086 4083 4084 4084 4085 4086 4089 4086 4087 4087 4088 4089 4091 4089 4088 4088 4090 4091 4095 4092 4093 4093 4094 4095 4097 4096 4013 4013 4016 4097 3994 4098 4017 4017 3979 3994 4057 3982 4002 4002 4019 4057 4100 4099 4020 4020 4023 4100 4063 4061 4101 4101 4102 4063 4011 4010 4028 4028 4031 4011 4015 4014 4103 4103 4036 4015 3980 4015 4036 4036 3997 3980 4018 3986 3985 3985 4104 4018 4106 4105 4040 4040 4042 4106 4026 4025 4043 4043 4046 4026 4052 4051 4047 4047 4048 4052 4054 4052 4048 4048 4049 4054 3963 4056 4049 4049 3964 3963 4030 4029 4050 4050 4053 4030 4034 4033 4053 4053 4055 4034 4008 4034 4055 4055 3966 4008 4107 3970 3969 3969 4058 4107 4078 4076 4059 4059 4062 4078 4081 4080 4062 4062 4064 4081 4098 3994 3993 3993 4108 4098 4095 4109 4068 4068 4070 4095 4092 4095 4070 4070 4073 4092 4085 4084 4074 4074 4077 4085 4088 4087 4077 4077 4079 4088 4090 4088 4079 4079 4082 4090 4067 4066 4083 4083 4086 4067 4069 4067 4086 4086 4089 4069 
						4072 4071 4089 4089 4091 4072 3979 3978 3991 3991 3994 3979 4129 4110 4111 4129 4111 4112 4129 4112 4113 4129 4113 4114 4129 4114 4115 4129 4115 4116 4129 4116 4117 4129 4117 4118 4129 4118 4119 4129 4119 4120 4129 4120 4121 4129 4121 4122 4129 4122 4123 4129 4123 4124 4129 4124 4125 4129 4125 4126 4129 4126 4127 4127 4128 4129 3865 4130 4131 4131 3866 3865 3879 4132 4133 4133 3880 3879 3881 4134 4135 4135 3882 3881 3899 4136 4137 4137 3900 3899 3901 4138 4136 4136 3899 3901 3906 4139 4140 4140 3907 3906 3920 4141 4142 4142 3921 3920 3929 4143 4144 4144 3930 3929 3937 4145 4146 4146 3938 3937 3946 4147 4148 4148 3947 3946 3948 4149 4130 4130 3865 3948 3880 4133 4141 4141 3920 3880 3866 4131 4134 4134 3881 3866 3900 4137 4132 4132 3879 3900 3907 4140 4138 4138 3901 3907 3882 4135 4139 4139 3906 3882 3921 4142 4145 4145 3937 3921 3930 4144 4149 4149 3948 3930 3938 4146 4147 4147 3946 3938 3947 4148 4143 4143 3929 3947 4009 4150 4151 4151 4010 4009 
						4026 4152 4153 4153 4027 4026 4028 4154 4155 4155 4029 4028 4045 4156 4157 4157 4046 4045 4047 4158 4156 4156 4045 4047 4050 4159 4160 4160 4051 4050 4164 4161 4162 4162 4163 4164 4168 4165 4166 4166 4167 4168 4172 4169 4170 4170 4171 4172 4176 4173 4174 4174 4175 4176 4178 4177 4150 4150 4009 4178 4027 4153 4161 4161 4164 4027 4010 4151 4154 4154 4028 4010 4046 4157 4152 4152 4026 4046 4051 4160 4158 4158 4047 4051 4029 4155 4159 4159 4050 4029 4163 4162 4169 4169 4172 4163 4167 4166 4177 4177 4178 4167 4171 4170 4173 4173 4176 4171 4175 4174 4165 4165 4168 4175 4182 4179 4180 4180 4181 4182 4181 4180 4183 4183 4184 4181 4184 4183 4185 4185 4186 4184 4186 4185 4187 4187 4188 4186 4192 4189 4190 4190 4191 4192 4191 4190 4193 4193 4194 4191 4194 4193 4195 4195 4196 4194 4196 4195 4197 4197 4198 4196 4198 4197 4199 4199 4200 4198 4204 4201 4202 4202 4203 4204 4203 4202 4205 4205 4206 4203 4206 4205 4207 4207 4208 4206 4208 4207 4209 4209 4210 4208 
						4210 4209 4211 4211 4212 4210 4216 4213 4214 4214 4215 4216 4215 4214 4217 4217 4218 4215 4218 4217 4219 4219 4220 4218 4220 4219 3959 3959 3960 4220 385 4221 1853 1853 1855 385 4223 4222 1849 1849 1852 4223 4225 4224 545 545 1848 4225 4229 4226 4227 4227 4228 4229 4233 4230 4231 4231 4232 4233 1949 568 4234 4234 4235 1949 567 1935 4236 4236 4237 567 4240 1938 4238 4238 4239 4240 1938 1939 4241 4241 4238 1938 4243 4242 1723 1723 546 4243 4242 4244 4245 4245 1723 4242 4246 672 1717 1717 1720 4246 4248 4247 1592 1592 1594 4248 4247 4249 1590 1590 1592 4247 4249 382 1588 1588 1590 4249 1622 1623 4250 4250 4251 1622 1623 1624 4252 4252 4250 1623 1624 390 462 462 4252 1624 4253 596 701 701 662 4253 668 1718 1717 1717 669 668 674 4254 667 667 669 674 4258 4255 4256 4256 4257 4258 4262 4259 4260 4260 4261 4262 1939 702 701 701 4241 1939 4234 568 567 567 4237 4234 545 4224 4243 4243 546 545 4263 1571 462 462 463 4263 
						453 452 1588 1588 1855 453 140 4264 306 306 308 140 4264 4265 304 304 306 4264 4265 4266 302 302 304 4265 4266 171 299 299 302 4266 4268 300 299 299 4267 4268 307 4269 4270 4270 308 307 135 4271 4272 4272 136 135 4274 150 149 149 4273 4274 4271 229 228 228 4272 4271 4275 172 171 171 4266 4275 4276 4275 4266 4266 4265 4276 4277 4276 4265 4265 4264 4277 139 4277 4264 4264 140 139 410 409 1571 1571 4263 410 4224 595 594 594 4243 4224 647 645 4253 4253 4278 647 649 647 4278 4278 4254 649 651 649 4254 4254 674 651 645 597 596 596 4253 645 1565 383 382 382 4249 1565 1567 1565 4249 4249 4247 1567 1569 1567 4247 4247 4248 1569 1742 673 672 672 4246 1742 1746 1745 4244 4244 4242 1746 594 1746 4242 4242 4243 594 1818 595 4224 4224 4225 1818 1822 1821 4222 4222 4223 1822 384 1825 4221 4221 385 384 4228 4227 1832 1832 1835 4228 4232 4231 1828 1828 1831 4232 4235 4234 580 580 1827 4235 
						4237 4236 1753 1753 581 4237 4236 4279 1750 1750 1753 4236 4238 4241 599 599 1749 4238 4251 4250 1575 1575 1577 4251 4250 4252 1573 1573 1575 4250 4252 462 1571 1571 1573 4252 669 1717 672 672 674 669 4241 701 596 596 599 4241 580 4234 4237 4237 581 580 1855 1588 382 382 385 1855 4267 299 171 171 174 4267 308 4270 137 137 140 308 120 4274 4273 4273 121 120 4283 4280 4281 4281 4282 4283 4280 4284 4285 4285 4281 4280 4287 4286 4259 4259 4262 4287 4289 4288 4255 4255 4258 4289 4293 4290 4291 4291 4292 4293 4297 4294 4295 4295 4296 4297 4301 4298 4299 4299 4300 4301 4305 4302 4303 4303 4304 4305 4307 4305 4304 4304 4306 4307 4311 4308 4309 4309 4310 4311 4313 4311 4310 4310 4312 4313 4315 4313 4312 4312 4314 4315 4319 4316 4317 4317 4318 4319 4322 4320 4318 4318 4321 4322 4325 4323 4321 4321 4324 4325 4298 4326 4327 4327 4299 4298 4330 4328 4300 4300 4329 4330 4333 4331 4329 4329 4332 4333 4345 4334 4335 4345 4335 4336 
						4345 4336 4337 4345 4337 4338 4345 4338 4339 4345 4339 4340 4345 4340 4341 4345 4341 4342 4345 4342 4343 4343 4344 4345 4347 4329 4300 4300 4346 4347 4351 4348 4349 4349 4350 4351 4353 4351 4350 4350 4352 4353 4354 4332 4329 4329 4347 4354 4356 4355 4348 4348 4351 4356 4357 4356 4351 4351 4353 4357 4359 4304 4303 4303 4358 4359 4361 4360 4355 4355 4356 4361 4362 4361 4356 4356 4357 4362 4363 4306 4304 4304 4359 4363 4365 4364 4360 4360 4361 4365 4366 4365 4361 4361 4362 4366 4368 4310 4309 4309 4367 4368 4370 4369 4364 4364 4365 4370 4371 4370 4365 4365 4366 4371 4372 4312 4310 4310 4368 4372 4374 4373 4369 4369 4370 4374 4375 4374 4370 4370 4371 4375 4376 4314 4312 4312 4372 4376 4378 4377 4373 4373 4374 4378 4379 4378 4374 4374 4375 4379 4381 4318 4317 4317 4380 4381 4385 4382 4383 4383 4384 4385 4387 4386 4378 4378 4379 4387 4388 4321 4318 4318 4381 4388 4390 4389 4382 4382 4385 4390 4392 4391 4386 4386 4387 4392 4393 4324 4321 4321 4388 4393 
						4395 4394 4389 4389 4390 4395 4397 4396 4391 4391 4392 4397 4399 4299 4327 4327 4398 4399 4402 4400 4401 4401 4396 4402 4403 4402 4396 4396 4397 4403 4346 4300 4299 4299 4399 4346 4350 4349 4400 4400 4402 4350 4352 4350 4402 4402 4403 4352 4357 4353 4352 4357 4352 4403 4357 4403 4397 4357 4397 4392 4357 4392 4387 4357 4387 4379 4357 4379 4375 4357 4375 4371 4357 4371 4366 4366 4362 4357 3193 4404 1735 4404 1736 1735 619 4405 620 4405 1774 620 4407 584 587 587 4406 4407 4409 4407 4406 4406 4408 4409 4413 4410 4411 4411 4412 4413 3204 3203 4414 4414 4415 3204 4419 4416 4417 4417 4418 4419 4412 4411 4420 4420 4421 4412 4423 643 606 606 4422 4423 4424 4423 4422 4422 3199 4424 4426 605 1729 1729 4425 4426 552 4426 4425 4425 553 552 4428 1730 1733 1733 4427 4428 570 4428 4427 4427 571 570 4427 1733 1736 1736 4404 4427 571 4427 4404 4404 3193 571 4432 4429 4430 4430 4431 4432 633 4432 4431 4431 3194 633 4435 4433 1772 1772 4434 4435 
						1776 4435 4434 4434 623 1776 4434 1772 1774 1774 4405 4434 623 4434 4405 4405 619 623 4422 606 605 605 4426 4422 3199 4422 4426 4426 552 3199 4407 4409 4429 4429 4432 4407 584 4407 4432 4432 633 584 654 653 3206 3206 4436 654 4440 4437 4438 4438 4439 4440 4444 4441 4442 4442 4443 4444 4446 4444 4443 4443 4445 4446 4448 4440 4439 4439 4447 4448 4450 4441 4444 4444 4449 4450 4452 4450 4449 4449 4451 4452 4449 4444 4446 4446 4453 4449 4451 4449 4453 4453 4454 4451 4418 4417 588 588 591 4418 637 636 4455 4455 4456 637 4456 4455 639 639 642 4456 4458 4457 4416 4416 4419 4458 4462 4459 4460 4460 4461 4462 4459 4463 4464 4464 4460 4459 4469 4465 4466 4466 4467 4468 4466 4468 4469 4473 4470 4471 4471 4472 4473 4467 4466 4474 4474 4475 4476 4474 4476 4467 4480 4477 4478 4478 4479 4480 4484 4481 4482 4482 4483 4484 4489 4485 4486 4489 4486 4487 4487 4488 4489 4492 4490 4491 4492 4491 4485 4485 4489 4492 4496 4493 4494 4494 4495 4496 
						4488 4487 4497 4497 4498 4488 4501 4499 4500 4501 4500 4497 4497 4487 4501 4503 4475 4502 4503 4502 4500 4500 4499 4503 4475 4474 4504 4504 4502 4475 4506 4459 4462 4462 4505 4506 4508 4506 4505 4505 4507 4508 4510 4508 4507 4507 4509 4510 4511 4463 4459 4459 4506 4511 4512 4511 4506 4506 4508 4512 4513 4512 4508 4508 4510 4513 4515 4514 689 689 692 4515 1916 1915 499 499 502 1916 4513 4510 4516 4513 4516 4517 4517 4490 4513 4518 4513 4490 4490 4492 4518 4509 4469 4519 4509 4519 4520 4509 4520 4516 4509 4516 4510 4509 4521 4465 4465 4469 4509 691 690 1921 1921 1924 691 523 1709 1727 1727 469 523 1706 1704 1725 1725 1726 1706 1704 539 627 627 1725 1704 1452 1449 1703 1703 630 1452 1449 1448 1700 1700 1703 1449 4523 4522 1697 1697 1699 4523 1715 1714 1680 1680 1681 1715 1711 1710 1678 1678 1679 1711 1710 485 525 525 1678 1710 1463 1466 1653 1653 1656 1463 1461 1458 1650 1650 1652 1461 1458 1457 529 529 1650 1458 1533 1531 1512 
						1512 1513 1533 1531 1529 1511 1511 1512 1531 1529 374 406 406 1511 1529 1625 1626 1496 1496 1498 1625 1626 1627 1494 1494 1496 1626 1627 372 414 414 1494 1627 530 1637 1636 1636 492 530 493 1632 1452 1452 630 493 539 538 624 624 627 539 4525 4524 612 612 615 4525 526 484 487 487 480 526 529 1457 1637 1637 530 529 525 485 484 484 526 525 4527 4526 503 503 506 4527 492 1636 1632 1632 493 492 480 487 524 524 468 480 468 524 523 523 469 468 380 379 414 414 415 380 1957 1486 406 406 407 1957 4529 4528 4470 4470 4473 4529 4533 4530 4531 4531 4532 4533 4537 4534 4535 4535 4536 4537 4541 4538 4539 4539 4540 4541 4543 4542 4528 4528 4529 4543 4545 4544 4481 4481 4484 4545 4472 4471 4534 4534 4537 4472 4549 4546 4547 4547 4548 4549 4551 4550 4546 4546 4549 4551 4479 4478 4552 4552 4553 4479 4540 4539 4530 4530 4533 4540 4532 4531 4493 4493 4496 4532 4555 4480 4479 4479 4554 4555 4557 4545 4484 
						4484 4556 4557 4559 4533 4532 4532 4558 4559 4561 4496 4495 4495 4560 4561 4563 4472 4537 4537 4562 4563 4565 4549 4548 4548 4564 4565 4554 4479 4553 4553 4566 4554 4568 4543 4529 4529 4567 4568 4569 4540 4533 4533 4559 4569 4558 4532 4496 4496 4561 4558 4556 4484 4483 4483 4570 4556 4562 4537 4536 4536 4571 4562 4567 4529 4473 4473 4572 4567 4572 4473 4472 4472 4563 4572 4573 4551 4549 4549 4565 4573 4574 4541 4540 4540 4569 4574 4576 4559 4558 4558 4575 4576 4578 4554 4566 4566 4577 4578 4580 4562 4571 4571 4579 4580 4581 4569 4559 4559 4576 4581 4575 4558 4561 4561 4582 4575 4584 4572 4563 4563 4583 4584 4585 4567 4572 4572 4584 4585 4587 4573 4565 4565 4586 4587 4588 4574 4569 4569 4581 4588 4590 4556 4570 4570 4589 4590 4591 4555 4554 4554 4578 4591 4592 4557 4556 4556 4590 4592 4593 4568 4567 4567 4585 4593 4582 4561 4560 4560 4594 4582 4583 4563 4562 4562 4580 4583 4586 4565 4564 4564 4595 4586 4597 4576 4575 4575 4596 4597 4599 4585 4584 
						4584 4598 4599 4601 4587 4586 4586 4600 4601 4604 4589 4602 4602 4603 4604 4605 4590 4589 4589 4604 4605 4607 4591 4578 4578 4606 4607 4608 4592 4590 4590 4605 4608 4610 4582 4594 4594 4609 4610 4612 4583 4580 4580 4611 4612 4614 4613 4592 4592 4608 4614 4600 4586 4595 4595 4615 4600 4616 4593 4585 4585 4599 4616 4598 4584 4583 4583 4612 4598 4606 4578 4577 4577 4617 4606 4618 4581 4576 4576 4597 4618 4596 4575 4582 4582 4610 4596 4620 4604 4603 4603 4619 4620 4622 4598 4612 4612 4621 4622 4624 4607 4606 4606 4623 4624 4626 4614 4608 4608 4625 4626 4625 4608 4605 4605 4627 4625 4629 4616 4599 4599 4628 4629 4631 4610 4609 4609 4630 4631 4621 4612 4611 4611 4632 4621 4634 4597 4596 4596 4633 4634 4636 4600 4615 4615 4635 4636 4623 4606 4617 4617 4637 4623 4638 4618 4597 4597 4634 4638 4633 4596 4610 4610 4631 4633 4627 4605 4604 4604 4620 4627 4628 4599 4598 4598 4622 4628 4639 4601 4600 4600 4636 4639 4643 4640 4641 4641 4642 4643 4647 4644 4645 
						4645 4646 4647 4651 4648 4649 4649 4650 4651 4646 4645 4652 4652 4653 4646 4655 4654 4640 4640 4643 4655 4659 4656 4657 4657 4658 4659 4663 4660 4661 4661 4662 4663 4665 4664 4656 4656 4659 4665 4669 4666 4667 4667 4668 4669 4671 4670 4666 4666 4669 4671 4642 4641 4672 4672 4673 4642 4677 4674 4675 4675 4676 4677 4673 4672 4678 4678 4679 4673 4683 4680 4681 4681 4682 4683 4682 4681 4684 4684 4685 4682 4689 4686 4687 4687 4688 4689 4691 4690 4648 4648 4651 4691 4695 4692 4693 4693 4694 4695 4697 4696 4644 4644 4647 4697 4701 4698 4699 4699 4700 4701 4703 4702 4696 4696 4697 4703 4707 4704 4705 4705 4706 4707 4653 4652 4698 4698 4701 4653 4706 4705 4692 4692 4695 4706 4700 4699 4690 4690 4691 4700 4711 4708 4709 4709 4710 4711 4676 4675 4660 4660 4663 4676 4650 4649 4712 4712 4713 4650 4717 4714 4715 4715 4716 4717 4719 4718 4674 4674 4677 4719 4694 4693 4714 4714 4717 4694 4685 4684 4686 4686 4689 4685 4723 4720 4721 4721 4722 4723 4727 4724 4725 
						4725 4726 4727 4731 4728 4729 4729 4730 4731 4730 4729 4732 4732 4733 4730 4737 4734 4735 4735 4736 4737 4739 4738 4728 4728 4731 4739 4743 4740 4741 4741 4742 4743 4747 4744 4745 4745 4746 4747 4749 4748 4738 4738 4739 4749 4751 4750 4708 4708 4711 4751 4755 4752 4753 4753 4754 4755 4736 4735 4720 4720 4723 4736 4757 4756 4734 4734 4737 4757 4759 4758 4752 4752 4755 4759 4710 4709 4724 4724 4727 4710 4742 4741 4760 4760 4761 4742 4763 4707 4706 4706 4762 4763 4640 4764 4765 4765 4641 4640 4767 4686 4684 4684 4766 4767 4701 4768 4769 4769 4653 4701 4772 4770 4687 4687 4771 4772 4691 4773 4774 4774 4700 4691 4776 4660 4675 4675 4775 4776 4650 4777 4778 4778 4651 4650 4780 4681 4680 4680 4779 4780 4646 4781 4782 4782 4647 4646 4784 4695 4694 4694 4783 4784 4672 4785 4786 4786 4678 4672 4788 4666 4670 4670 4787 4788 4717 4789 4783 4783 4694 4717 4791 4664 4667 4667 4790 4791 4703 4792 4793 4793 4716 4703 4794 4713 4707 4707 4763 4794 4654 4795 4764 
						4764 4640 4654 4771 4687 4686 4686 4767 4771 4700 4774 4768 4768 4701 4700 4775 4675 4674 4674 4796 4775 4651 4778 4773 4773 4691 4651 4795 4654 4797 4797 4798 4795 4713 4794 4777 4777 4650 4713 4766 4684 4681 4681 4780 4766 4653 4769 4781 4781 4646 4653 4762 4706 4695 4695 4784 4762 4641 4765 4785 4785 4672 4641 4790 4667 4666 4666 4788 4790 4716 4793 4789 4789 4717 4716 4800 4657 4656 4656 4799 4800 4647 4782 4801 4801 4697 4647 4805 4802 4803 4803 4804 4805 4711 4806 4807 4807 4751 4711 4811 4808 4809 4809 4810 4811 4723 4812 4813 4813 4736 4723 4817 4814 4815 4815 4816 4817 4737 4818 4819 4819 4757 4737 4823 4820 4821 4821 4822 4823 4727 4824 4825 4825 4710 4727 4827 4739 4731 4731 4826 4827 4831 4828 4829 4829 4830 4831 4833 4730 4733 4733 4832 4833 4837 4834 4835 4835 4836 4837 4839 4838 4836 4836 4835 4839 4755 4840 4841 4841 4759 4755 4845 4842 4843 4843 4844 4845 4743 4846 4847 4847 4754 4743 4848 4749 4739 4739 4827 4848 4850 4849 4828 
						4828 4831 4850 4816 4815 4820 4820 4823 4816 4726 4851 4824 4824 4727 4726 4810 4809 4814 4814 4817 4810 4736 4813 4818 4818 4737 4736 4849 4850 4808 4808 4811 4849 4722 4852 4812 4812 4723 4722 4822 4821 4802 4802 4805 4822 4710 4825 4806 4806 4711 4710 4826 4731 4730 4730 4833 4826 4830 4829 4834 4834 4837 4830 4844 4843 4838 4838 4839 4844 4754 4847 4840 4840 4755 4754 4804 4803 4853 4853 4854 4804 4761 4855 4856 4856 4742 4761 4713 4712 4704 4704 4707 4713 4860 4857 4858 4858 4859 4860 4864 4861 4862 4862 4863 4864 4868 4865 4866 4866 4867 4868 4870 4869 4857 4857 4860 4870 4874 4871 4872 4872 4873 4874 4878 4875 4876 4876 4877 4878 4882 4879 4880 4880 4881 4882 4863 4862 4883 4883 4884 4863 4886 4885 4869 4869 4870 4886 4890 4887 4888 4888 4889 4890 4894 4891 4892 4892 4893 4894 4898 4895 4896 4896 4897 4898 4900 4899 4891 4891 4894 4900 4904 4901 4902 4902 4903 4904 4908 4905 4906 4906 4907 4908 4912 4909 4910 4910 4911 4912 4889 4888 4913 
						4913 4914 4889 4742 4856 4846 4846 4743 4742 4854 4853 4842 4842 4845 4854 4697 4801 4792 4792 4703 4697 4799 4656 4664 4664 4791 4799 4893 4892 4915 4915 4916 4893 4716 4715 4702 4702 4703 4716 4668 4667 4664 4664 4665 4668 4637 4617 4601 4601 4639 4637 4617 4577 4587 4587 4601 4617 4577 4566 4573 4573 4587 4577 4566 4553 4551 4551 4573 4566 4553 4552 4550 4550 4551 4553 4920 4917 4918 4918 4919 4920 4924 4921 4922 4922 4923 4924 4928 4925 4926 4926 4927 4928 4932 4929 4930 4930 4931 4932 4936 4933 4934 4934 4935 4936 4927 4926 4937 4937 4938 4927 4942 4939 4940 4940 4941 4942 4946 4943 4944 4944 4945 4946 4948 4947 4917 4917 4920 4948 4945 4944 4949 4949 4950 4945 4931 4930 4933 4933 4936 4931 4954 4951 4952 4952 4953 4954 4950 4949 4951 4951 4954 4950 4923 4922 4955 4955 4956 4923 4935 4934 4957 4957 4958 4935 4941 4940 4921 4921 4924 4941 4938 4937 4947 4947 4948 4938 4960 4938 4948 4948 4959 4960 4964 4961 4962 4962 4963 4964 4966 4965 4899 
						4899 4900 4966 4881 4880 4967 4967 4968 4881 4897 4896 4887 4887 4890 4897 4970 4969 4861 4861 4864 4970 4911 4910 4885 4885 4886 4911 4907 4906 4895 4895 4898 4907 4877 4876 4909 4909 4912 4877 4884 4883 4905 4905 4908 4884 4972 4971 4965 4965 4966 4972 4914 4913 4871 4871 4874 4914 4859 4858 4879 4879 4882 4859 4873 4872 4973 4973 4974 4873 4916 4915 4875 4875 4878 4916 4974 4973 4961 4961 4964 4974 4978 4975 4976 4976 4977 4978 4963 4962 4979 4979 4980 4963 4980 4979 4969 4969 4970 4980 4984 4981 4982 4982 4983 4984 4988 4985 4986 4986 4987 4988 4746 4745 4989 4989 4990 4746 4994 4991 4992 4992 4993 4994 4998 4995 4996 4996 4997 4998 5002 4999 5000 5000 5001 5002 5006 5003 5004 5004 5005 5006 4987 4986 5007 5007 5008 4987 5005 5004 5009 5009 5010 5005 5012 5011 4744 4744 4747 5012 5016 5013 5014 5014 5015 5016 5018 5017 4999 4999 5002 5018 5010 5009 5011 5011 5012 5010 5020 5019 5013 5013 5016 5020 5008 5007 4995 4995 4998 5008 4993 4992 5021 
						5021 5022 4993 5024 5023 4991 4991 4994 5024 5028 5025 5026 5026 5027 5028 5032 5029 5030 5030 5031 5032 5036 5033 5034 5034 5035 5036 5040 5037 5038 5038 5039 5040 5039 5038 4981 4981 4984 5039 5042 5041 5033 5033 5036 5042 4983 4982 5043 5043 5044 4983 5025 5045 5046 5046 5026 5025 5048 5047 5041 5041 5042 5048 5052 5049 5050 5050 5051 5052 5026 5046 5049 5049 5052 5026 5056 5053 5054 5054 5055 5056 5055 5054 5057 5057 5058 5055 5058 5057 5029 5029 5032 5058 5060 5059 5047 5047 5048 5060 5031 5030 5061 5061 5062 5031 5064 5063 5045 5045 5025 5064 5068 5065 5066 5066 5067 5068 5070 5048 5042 5042 5069 5070 5072 5052 5051 5051 5071 5072 5027 5026 5052 5052 5072 5027 5074 5056 5055 5055 5073 5074 5073 5055 5058 5058 5065 5073 5065 5058 5032 5032 5066 5065 5075 5060 5048 5048 5070 5075 5077 5031 5062 5062 5076 5077 5078 5064 5025 5025 5028 5078 5080 4984 4983 4983 5079 5080 5066 5032 5031 5031 5077 5066 5082 5036 5035 5035 5081 5082 5084 5040 5039 
						5039 5083 5084 5083 5039 4984 4984 5080 5083 5069 5042 5036 5036 5082 5069 5079 4983 5044 5044 5085 5079 5089 5086 5087 5087 5088 5089 5091 5075 5070 5070 5090 5091 5093 5077 5076 5076 5092 5093 5095 5078 5028 5028 5094 5095 5087 5080 5079 5079 5096 5087 5067 5066 5077 5077 5093 5067 5098 5082 5081 5081 5097 5098 5099 5084 5083 5083 5086 5099 5086 5083 5080 5080 5087 5086 5100 5069 5082 5082 5098 5100 5096 5079 5085 5085 5101 5096 5094 5028 5027 5027 5102 5094 5090 5070 5069 5069 5100 5090 5104 5072 5071 5071 5103 5104 5102 5027 5072 5072 5104 5102 5106 5074 5073 5073 5105 5106 5105 5073 5065 5065 5068 5105 5108 5100 5098 5098 5107 5108 5110 5096 5101 5101 5109 5110 5112 5094 5102 5102 5111 5112 5113 5090 5100 5100 5108 5113 5115 5104 5103 5103 5114 5115 5111 5102 5104 5104 5115 5111 5117 5106 5105 5105 5116 5117 5116 5105 5068 5068 5118 5116 5118 5068 5067 5067 5119 5118 5120 5091 5090 5090 5113 5120 5122 5093 5092 5092 5121 5122 5123 5095 5094 
						5094 5112 5123 5088 5087 5096 5096 5110 5088 5119 5067 5093 5093 5122 5119 5107 5098 5097 5097 5124 5107 5125 5099 5086 5086 5089 5125 5129 5126 5127 5127 5128 5129 5133 5130 5131 5131 5132 5133 5137 5134 5135 5135 5136 5137 5141 5138 5139 5139 5140 5141 5132 5131 5142 5142 5143 5132 5147 5144 5145 5145 5146 5147 5149 5148 5144 5144 5147 5149 5143 5142 5148 5148 5149 5143 5153 5150 5151 5151 5152 5153 5146 5145 5138 5138 5141 5146 5140 5139 5134 5134 5137 5140 5152 5151 5154 5154 5155 5152 5155 5154 5130 5130 5133 5155 5157 5156 5150 5150 5153 5157 5159 5158 5156 5156 5157 5159 5128 5127 5158 5158 5159 5128 5136 5135 5126 5126 5129 5136 5163 5160 5161 5161 5162 5163 5167 5164 5165 5165 5166 5167 5171 5168 5169 5169 5170 5171 5170 5169 5172 5172 5173 5170 5173 5172 5174 5174 5175 5173 5179 5176 5177 5177 5178 5179 5183 5180 5181 5181 5182 5183 5187 5184 5185 5185 5186 5187 5191 5188 5189 5189 5190 5191 5175 5174 5180 5180 5183 5175 5195 5192 5193 
						5193 5194 5195 5199 5196 5197 5197 5198 5199 5198 5197 5188 5188 5191 5198 5201 5200 5192 5192 5195 5201 5190 5189 5202 5202 5203 5190 5186 5185 5160 5160 5163 5186 5178 5177 5200 5200 5201 5178 5162 5161 5204 5204 5205 5162 5209 5206 5207 5207 5208 5209 5166 5165 5210 5210 5211 5166 5211 5210 5212 5212 5213 5211 5217 5214 5215 5215 5216 5217 5221 5218 5219 5219 5220 5221 5225 5222 5223 5223 5224 5225 5229 5226 5227 5227 5228 5229 5213 5212 5218 5218 5221 5213 5233 5230 5231 5231 5232 5233 5232 5231 5234 5234 5235 5232 5235 5234 5226 5226 5229 5235 5239 5236 5237 5237 5238 5239 5228 5227 5222 5222 5225 5228 5243 5240 5241 5241 5242 5243 5216 5215 5244 5244 5245 5216 5249 5246 5247 5247 5248 5249 5242 5241 5246 5246 5249 5242 5253 5250 5251 5251 5252 5253 5257 5254 5255 5255 5256 5257 5256 5255 5258 5258 5259 5256 5261 5260 5206 5206 5209 5261 5250 5262 5263 5263 5251 5250 5267 5264 5265 5265 5266 5267 5269 5268 5260 5260 5261 5269 5273 5270 5271 
						5271 5272 5273 5266 5265 5270 5270 5273 5266 5277 5274 5275 5275 5276 5277 5276 5275 5278 5278 5279 5276 5279 5278 5280 5280 5281 5279 5283 5282 5268 5268 5269 5283 5287 5284 5285 5285 5286 5287 5289 5288 5264 5264 5267 5289 5259 5258 5262 5262 5250 5259 5281 5280 5284 5284 5287 5281 5293 5290 5291 5291 5292 5293 5295 5267 5266 5266 5294 5295 5297 5269 5261 5261 5296 5297 5299 5273 5272 5272 5298 5299 5294 5266 5273 5273 5299 5294 5301 5277 5276 5276 5300 5301 5300 5276 5279 5279 5302 5300 5302 5279 5281 5281 5303 5302 5304 5283 5269 5269 5297 5304 5306 5287 5286 5286 5305 5306 5307 5289 5267 5267 5295 5307 5308 5259 5250 5250 5253 5308 5303 5281 5287 5287 5306 5303 5310 5209 5208 5208 5309 5310 5312 5257 5256 5256 5311 5312 5311 5256 5259 5259 5308 5311 5296 5261 5209 5209 5310 5296 5316 5313 5314 5314 5315 5316 5320 5317 5318 5318 5319 5320 5324 5321 5322 5322 5323 5324 5328 5325 5326 5326 5327 5328 5332 5329 5330 5330 5331 5332 5336 5333 5334 
						5334 5335 5336 5338 5337 5333 5333 5336 5338 5342 5339 5340 5340 5341 5342 5331 5330 5343 5343 5344 5331 5323 5322 5325 5325 5328 5323 5319 5318 5321 5321 5324 5319 5344 5343 5317 5317 5320 5344 5327 5326 5313 5313 5316 5327 5335 5334 5329 5329 5332 5335 5341 5340 5337 5337 5338 5341 5315 5314 5345 5345 5346 5315 5346 5345 5339 5339 5342 5346 5350 5347 5348 5348 5349 5350 5354 5351 5352 5352 5353 5354 5358 5355 5356 5356 5357 5358 5360 5359 5355 5355 5358 5360 5362 5361 5359 5359 5360 5362 5366 5363 5364 5364 5365 5366 5368 5367 5361 5361 5362 5368 5292 5291 5363 5363 5366 5292 5372 5369 5370 5370 5371 5372 5374 5373 5290 5290 5293 5374 5365 5364 5351 5351 5354 5365 5376 5375 5373 5373 5374 5376 5371 5370 5375 5375 5376 5371 5357 5356 5377 5377 5378 5357 5353 5352 5367 5367 5368 5353 5382 5379 5380 5380 5381 5382 5386 5383 5384 5384 5385 5386 5390 5387 5388 5388 5389 5390 5394 5391 5392 5392 5393 5394 5398 5395 5396 5396 5397 5398 5402 5399 5400 
						5400 5401 5402 5406 5403 5404 5404 5405 5406 5408 5407 5395 5395 5398 5408 5393 5392 5409 5409 5410 5393 5389 5388 5383 5383 5386 5389 5385 5384 5411 5411 5412 5385 5381 5380 5391 5391 5394 5381 5397 5396 5399 5399 5402 5397 5405 5404 5413 5413 5414 5405 5418 5415 5416 5416 5417 5418 5414 5413 5419 5414 5419 5415 5415 5418 5414 5423 5420 5421 5421 5422 5423 5427 5424 5425 5425 5426 5427 5431 5428 5429 5429 5430 5431 5426 5425 5432 5432 5433 5426 5435 5434 5424 5424 5427 5435 5439 5436 5437 5437 5438 5439 5441 5440 5428 5428 5431 5441 5438 5437 5440 5440 5441 5438 5349 5348 5442 5442 5443 5349 5433 5432 5444 5444 5445 5433 5461 5446 5447 5461 5447 5448 5461 5448 5449 5461 5449 5450 5461 5450 5451 5461 5451 5452 5461 5452 5453 5461 5453 5454 5461 5454 5455 5461 5455 5456 5461 5456 5457 5461 5457 5458 5461 5458 5459 5459 5460 5461 5422 5421 5462 5462 5463 5422 5443 5442 5464 5464 5465 5443 5467 5466 5347 5347 5350 5467 5463 5462 5468 5468 5469 5463 
						5471 5446 5461 5461 5470 5471 5423 5472 5473 5473 5474 5423 5476 5452 5451 5451 5475 5476 5443 5477 5478 5478 5349 5443 5480 5450 5449 5449 5479 5480 5350 5481 5482 5482 5467 5350 5484 5448 5447 5447 5483 5484 5463 5485 5486 5486 5422 5463 5488 5455 5454 5454 5487 5488 5426 5489 5490 5490 5427 5426 5492 5457 5456 5456 5491 5492 5445 5493 5494 5494 5433 5445 5495 5458 5457 5457 5492 5495 5438 5496 5497 5497 5439 5438 5487 5454 5453 5453 5498 5487 5427 5490 5499 5499 5435 5427 5479 5449 5448 5448 5484 5479 5469 5500 5485 5485 5463 5469 5475 5451 5450 5450 5480 5475 5349 5478 5481 5481 5350 5349 5498 5453 5452 5452 5476 5498 5465 5501 5477 5477 5443 5465 5483 5447 5446 5446 5471 5483 5422 5486 5472 5472 5423 5422 5491 5456 5455 5455 5488 5491 5433 5494 5489 5489 5426 5433 5502 5459 5458 5458 5495 5502 5441 5503 5496 5496 5438 5441 5470 5461 5460 5460 5504 5470 5430 5505 5506 5506 5431 5430 5510 5507 5508 5508 5509 5510 5431 5506 5503 5503 5441 5431 
						5474 5511 5420 5420 5423 5474 5513 5378 5372 5372 5512 5513 5381 5514 5515 5515 5382 5381 5519 5516 5517 5517 5518 5519 5385 5520 5521 5521 5386 5385 5523 5362 5360 5360 5522 5523 5389 5524 5525 5525 5390 5389 5527 5358 5357 5357 5526 5527 5393 5528 5529 5529 5394 5393 5531 5366 5365 5365 5530 5531 5397 5532 5533 5533 5398 5397 5535 5293 5292 5292 5534 5535 5401 5536 5537 5537 5402 5401 5538 5374 5293 5293 5535 5538 5405 5539 5540 5540 5406 5405 5530 5365 5354 5354 5541 5530 5398 5533 5542 5542 5408 5398 5522 5360 5358 5358 5527 5522 5410 5543 5528 5528 5393 5410 5544 5368 5362 5362 5523 5544 5386 5521 5524 5524 5389 5386 5541 5354 5353 5353 5545 5541 5412 5546 5520 5520 5385 5412 5526 5357 5378 5378 5513 5526 5394 5529 5514 5514 5381 5394 5534 5292 5366 5366 5531 5534 5402 5537 5532 5532 5397 5402 5547 5376 5374 5374 5538 5547 5414 5548 5539 5539 5405 5414 5512 5372 5371 5371 5549 5512 5417 5550 5551 5551 5418 5417 5549 5371 5376 5376 5547 5549 
						5418 5551 5548 5548 5414 5418 5378 5377 5369 5369 5372 5378 
					</p>
				</polylist>
			</mesh>
		</geometry>
	</library_geometries>
	<library_visual_scenes>
		<visual_scene id="RootNode" name="RootNode">
			<node id="Cube" name="Cube">
				<matrix>100.000000 0.000000 0.000000 0.000000 0.000000 -0.000016 100.000000 228.338699 0.000000 -100.000000 -0.000016 0.000000 0.000000 0.000000 0.000000 1.000000</matrix>
				<instance_geometry url="#meshId0">
					<bind_material>
						<technique_common>
							<instance_material symbol="defaultMaterial" target="#DefaultMaterial" />
						</technique_common>
					</bind_material>
				</instance_geometry>
			</node>
		</visual_scene>
	</library_visual_scenes>
	<scene>
		<instance_visual_scene url="#RootNode" />
	</scene>
</COLLADA>
